country_iso3,country_label,isco_2_code,isco_2_label,isco_3_code,isco_3_label,isco_4_code,isco_4_label,n_occupations,avg_green_share,avg_share_digital,avg_share_transversal,top_essential_skills,employment_year_first,employment_thousands_first,employment_year_last,employment_thousands_last,employment_pct_change,earnings_year_first,earnings_value_first,earnings_year_last,earnings_value_last,earnings_pct_change,is_isco2_anchor
BGD,Bangladesh,01,Commissioned armed forces officers,011,Commissioned armed forces officers,0110,Commissioned armed forces officers,12,0.00575396825396825,0.03869047619047619,0,military weaponry; devise military tactics; military combat techniques; ensure public safety and security; maintain operational communications; military drill; defend human rights; lead military troops; military code; ensure compliance with types of weapons,2017,10.389,2024,3.995,-0.615458658196169,2013,15128.982,2024,28908.242,0.9107856695182794,TRUE
BGD,Bangladesh,02,Non-commissioned armed forces officers,021,Non-commissioned armed forces officers,0210,Non-commissioned armed forces officers,4,0,0.08939393939393939,0,lead military troops; military weaponry; ensure compliance with types of weapons; identify security threats; manage troop deployment; military code; military combat techniques; military drill; assess danger in risk areas; devise military tactics,2017,31.168,2024,111.585,2.580114219712526,2013,15128.982,2024,28908.242,0.9107856695182794,TRUE
BGD,Bangladesh,03,"Armed forces occupations, other ranks",031,"Armed forces occupations, other ranks",0310,"Armed forces occupations, other ranks",5,0.00166666666666666,0.1456892230576441,0,use different communication channels; handle surveillance equipment; surveillance methods; air force operations; collect real-time geolocation information; ensure compliance with types of weapons; geographic information systems; maintain operational communications; military drill; operate radar equipment,2017,109.982,2022,1.923,-0.98251532068884,2013,15128.982,2024,28908.242,0.9107856695182794,TRUE
BGD,Bangladesh,11,"Chief executives, senior officials and legislators",111,Legislators and senior officials,1111,Legislators,7,0.0042016806722689,0.01020408163265306,0,good governance; government policy implementation; analyse legislation; legislation procedure; perform political negotiation; constitutional law; manage government policy implementation; prepare legislation proposition; present legislation proposition; engage in debates,2017,111.032,2024,118.666,0.06875495352691116,2013,19871.118,2024,37690.279,0.8967367110396106,TRUE
BGD,Bangladesh,11,"Chief executives, senior officials and legislators",111,Legislators and senior officials,1112,Senior government officials,9,0.0042016806722689,0.00854700854700855,0,government policy implementation; maintain relationships with government agencies; foreign affairs; represent national interests; assess risk factors; coordinate government activities in foreign institutions; create solutions to problems; develop professional network; diplomatic principles; foreign languages for international careers,2017,111.032,2024,118.666,0.06875495352691116,2013,19871.118,2024,37690.279,0.8967367110396106,FALSE
BGD,Bangladesh,11,"Chief executives, senior officials and legislators",111,Legislators and senior officials,1114,Senior officials of special-interest organisations,1,0.0042016806722689,0,0,advise on drafting policies; advise on legislative acts; analyse issues; budgetary principles; communicate with media; communication principles; conduct public presentations; create solutions to problems; deal with pressure from unexpected circumstances; develop professional network,2017,111.032,2024,118.666,0.06875495352691116,2013,19871.118,2024,37690.279,0.8967367110396106,FALSE
BGD,Bangladesh,11,"Chief executives, senior officials and legislators",112,Managing directors and chief executives,1120,Managing directors and chief executives,6,0.0500265816055289,0.012820512820512822,0,manage budgets; analyse business plans; apply strategic thinking; assume responsibility for the management of a business; business process modelling; company policies; conclude business agreements; develop professional network; establish collaborative relations; financial statements,2017,111.032,2024,118.666,0.06875495352691116,2013,19871.118,2024,37690.279,0.8967367110396106,FALSE
BGD,Bangladesh,12,Administrative and commercial managers,121,Business services and administration managers,1211,Finance managers,5,0.0823875829937813,0,0,analyse market financial trends; create a financial plan; evaluate budgets; financial analysis; financial statements; manage budgets; analyse financial performance of a company; enforce financial policies; financial department processes; financial management,2017,292.909,2024,179.184,-0.38826051777173115,2013,19871.118,2024,37690.279,0.8967367110396106,TRUE
BGD,Bangladesh,12,Administrative and commercial managers,121,Business services and administration managers,1212,Human resource managers,6,0.0823875829937813,0.050333656701061234,0,human resources department processes; apply company policies; comply with legal regulations; coordinate operational activities; develop employee retention programs; develop training programmes; evaluate training; give constructive feedback; human resource management; identify necessary human resources,2017,292.909,2024,179.184,-0.38826051777173115,2013,19871.118,2024,37690.279,0.8967367110396106,FALSE
BGD,Bangladesh,12,Administrative and commercial managers,121,Business services and administration managers,1213,Policy and planning managers,13,0.0823875829937813,0.08079466536913346,0,corporate social responsibility; liaise with managers; strategic planning; develop company strategies; ensure compliance with policies; integrate strategic foundation in daily performance; manage staff; abide by business ethical code of conducts; business analysis; company policies,2017,292.909,2024,179.184,-0.38826051777173115,2013,19871.118,2024,37690.279,0.8967367110396106,FALSE
BGD,Bangladesh,12,Administrative and commercial managers,121,Business services and administration managers,1219,Business services and administration managers not elsewhere classified,14,0.0823875829937813,0.021804568570723305,0,follow company standards; liaise with managers; manage budgets; manage staff; strive for company growth; ensure equipment availability; manage supplies; adhere to organisational guidelines; corporate social responsibility; ensure equipment maintenance,2017,292.909,2024,179.184,-0.38826051777173115,2013,19871.118,2024,37690.279,0.8967367110396106,FALSE
BGD,Bangladesh,12,Administrative and commercial managers,122,"Sales, marketing and development managers",1221,Sales and marketing managers,16,0.0296640356338618,0.0976151496092706,0,perform market research; align efforts towards business development; analyse consumer buying trends; build business relationships; corporate social responsibility; create annual marketing budget; define measurable marketing objectives; integrate marketing strategies with the global strategy; plan marketing campaigns; analyse external factors of companies,2017,292.909,2024,179.184,-0.38826051777173115,2013,19871.118,2024,37690.279,0.8967367110396106,FALSE
BGD,Bangladesh,12,Administrative and commercial managers,122,"Sales, marketing and development managers",1222,Advertising and public relations managers,3,0.0296640356338618,0.03030303030303031,0,advise on public image; analyse external factors of companies; communication principles; corporate social responsibility; develop communications strategies; develop public relations strategies; diplomatic principles; forming of public opinion; integrate strategic foundation in daily performance; market research,2017,292.909,2024,179.184,-0.38826051777173115,2013,19871.118,2024,37690.279,0.8967367110396106,FALSE
BGD,Bangladesh,12,Administrative and commercial managers,122,"Sales, marketing and development managers",1223,Research and development managers,12,0.0296640356338618,0.05597739451906118,0,manage budgets; manage staff; develop new products; distinguish accessories; distinguish fabrics; industrial research and development; innovation processes; market research; perform market research; plan product management,2017,292.909,2024,179.184,-0.38826051777173115,2013,19871.118,2024,37690.279,0.8967367110396106,FALSE
BGD,Bangladesh,13,Production and specialised services managers,131,"Production managers in agriculture, forestry and fisheries",1311,Agricultural and forestry production managers,1,0.15848987962194622,0,0,agronomy; animal welfare legislation; conserve forests; de-limb trees; environmental legislation; environmental policy; forestry regulations; health and safety regulations; manage forests; monitor forest health,2017,466.048,2024,395.996,-0.1503106976105466,2013,19871.118,2024,37690.279,0.8967367110396106,TRUE
BGD,Bangladesh,13,Production and specialised services managers,131,"Production managers in agriculture, forestry and fisheries",1312,Aquaculture and fisheries production managers,3,0.15848987962194622,0.017094017094017092,0,animal welfare legislation; biosecurity; control aquatic production environment; develop stock health programmes; ensure aquaculture personnel health and safety; fish biology; fish grading; fish harvesting methods; fishing industry; aquaculture production planning software,2017,466.048,2024,395.996,-0.1503106976105466,2013,19871.118,2024,37690.279,0.8967367110396106,FALSE
BGD,Bangladesh,13,Production and specialised services managers,132,"Manufacturing, mining, construction, and distribution managers",1321,Manufacturing managers,21,0.0458292831389648,0.032473638770021615,0,manage staff; use IT tools; health and safety in the workplace; manage supplies; meet deadlines; use communication techniques; follow company standards; manage budgets; adhere to organisational guidelines; create manufacturing guidelines,2017,466.048,2024,395.996,-0.1503106976105466,2013,19871.118,2024,37690.279,0.8967367110396106,FALSE
BGD,Bangladesh,13,Production and specialised services managers,132,"Manufacturing, mining, construction, and distribution managers",1322,Mining managers,4,0.0458292831389648,0.011363636363636364,0,ensure compliance with safety legislation; identify process improvements; manage emergency procedures; address problems critically; deal with pressure from unexpected circumstances; impact of geological factors on mining operations; manage staff; mine safety legislation; mining engineering; monitor mine production,2017,466.048,2024,395.996,-0.1503106976105466,2013,19871.118,2024,37690.279,0.8967367110396106,FALSE
BGD,Bangladesh,13,Production and specialised services managers,132,"Manufacturing, mining, construction, and distribution managers",1323,Construction managers,3,0.0458292831389648,0,0,manage contracts; audit contractors; budgetary principles; check construction compliance; construction product regulation; contract law; ensure compliance with legal requirements; follow health and safety procedures in construction; green building practices; keep records of work progress,2017,466.048,2024,395.996,-0.1503106976105466,2013,19871.118,2024,37690.279,0.8967367110396106,FALSE
BGD,Bangladesh,13,Production and specialised services managers,132,"Manufacturing, mining, construction, and distribution managers",1324,"Supply, distribution and related managers",90,0.0458292831389648,0.04609737039192383,0,create solutions to problems; have computer literacy; ensure customs compliance; perform financial risk management in international trade; manage staff; supply chain management; analyse supply chain trends; maintain financial records; comprehend financial business terminology; control trade commercial documentation,2017,466.048,2024,395.996,-0.1503106976105466,2013,19871.118,2024,37690.279,0.8967367110396106,FALSE
BGD,Bangladesh,13,Production and specialised services managers,133,Information and communications technology service managers,1330,Information and communications technology service managers,13,0.02973484848484849,0.43397656588556077,0,define technology strategy; manage budgets; ICT market; ICT project management; ICT project management methodologies; decision support systems; monitor technology trends; attack vectors; business processes; coordinate technological activities,2017,466.048,2024,395.996,-0.1503106976105466,2013,19871.118,2024,37690.279,0.8967367110396106,FALSE
BGD,Bangladesh,13,Production and specialised services managers,134,Professional services managers,1341,Child care services managers,3,0.02840907547154232,0,0,implement care programmes for children; apply organisational techniques; child protection; contribute to the safeguarding of children; determine child welfare; manage staff; promote inclusion; promote the safeguarding of young people; support children's wellbeing; accept own accountability,2017,466.048,2024,395.996,-0.1503106976105466,2013,19871.118,2024,37690.279,0.8967367110396106,FALSE
BGD,Bangladesh,13,Production and specialised services managers,134,Professional services managers,1342,Health services managers,2,0.02840907547154232,0.10714285714285714,0,communicate in healthcare; contribute to public health campaigns; adhere to organisational guidelines; advise policy makers in healthcare; analyse goal progress; analyse large-scale data in healthcare; apply good clinical practices; apply organisational techniques; budgetary principles; clinical reports,2017,466.048,2024,395.996,-0.1503106976105466,2013,19871.118,2024,37690.279,0.8967367110396106,FALSE
BGD,Bangladesh,13,Production and specialised services managers,134,Professional services managers,1343,Aged care services managers,1,0.02840907547154232,0,0,address problems critically; adhere to organisational guidelines; advocate for others; advocate for social service users; analyse community needs; apply decision making within social work; apply holistic approach within social services; apply quality standards in social services; apply socially just working principles; budgetary principles,2017,466.048,2024,395.996,-0.1503106976105466,2013,19871.118,2024,37690.279,0.8967367110396106,FALSE
BGD,Bangladesh,13,Production and specialised services managers,134,Professional services managers,1344,Social welfare managers,4,0.02840907547154232,0,0,analyse community needs; accept own accountability; adhere to organisational guidelines; adolescent psychological development; advocate for others; advocate for social service users; apply decision making within social work; apply holistic approach within social services; apply quality standards in social services; apply socially just working principles,2017,466.048,2024,395.996,-0.1503106976105466,2013,19871.118,2024,37690.279,0.8967367110396106,FALSE
BGD,Bangladesh,13,Production and specialised services managers,134,Professional services managers,1345,Education managers,11,0.02840907547154232,0.01112523839796567,0,cooperate with education professionals; curriculum standards; curriculum objectives; assist in the organisation of school events; present reports; project management; write work-related reports; guarantee students' safety; education law; monitor educational developments,2017,466.048,2024,395.996,-0.1503106976105466,2013,19871.118,2024,37690.279,0.8967367110396106,FALSE
BGD,Bangladesh,13,Production and specialised services managers,134,Professional services managers,1346,Financial and insurance services branch managers,6,0.02840907547154232,0,0,advise on financial matters; analyse market financial trends; corporate social responsibility; enforce financial policies; financial analysis; financial management; financial statements; follow company standards; liaise with managers; manage staff,2017,466.048,2024,395.996,-0.1503106976105466,2013,19871.118,2024,37690.279,0.8967367110396106,FALSE
BGD,Bangladesh,13,Production and specialised services managers,134,Professional services managers,1349,Professional services managers not elsewhere classified,24,0.02840907547154232,0.07749522085434357,0,manage staff; manage budgets; corporate social responsibility; write work-related reports; build business relationships; lead a team; liaise with colleagues; liaise with managers; perform project management; project management,2017,466.048,2024,395.996,-0.1503106976105466,2013,19871.118,2024,37690.279,0.8967367110396106,FALSE
BGD,Bangladesh,14,"Hospitality, retail and other services managers",141,Hotel and restaurant managers,1411,Hotel managers,3,0.1104797979797975,0.03333333333333334,0,manage health and safety standards; manage staff; assist at check-in; comply with food safety and hygiene; create solutions to problems; handle customer complaints; implement marketing strategies; implement sales strategies; maintain customer service; manage budgets,2017,125.951,2024,214.362,0.7019475827901327,2013,19871.118,2024,37690.279,0.8967367110396106,TRUE
BGD,Bangladesh,14,"Hospitality, retail and other services managers",141,Hotel and restaurant managers,1412,Restaurant managers,1,0.1104797979797975,0.02777777777777777,0,arrange special events; comply with food safety and hygiene; control of expenses; design indicators for food waste reduction; develop food waste reduction strategies; develop inclusive communication material; devise special promotions; ensure infrastructure accessibility; ensure maintenance of kitchen equipment; ensure portion control,2017,125.951,2024,214.362,0.7019475827901327,2013,19871.118,2024,37690.279,0.8967367110396106,FALSE
BGD,Bangladesh,14,"Hospitality, retail and other services managers",142,Retail and wholesale trade managers,1420,Retail and wholesale trade managers,49,0.00760558850529628,0.015131717819486476,0,manage budgets; ensure compliance with purchasing and contracting regulations; manage staff; maximise sales revenues; monitor customer service; employment law; maintain relationship with customers; maintain relationship with suppliers; set sales goals; manage theft prevention,2017,125.951,2024,214.362,0.7019475827901327,2013,19871.118,2024,37690.279,0.8967367110396106,FALSE
BGD,Bangladesh,14,"Hospitality, retail and other services managers",143,Other services managers,1431,"Sports, recreation and cultural centre managers",11,0.036908998006956,0.006743256743256742,0,manage budgets; follow company standards; manage staff; manage supplies; supervise daily information operations; corporate social responsibility; establish daily priorities; liaise with local authorities; represent the organisation; set organisational policies,2017,125.951,2024,214.362,0.7019475827901327,2013,19871.118,2024,37690.279,0.8967367110396106,FALSE
BGD,Bangladesh,14,"Hospitality, retail and other services managers",143,Other services managers,1439,Services managers not elsewhere classified,8,0.036908998006956,0.031187996031746032,0,manage staff; create solutions to problems; manage budgets; comply with food safety and hygiene; corporate social responsibility; customer relationship management; follow company standards; identify customer's needs; measure customer feedback; recruit employees,2017,125.951,2024,214.362,0.7019475827901327,2013,19871.118,2024,37690.279,0.8967367110396106,FALSE
BGD,Bangladesh,21,Science and engineering professionals,211,Physical and earth science professionals,2111,Physicists and astronomers,3,0.09957203274837712,0.13669978922011441,0,apply for research funding; apply research ethics and scientific integrity principles in research activities; apply scientific methods; communicate with a non-scientific audience; conduct research across disciplines; demonstrate disciplinary expertise; develop professional network with researchers and scientists; disseminate results to the scientific community; draft scientific or academic papers and technical documentation; evaluate research activities,2017,158.503,2024,178.452,0.1258588165523682,2013,16240.946,2024,23052.79,0.4194240901977016,TRUE
BGD,Bangladesh,21,Science and engineering professionals,211,Physical and earth science professionals,2112,Meteorologists,5,0.09957203274837712,0.17163419913419914,0,analyse weather forecast; carry out meteorological research; conduct research across disciplines; meteorology; perform scientific research; review meteorological forecast data; use meteorological tools to forecast meteorological conditions; use specialised computer models for weather forecasting; apply for research funding; apply research ethics and scientific integrity principles in research activities,2017,158.503,2024,178.452,0.1258588165523682,2013,16240.946,2024,23052.79,0.4194240901977016,FALSE
BGD,Bangladesh,21,Science and engineering professionals,211,Physical and earth science professionals,2113,Chemists,8,0.09957203274837712,0.06275045443278526,0,analytical chemistry; use chemical analysis equipment; apply for research funding; apply research ethics and scientific integrity principles in research activities; calibrate laboratory equipment; chemistry; communicate with a non-scientific audience; conduct research across disciplines; demonstrate disciplinary expertise; develop professional network with researchers and scientists,2017,158.503,2024,178.452,0.1258588165523682,2013,16240.946,2024,23052.79,0.4194240901977016,FALSE
BGD,Bangladesh,21,Science and engineering professionals,211,Physical and earth science professionals,2114,Geologists and geophysicists,13,0.09957203274837712,0.11710905276464373,0,geology; apply for research funding; apply research ethics and scientific integrity principles in research activities; apply scientific methods; communicate with a non-scientific audience; conduct research across disciplines; demonstrate disciplinary expertise; develop professional network with researchers and scientists; disseminate results to the scientific community; draft scientific or academic papers and technical documentation,2017,158.503,2024,178.452,0.1258588165523682,2013,16240.946,2024,23052.79,0.4194240901977016,FALSE
BGD,Bangladesh,21,Science and engineering professionals,212,"Mathematicians, actuaries and statisticians",2120,"Mathematicians, actuaries and statisticians",7,0.00418909001956947,0.20419642179040673,0,mathematics; statistics; apply for research funding; apply research ethics and scientific integrity principles in research activities; apply statistical analysis techniques; communicate with a non-scientific audience; conduct research across disciplines; demonstrate disciplinary expertise; develop professional network with researchers and scientists; disseminate results to the scientific community,2017,158.503,2024,178.452,0.1258588165523682,2013,16240.946,2024,23052.79,0.4194240901977016,FALSE
BGD,Bangladesh,21,Science and engineering professionals,213,Life science professionals,2131,"Biologists, botanists, zoologists and related professionals",19,0.25118104817894576,0.07472634046047208,0,manage personal professional development; perform scientific research; apply for research funding; apply research ethics and scientific integrity principles in research activities; apply scientific methods; biology; communicate with a non-scientific audience; conduct research across disciplines; demonstrate disciplinary expertise; develop professional network with researchers and scientists,2017,158.503,2024,178.452,0.1258588165523682,2013,16240.946,2024,23052.79,0.4194240901977016,FALSE
BGD,Bangladesh,21,Science and engineering professionals,213,Life science professionals,2132,"Farming, forestry and fisheries advisers",6,0.25118104817894576,0.03467599645819498,0,environmental legislation; advise on soil and water protection; agroecology; agronomy; consultation methods; crop production principles; cultivate crops for biomass; environmental legislation in agriculture and forestry; fish biology; fish identification and classification,2017,158.503,2024,178.452,0.1258588165523682,2013,16240.946,2024,23052.79,0.4194240901977016,FALSE
BGD,Bangladesh,21,Science and engineering professionals,213,Life science professionals,2133,Environmental protection professionals,15,0.25118104817894576,0.05768672336034766,0,environmental legislation; analyse environmental data; develop environmental policy; habitat restoration; assess environmental impact; ecology; environmental policy; report on environmental issues; write work-related reports; advise on nature conservation,2017,158.503,2024,178.452,0.1258588165523682,2013,16240.946,2024,23052.79,0.4194240901977016,FALSE
BGD,Bangladesh,21,Science and engineering professionals,214,Engineering professionals (excluding electrotechnology),2141,Industrial and production engineers,15,0.11661932326479588,0.07704497354497354,0,engineering principles; engineering processes; manufacturing processes; production processes; adjust engineering designs; approve engineering design; industrial engineering; technical drawings; use technical drawing software; perform scientific research,2017,158.503,2024,178.452,0.1258588165523682,2013,16240.946,2024,23052.79,0.4194240901977016,FALSE
BGD,Bangladesh,21,Science and engineering professionals,214,Engineering professionals (excluding electrotechnology),2142,Civil engineers,11,0.11661932326479588,0.10739753176547726,0,engineering principles; technical drawings; approve engineering design; use technical drawing software; adjust engineering designs; engineering processes; ensure compliance with safety legislation; execute feasibility study; perform scientific research; civil engineering,2017,158.503,2024,178.452,0.1258588165523682,2013,16240.946,2024,23052.79,0.4194240901977016,FALSE
BGD,Bangladesh,21,Science and engineering professionals,214,Engineering professionals (excluding electrotechnology),2143,Environmental engineers,6,0.11661932326479588,0.08988756341697518,0,adjust engineering designs; approve engineering design; engineering principles; engineering processes; environmental legislation; perform scientific research; technical drawings; use technical drawing software; assess environmental impact; carry out environmental audits,2017,158.503,2024,178.452,0.1258588165523682,2013,16240.946,2024,23052.79,0.4194240901977016,FALSE
BGD,Bangladesh,21,Science and engineering professionals,214,Engineering professionals (excluding electrotechnology),2144,Mechanical engineers,26,0.11661932326479588,0.17464855559617573,0,engineering principles; use technical drawing software; adjust engineering designs; engineering processes; approve engineering design; perform scientific research; technical drawings; mechanical engineering; mechanics; mathematics,2017,158.503,2024,178.452,0.1258588165523682,2013,16240.946,2024,23052.79,0.4194240901977016,FALSE
BGD,Bangladesh,21,Science and engineering professionals,214,Engineering professionals (excluding electrotechnology),2145,Chemical engineers,12,0.11661932326479588,0.03477067917707188,0,adjust engineering designs; engineering principles; engineering processes; perform scientific research; approve engineering design; analyse samples of food and beverages; analytical chemistry; apply GMP; apply HACCP; apply requirements concerning manufacturing of food and beverages,2017,158.503,2024,178.452,0.1258588165523682,2013,16240.946,2024,23052.79,0.4194240901977016,FALSE
BGD,Bangladesh,21,Science and engineering professionals,214,Engineering professionals (excluding electrotechnology),2146,"Mining engineers, metallurgists and related professionals",13,0.11661932326479588,0.015695714541868386,0,prepare scientific reports; address problems critically; geology; troubleshoot; supervise staff; chemistry; ensure compliance with safety legislation; impact of geological factors on mining operations; metal and metal ore products; alloys of precious metals,2017,158.503,2024,178.452,0.1258588165523682,2013,16240.946,2024,23052.79,0.4194240901977016,FALSE
BGD,Bangladesh,21,Science and engineering professionals,214,Engineering professionals (excluding electrotechnology),2149,Engineering professionals not elsewhere classified,41,0.11661932326479588,0.1436695863363957,0,engineering principles; engineering processes; perform scientific research; adjust engineering designs; approve engineering design; technical drawings; use technical drawing software; manage engineering project; perform project management; analyse test data,2017,158.503,2024,178.452,0.1258588165523682,2013,16240.946,2024,23052.79,0.4194240901977016,FALSE
BGD,Bangladesh,21,Science and engineering professionals,215,Electrotechnology engineers,2151,Electrical engineers,10,0.05421888631058128,0.23813552939616417,0,electrical engineering; engineering principles; approve engineering design; use technical drawing software; adjust engineering designs; electricity; perform scientific research; design drawings; electricity principles; ensure safety in electrical power operations,2017,158.503,2024,178.452,0.1258588165523682,2013,16240.946,2024,23052.79,0.4194240901977016,FALSE
BGD,Bangladesh,21,Science and engineering professionals,215,Electrotechnology engineers,2152,Electronics engineers,17,0.05421888631058128,0.30559685318456004,0,engineering principles; electronics; mathematics; adjust engineering designs; approve engineering design; use technical drawing software; design drawings; physics; environmental legislation; environmental threats,2017,158.503,2024,178.452,0.1258588165523682,2013,16240.946,2024,23052.79,0.4194240901977016,FALSE
BGD,Bangladesh,21,Science and engineering professionals,215,Electrotechnology engineers,2153,Telecommunications engineers,2,0.05421888631058128,0.6,0,ICT communications protocols; define technical requirements; design process; electronics principles; microwave principles; procurement of ICT network equipment; provide ICT system training; telecom regulations; use session border controller; ICT network routing,2017,158.503,2024,178.452,0.1258588165523682,2013,16240.946,2024,23052.79,0.4194240901977016,FALSE
BGD,Bangladesh,21,Science and engineering professionals,216,"Architects, planners, surveyors and designers",2161,Building architects,2,0.05944735918809828,0.056704980842911874,0,architectural design; architectural theory; architecture regulations; design building retrofitting solutions; develop architectural plans; draw blueprints; ensure infrastructure accessibility; identify customer's needs; integrate measures in architectural designs; integrated design,2017,158.503,2024,178.452,0.1258588165523682,2013,16240.946,2024,23052.79,0.4194240901977016,FALSE
BGD,Bangladesh,21,Science and engineering professionals,216,"Architects, planners, surveyors and designers",2162,Landscape architects,2,0.05944735918809828,0,0,develop architectural plans; ecology; landscape analysis; landscape architecture; manage landscape design projects; advise on landscapes; advise supervisors; aesthetics; architecture regulations; create landscape designs,2017,158.503,2024,178.452,0.1258588165523682,2013,16240.946,2024,23052.79,0.4194240901977016,FALSE
BGD,Bangladesh,21,Science and engineering professionals,216,"Architects, planners, surveyors and designers",2163,Product and garment designers,15,0.05944735918809828,0.07280610549031602,0,gather reference materials for artwork; portfolio management in textile manufacturing; create mood boards; develop design concept; draw sketches to develop textile articles; keep up to date on costume design; present artistic design proposals; properties of textile materials; use textile technique for hand-made products; aesthetics,2017,158.503,2024,178.452,0.1258588165523682,2013,16240.946,2024,23052.79,0.4194240901977016,FALSE
BGD,Bangladesh,21,Science and engineering professionals,216,"Architects, planners, surveyors and designers",2164,Town and traffic planners,5,0.05944735918809828,0.16940440845704002,0,environmental policy; urban planning; build business relationships; urban planning law; advise on use of land; analyse transport business networks; analyse transportation costs; architecture regulations; civil engineering; develop urban transport studies,2017,158.503,2024,178.452,0.1258588165523682,2013,16240.946,2024,23052.79,0.4194240901977016,FALSE
BGD,Bangladesh,21,Science and engineering professionals,216,"Architects, planners, surveyors and designers",2165,Cartographers and surveyors,6,0.05944735918809828,0.32828159041394334,0,cartography; mathematics; perform surveying calculations; geographic information systems; geomatics; collect mapping data; compare survey computations; create GIS reports; create thematic maps; document survey operations,2017,158.503,2024,178.452,0.1258588165523682,2013,16240.946,2024,23052.79,0.4194240901977016,FALSE
BGD,Bangladesh,21,Science and engineering professionals,216,"Architects, planners, surveyors and designers",2166,Graphic and multimedia designers,16,0.05944735918809828,0.45391415507157024,0,computer graphics; finish project within budget; follow a brief; graphic design; adapt to type of media; analyse a script; follow work schedule; design graphics; ICT software specifications; copyright legislation,2017,158.503,2024,178.452,0.1258588165523682,2013,16240.946,2024,23052.79,0.4194240901977016,FALSE
BGD,Bangladesh,22,Health professionals,221,Medical doctors,2211,Generalist medical practitioners,1,0,0.2,0,assess physical conditions of clients; demonstrate disciplinary expertise; interact professionally in research and professional environments; manage personal professional development; manage research data; monitor children's physical development; operate open source software; provide healthcare services to patients in general medical practice; synthesise information; think abstractly,2017,270.884,2024,270.235,-0.0023958594822876245,2013,16240.946,2024,23052.79,0.4194240901977016,TRUE
BGD,Bangladesh,22,Health professionals,221,Medical doctors,2212,Specialist medical practitioners,1,0,0.03225806451612903,0,Interpret diagnostic procedures for vascular surgery; cancer risks; conduct cancer screening tests; conduct preoperative investigations; conduct research on reproductive medicine; counsel patients on fertility treatments; delegate emergency care; demonstrate disciplinary expertise; demonstrate technical skills during neurological surgery; dermapathology,2017,270.884,2024,270.235,-0.0023958594822876245,2013,16240.946,2024,23052.79,0.4194240901977016,FALSE
BGD,Bangladesh,22,Health professionals,222,Nursing and midwifery professionals,2221,Nursing professionals,3,0.00776405391339631,0.036851185935854125,0,accept own accountability; advise on healthy lifestyles; analyse quality of nurse care; apply context specific clinical competences; apply nursing care in long-term care; apply person-centred care; comply with quality standards related to healthcare practice; coordinate care; deal with emergency care situations; delegate emergency care,2017,270.884,2024,270.235,-0.0023958594822876245,2013,16240.946,2024,23052.79,0.4194240901977016,FALSE
BGD,Bangladesh,22,Health professionals,222,Nursing and midwifery professionals,2222,Midwifery professionals,1,0.00776405391339631,0.0136986301369863,0,accept own accountability; address problems critically; adhere to organisational guidelines; advise on childbirth; advise on family planning; advise on pregnancies at risk; advise on pregnancy; anaesthetics; analgesics; apply context specific clinical competences,2017,270.884,2024,270.235,-0.0023958594822876245,2013,16240.946,2024,23052.79,0.4194240901977016,FALSE
BGD,Bangladesh,22,Health professionals,223,Traditional and complementary medicine professionals,2230,Traditional and complementary medicine professionals,5,0,0,0,develop therapeutic relationships; ensure safety of healthcare users; follow-up on healthcare users' treatment; apply context specific clinical competences; human anatomy; human physiology; maintain work area cleanliness; accept own accountability; comply with quality standards related to healthcare practice; empathise with the healthcare user,2017,270.884,2024,270.235,-0.0023958594822876245,2013,16240.946,2024,23052.79,0.4194240901977016,FALSE
BGD,Bangladesh,22,Health professionals,225,Veterinarians,2250,Veterinarians,11,0.06376434281572617,0.011401641836424444,0,anatomy of animals; apply animal hygiene practices; manage animal biosecurity; animal behaviour; animal welfare; animal welfare legislation; apply safe work practices in a veterinary setting; biosecurity related to animals; handle veterinary emergencies; monitor the welfare of animals,2017,270.884,2024,270.235,-0.0023958594822876245,2013,16240.946,2024,23052.79,0.4194240901977016,FALSE
BGD,Bangladesh,22,Health professionals,226,Other health professionals,2261,Dentists,4,0.02394168957531953,0.02241340850097339,0,accept own accountability; apply organisational techniques; communicate in healthcare; comply with legislation related to health care; contribute to continuity of health care; ensure safety of healthcare users; follow clinical guidelines; listen actively; manage infection control in the facility; promote inclusion,2017,270.884,2024,270.235,-0.0023958594822876245,2013,16240.946,2024,23052.79,0.4194240901977016,FALSE
BGD,Bangladesh,22,Health professionals,226,Other health professionals,2262,Pharmacists,6,0.02394168957531953,0.007719298245614035,0,accept own accountability; adhere to organisational guidelines; communicate in healthcare; comply with legislation related to health care; comply with quality standards related to healthcare practice; follow clinical guidelines; pharmaceutical chemistry; pharmaceutical technology; pharmacognosy; pharmacokinetics,2017,270.884,2024,270.235,-0.0023958594822876245,2013,16240.946,2024,23052.79,0.4194240901977016,FALSE
BGD,Bangladesh,22,Health professionals,226,Other health professionals,2263,Environmental and occupational health and hygiene professionals,5,0.02394168957531953,0.03833333333333333,0,advise on risk management; ensure compliance with environmental legislation; environmental legislation; perform risk analysis; advise on conflict management; advise on environmental risk management systems; advise on pollution prevention; advise on safety improvements; apply radiation protection procedures; assess ergonomics of the workplace,2017,270.884,2024,270.235,-0.0023958594822876245,2013,16240.946,2024,23052.79,0.4194240901977016,FALSE
BGD,Bangladesh,22,Health professionals,226,Other health professionals,2264,Physiotherapists,2,0.02394168957531953,0.0188034188034188,0,accept own accountability; adhere to health well-being and safety; adhere to organisational guidelines; adjust physiotherapy interventions; advise on healthcare users' informed consent; advocate health; apply context specific clinical competences; apply organisational techniques; collect healthcare user's general data; communicate in healthcare,2017,270.884,2024,270.235,-0.0023958594822876245,2013,16240.946,2024,23052.79,0.4194240901977016,FALSE
BGD,Bangladesh,22,Health professionals,226,Other health professionals,2265,Dieticians and nutritionists,2,0.02394168957531953,0.012345679012345675,0,dietetics; food science; identify nutritional properties of food; supervise food in healthcare; accept own accountability; adhere to organisational guidelines; advise food industry; advise on healthcare users' informed consent; advise on preparation of diet food; analyse trends in the food and beverage industries,2017,270.884,2024,270.235,-0.0023958594822876245,2013,16240.946,2024,23052.79,0.4194240901977016,FALSE
BGD,Bangladesh,22,Health professionals,226,Other health professionals,2266,Audiologists and speech therapists,2,0.02394168957531953,0.0386986301369863,0,accept own accountability; adhere to organisational guidelines; advise on healthcare users' informed consent; apply context specific clinical competences; apply organisational techniques; audiology; audiometry; communicate in healthcare; comply with legislation related to health care; comply with quality standards related to healthcare practice,2017,270.884,2024,270.235,-0.0023958594822876245,2013,16240.946,2024,23052.79,0.4194240901977016,FALSE
BGD,Bangladesh,22,Health professionals,226,Other health professionals,2267,Optometrists and ophthalmic opticians,2,0.02394168957531953,0.02674258109040717,0,accept own accountability; adhere to organisational guidelines; advise on healthcare users' informed consent; advise patients on vision improvement conditions; apply context specific clinical competences; apply organisational techniques; communicate in healthcare; comply with legislation related to health care; comply with quality standards related to healthcare practice; deal with emergency care situations,2017,270.884,2024,270.235,-0.0023958594822876245,2013,16240.946,2024,23052.79,0.4194240901977016,FALSE
BGD,Bangladesh,22,Health professionals,226,Other health professionals,2269,Health professionals not elsewhere classified,23,0.02394168957531953,0.03375458139885682,0,comply with legislation related to health care; apply context specific clinical competences; ensure safety of healthcare users; follow clinical guidelines; communicate in healthcare; comply with quality standards related to healthcare practice; interact with healthcare users; listen actively; work in multidisciplinary health teams; develop a collaborative therapeutic relationship,2017,270.884,2024,270.235,-0.0023958594822876245,2013,16240.946,2024,23052.79,0.4194240901977016,FALSE
BGD,Bangladesh,23,Teaching professionals,231,University and higher education teachers,2310,University and higher education teachers,45,0.00386034067531382,0.04676911213248861,0,assess students; prepare lesson content; apply teaching strategies; curriculum objectives; guarantee students' safety; apply intercultural teaching strategies; develop course outline; give constructive feedback; liaise with educational support staff; monitor developments in field of expertise,2017,1829.863,2024,1838.792,0.004879600276086166,2013,16240.946,2024,23052.79,0.4194240901977016,TRUE
BGD,Bangladesh,23,Teaching professionals,232,Vocational education teachers,2320,Vocational education teachers,25,0.01894009296681494,0.00760438156989881,0,assess students; assist students in their learning; apply intercultural teaching strategies; guarantee students' safety; apply teaching strategies; give constructive feedback; adapt teaching to student's capabilities; adapt training to labour market; curriculum objectives; prepare lesson content,2017,1829.863,2024,1838.792,0.004879600276086166,2013,16240.946,2024,23052.79,0.4194240901977016,FALSE
BGD,Bangladesh,23,Teaching professionals,233,Secondary education teachers,2330,Secondary education teachers,19,0.00602082382179837,0.01982042219887286,0,adapt teaching to student's capabilities; apply intercultural teaching strategies; apply teaching strategies; assess students; assign homework; assist students in their learning; compile course material; curriculum objectives; demonstrate when teaching; develop course outline,2017,1829.863,2024,1838.792,0.004879600276086166,2013,16240.946,2024,23052.79,0.4194240901977016,FALSE
BGD,Bangladesh,23,Teaching professionals,234,Primary school and early childhood teachers,2341,Primary school teachers,2,0,0,0,adapt teaching to student's capabilities; apply intercultural teaching strategies; apply teaching strategies; assess students; assessment processes; assign homework; assist students in their learning; assist students with equipment; curriculum objectives; demonstrate when teaching,2017,1829.863,2024,1838.792,0.004879600276086166,2013,16240.946,2024,23052.79,0.4194240901977016,FALSE
BGD,Bangladesh,23,Teaching professionals,234,Primary school and early childhood teachers,2342,Early childhood educators,3,0,0,0,adapt teaching to student's capabilities; apply intercultural teaching strategies; apply teaching strategies; assess students; assess the development of youth; assist children in developing personal skills; assist students in their learning; assist students with equipment; curriculum objectives; demonstrate when teaching,2017,1829.863,2024,1838.792,0.004879600276086166,2013,16240.946,2024,23052.79,0.4194240901977016,FALSE
BGD,Bangladesh,23,Teaching professionals,235,Other teaching professionals,2351,Education methods specialists,4,0.00151274268921327,0.02127659574468085,0,curriculum standards; monitor educational developments; cooperate with education professionals; evaluate education programmes; identify education needs; pedagogy; advise on teaching methods; curriculum objectives; ensure curriculum adherence; present reports,2017,1829.863,2024,1838.792,0.004879600276086166,2013,16240.946,2024,23052.79,0.4194240901977016,FALSE
BGD,Bangladesh,23,Teaching professionals,235,Other teaching professionals,2352,Special needs teachers,8,0.00151274268921327,0.003571428571428571,0,adapt teaching to student's capabilities; apply intercultural teaching strategies; apply teaching strategies; assess students; assist students in their learning; curriculum objectives; demonstrate when teaching; give constructive feedback; guarantee students' safety; prepare lesson content,2017,1829.863,2024,1838.792,0.004879600276086166,2013,16240.946,2024,23052.79,0.4194240901977016,FALSE
BGD,Bangladesh,23,Teaching professionals,235,Other teaching professionals,2353,Other language teachers,2,0.00151274268921327,0.01923076923076923,0,assess students; assessment processes; curriculum objectives; demonstrate when teaching; give constructive feedback; language teaching methods; manage student relationships; perform classroom management; prepare lesson content; teach languages,2017,1829.863,2024,1838.792,0.004879600276086166,2013,16240.946,2024,23052.79,0.4194240901977016,FALSE
BGD,Bangladesh,23,Teaching professionals,235,Other teaching professionals,2354,Other music teachers,1,0.00151274268921327,0,0,adapt teaching to student's capabilities; apply teaching strategies; assess students; assist students in their learning; bring out performers’ artistic potential; consult students on learning content; create a work environment where performers can develop their potential; demonstrate a technical foundation in musical instruments; demonstrate when teaching; develop a coaching style,2017,1829.863,2024,1838.792,0.004879600276086166,2013,16240.946,2024,23052.79,0.4194240901977016,FALSE
BGD,Bangladesh,23,Teaching professionals,235,Other teaching professionals,2355,Other arts teachers,6,0.00151274268921327,0,0,adapt teaching to student's capabilities; apply teaching strategies; assess students; assist students in their learning; consult students on learning content; demonstrate when teaching; develop a coaching style; encourage students to acknowledge their achievements; give constructive feedback; guarantee students' safety,2017,1829.863,2024,1838.792,0.004879600276086166,2013,16240.946,2024,23052.79,0.4194240901977016,FALSE
BGD,Bangladesh,23,Teaching professionals,235,Other teaching professionals,2356,Information technology trainers,2,0.00151274268921327,0.4641025641025641,0,apply teaching strategies; design web-based courses; develop digital educational materials; digital systems; technology education; Computer Assisted Language Learning; ICT hardware specifications; ICT software specifications; adapt teaching to student's capabilities; adapt teaching to target group,2017,1829.863,2024,1838.792,0.004879600276086166,2013,16240.946,2024,23052.79,0.4194240901977016,FALSE
BGD,Bangladesh,23,Teaching professionals,235,Other teaching professionals,2359,Teaching professionals not elsewhere classified,14,0.00151274268921327,0.15853174603174605,0,assessment processes; assess students; curriculum objectives; encourage students to acknowledge their achievements; apply teaching strategies; give constructive feedback; learning difficulties; listen actively; adapt teaching to student's capabilities; assist students in their learning,2017,1829.863,2024,1838.792,0.004879600276086166,2013,16240.946,2024,23052.79,0.4194240901977016,FALSE
BGD,Bangladesh,24,Business and administration professionals,241,Finance professionals,2411,Accountants,13,0.01783134106647644,0.004273504273504274,0,interpret financial statements; analyse financial performance of a company; financial department processes; financial statements; tax legislation; accounting department processes; accounting techniques; accounting entries; analyse financial risk; check accounting records,2017,319.628,2024,437.757,0.36958276496427106,2013,16240.946,2024,23052.79,0.4194240901977016,TRUE
BGD,Bangladesh,24,Business and administration professionals,241,Finance professionals,2412,Financial and investment advisers,16,0.01783134106647644,0.006071428571428571,0,advise on financial matters; funding methods; financial markets; securities; analyse market financial trends; investment analysis; review investment portfolios; analyse financial risk; corporate social responsibility; create a financial plan,2017,319.628,2024,437.757,0.36958276496427106,2013,16240.946,2024,23052.79,0.4194240901977016,FALSE
BGD,Bangladesh,24,Business and administration professionals,241,Finance professionals,2413,Financial analysts,6,0.01783134106647644,0.054807913503565675,0,actuarial science; analyse financial risk; analyse market financial trends; asset management; economics; fundamental analysis; modern portfolio theory; obtain financial information; provide support in financial calculation; quantitative analysis,2017,319.628,2024,437.757,0.36958276496427106,2013,16240.946,2024,23052.79,0.4194240901977016,FALSE
BGD,Bangladesh,24,Business and administration professionals,242,Administration professionals,2421,Management and organisation analysts,8,0.04321980198863492,0.06012829082682024,0,apply change management; advise on efficiency improvements; business analysis; liaise with managers; align efforts towards business development; analyse external factors of companies; identify process improvements; identify undetected organisational needs; management consulting; perform business analysis,2017,319.628,2024,437.757,0.36958276496427106,2013,16240.946,2024,23052.79,0.4194240901977016,FALSE
BGD,Bangladesh,24,Business and administration professionals,242,Administration professionals,2422,Policy administration professionals,32,0.04321980198863492,0.020364046872667563,0,government policy implementation; advise on legislative acts; manage government policy implementation; maintain relations with local representatives; create solutions to problems; liaise with local authorities; maintain relationships with government agencies; government policy; establish collaborative relations; provide improvement strategies,2017,319.628,2024,437.757,0.36958276496427106,2013,16240.946,2024,23052.79,0.4194240901977016,FALSE
BGD,Bangladesh,24,Business and administration professionals,242,Administration professionals,2423,Personnel and careers professionals,7,0.04321980198863492,0.013729977116704805,0,employment law; job market offers; labour legislation; listen actively; company policies; develop professional network; document interviews; human resource management; interview people; observe confidentiality,2017,319.628,2024,437.757,0.36958276496427106,2013,16240.946,2024,23052.79,0.4194240901977016,FALSE
BGD,Bangladesh,24,Business and administration professionals,242,Administration professionals,2424,Training and staff development professionals,2,0.04321980198863492,0,0,apply teaching strategies; coach employees; give constructive feedback; provide feedback to performers; adapt teaching to target group; adapt training to labour market; adult education; advise on efficiency improvements; apply intercultural teaching strategies; assessment processes,2017,319.628,2024,437.757,0.36958276496427106,2013,16240.946,2024,23052.79,0.4194240901977016,FALSE
BGD,Bangladesh,24,Business and administration professionals,243,"Sales, marketing and public relations professionals",2431,Advertising and marketing professionals,21,0.02508245184466805,0.12926658572426217,0,advertising techniques; identify customer's needs; perform market research; copyright legislation; implement marketing strategies; implement sales strategies; manage staff; product comprehension; apply social media marketing; company policies,2017,319.628,2024,437.757,0.36958276496427106,2013,16240.946,2024,23052.79,0.4194240901977016,FALSE
BGD,Bangladesh,24,Business and administration professionals,243,"Sales, marketing and public relations professionals",2432,Public relations professionals,11,0.02508245184466805,0.060987540189941555,0,advise on public relations; corporate social responsibility; perform public relations; use different communication channels; analyse election procedures; analyse external factors of companies; develop digital content; diplomatic principles; give interviews to media; protect client interests,2017,319.628,2024,437.757,0.36958276496427106,2013,16240.946,2024,23052.79,0.4194240901977016,FALSE
BGD,Bangladesh,24,Business and administration professionals,243,"Sales, marketing and public relations professionals",2433,Technical and medical sales professionals (excluding ICT),13,0.02508245184466805,0.04533123048865177,0,characteristics of products; characteristics of services; implement sales strategies; prospect new customers; provide customer follow-up services; communicate with customers; contact customers; ensure compliance with legal requirements; guarantee customer satisfaction; implement customer follow-up,2017,319.628,2024,437.757,0.36958276496427106,2013,16240.946,2024,23052.79,0.4194240901977016,FALSE
BGD,Bangladesh,24,Business and administration professionals,243,"Sales, marketing and public relations professionals",2434,Information and communications technology sales professionals,4,0.02508245184466805,0.1518236074270557,0,product comprehension; guarantee customer satisfaction; identify new business opportunities; implement customer follow-up; implement marketing strategies; implement sales strategies; keep records on sales; maintain relationship with customers; perform market research; produce sales reports,2017,319.628,2024,437.757,0.36958276496427106,2013,16240.946,2024,23052.79,0.4194240901977016,FALSE
BGD,Bangladesh,25,Information and communications technology professionals,251,Software and applications developers and analysts,2511,Systems analysts,21,0.00883754767255653,0.5917387417442708,0,define technical requirements; digital systems; systems development life-cycle; provide ICT consulting advice; analyse business requirements; apply statistical analysis techniques; data science; execute analytical mathematical calculations; use an application-specific interface; analyse ICT system,2017,13.545,2024,19.555,0.44370616463639717,2013,16240.946,2024,23052.79,0.4194240901977016,TRUE
BGD,Bangladesh,25,Information and communications technology professionals,251,Software and applications developers and analysts,2512,Software developers,10,0.00883754767255653,0.824471249684548,0,ICT system programming; analyse software specifications; cloud technologies; computer programming; deploy cloud resource; design cloud architecture; design cloud networks; develop software prototype; integrated development environment software; automate cloud tasks,2017,13.545,2024,19.555,0.44370616463639717,2013,16240.946,2024,23052.79,0.4194240901977016,FALSE
BGD,Bangladesh,25,Information and communications technology professionals,251,Software and applications developers and analysts,2513,Web and multimedia developers,5,0.00883754767255653,0.7861614506351349,0,develop digital content; interpret technical texts; translate requirements into visual design; use markup languages; web programming; ICT debugging tools; World Wide Web Consortium standards; analyse software specifications; computer programming; conduct search engine optimisation,2017,13.545,2024,19.555,0.44370616463639717,2013,16240.946,2024,23052.79,0.4194240901977016,FALSE
BGD,Bangladesh,25,Information and communications technology professionals,251,Software and applications developers and analysts,2514,Applications programmers,7,0.00883754767255653,0.8097265221878225,0.009523809523809523,computer programming; ICT debugging tools; analyse software specifications; create flowchart diagram; debug software; develop software prototype; integrated development environment software; tools for software configuration management; use software design patterns; use software libraries,2017,13.545,2024,19.555,0.44370616463639717,2013,16240.946,2024,23052.79,0.4194240901977016,FALSE
BGD,Bangladesh,25,Information and communications technology professionals,251,Software and applications developers and analysts,2519,Software and applications developers and analysts not elsewhere classified,12,0.00883754767255653,0.7098020042679486,0,address problems critically; execute software tests; levels of software testing; provide software testing documentation; replicate customer software issues; report test findings; software anomalies; application usability; build business relationships; ICT process quality models,2017,13.545,2024,19.555,0.44370616463639717,2013,16240.946,2024,23052.79,0.4194240901977016,FALSE
BGD,Bangladesh,25,Information and communications technology professionals,252,Database and network professionals,2521,Database designers and administrators,5,0.0023319523865095,0.8575132275132276,0,database management systems; query languages; resource description framework query language; database development tools; information structure; balance database resources; create database diagrams; design database scheme; manage database; operate relational database management system,2017,13.545,2024,19.555,0.44370616463639717,2013,16240.946,2024,23052.79,0.4194240901977016,FALSE
BGD,Bangladesh,25,Information and communications technology professionals,252,Database and network professionals,2522,Systems administrators,3,0.0023319523865095,0.8276143790849673,0,digital systems; integrate system components; interpret technical texts; ICT infrastructure; ICT performance analysis methods; ICT system programming; ICT system user requirements; apply ICT system usage policies; implement ICT security policies; implement a firewall,2017,13.545,2024,19.555,0.44370616463639717,2013,16240.946,2024,23052.79,0.4194240901977016,FALSE
BGD,Bangladesh,25,Information and communications technology professionals,252,Database and network professionals,2523,Computer network professionals,3,0.0023319523865095,0.6617038119595664,0,ICT network routing; analyse business requirements; design computer network; forecast future ICT network needs; implement ICT network diagnostic tools; implement a virtual private network; network engineering; network standards; use an application-specific interface; ICT capacity planning strategies,2017,13.545,2024,19.555,0.44370616463639717,2013,16240.946,2024,23052.79,0.4194240901977016,FALSE
BGD,Bangladesh,25,Information and communications technology professionals,252,Database and network professionals,2529,Database and network professionals not elsewhere classified,9,0.0023319523865095,0.6920014698759986,0,security engineering; ICT network security risks; cyber attack counter-measures; ICT security standards; cyber security; attack vectors; ethical hacking principles; identify ICT security risks; manage IT security compliances; ICT safety,2017,13.545,2024,19.555,0.44370616463639717,2013,16240.946,2024,23052.79,0.4194240901977016,FALSE
BGD,Bangladesh,26,"Legal, social and cultural professionals",261,Legal professionals,2611,Lawyers,3,0.01014610892945528,0,0,analyse legal evidence; compile legal documents; court procedures; interpret law; legal case management; negotiate lawyer's fee; observe confidentiality; present arguments persuasively; present legal arguments; legal research,2017,340.206,2024,342.251,0.006011063884822605,2013,16240.946,2024,23052.79,0.4194240901977016,TRUE
BGD,Bangladesh,26,"Legal, social and cultural professionals",261,Legal professionals,2612,Judges,2,0.01014610892945528,0,0,civil law; civil process order; court procedures; hear legal arguments; interpret law; legal terminology; maintain court order; observe confidentiality; show impartiality; supervise court hearings,2017,340.206,2024,342.251,0.006011063884822605,2013,16240.946,2024,23052.79,0.4194240901977016,FALSE
BGD,Bangladesh,26,"Legal, social and cultural professionals",261,Legal professionals,2619,Legal professionals not elsewhere classified,12,0.01014610892945528,0.025252525252525256,0,observe confidentiality; provide legal advice; apply knowledge of human behaviour; compile legal documents; comply with legal regulations; facilitate official agreement; interpret law; private law; use communication techniques; adapt to changing situations,2017,340.206,2024,342.251,0.006011063884822605,2013,16240.946,2024,23052.79,0.4194240901977016,FALSE
BGD,Bangladesh,26,"Legal, social and cultural professionals",262,"Librarians, archivists and curators",2621,Archivists and curators,9,0.00853994490358126,0.1562601767001265,0,museum databases; cope with challenging demands; use ICT resources to solve work related tasks; conservation techniques; document museum collection; advise on loans of art work for exhibitions; art collections; assess museum object condition; collection management software; consult exhibition organisers,2017,340.206,2024,342.251,0.006011063884822605,2013,16240.946,2024,23052.79,0.4194240901977016,FALSE
BGD,Bangladesh,26,"Legal, social and cultural professionals",262,"Librarians, archivists and curators",2622,Librarians and related information professionals,2,0.00853994490358126,0.2725490196078431,0,assess informational needs; develop solutions to information issues; manage digital libraries; perform customer management; analyse information systems; analyse library users' queries; arrange interlibrary loans; buy new library items; classify library materials; collection management,2017,340.206,2024,342.251,0.006011063884822605,2013,16240.946,2024,23052.79,0.4194240901977016,FALSE
BGD,Bangladesh,26,"Legal, social and cultural professionals",263,Social and religious professionals,2631,Economists,6,0.00393871515819744,0.051435325903411,0,analyse economic trends; economics; advise on economic development; apply statistical analysis techniques; government policy implementation; advise on legislative acts; analyse market financial trends; apply scientific methods; assess risk factors; business analysis,2017,340.206,2024,342.251,0.006011063884822605,2013,16240.946,2024,23052.79,0.4194240901977016,FALSE
BGD,Bangladesh,26,"Legal, social and cultural professionals",263,Social and religious professionals,2632,"Sociologists, anthropologists and related professionals",10,0.00393871515819744,0.11925544449141195,0,apply research ethics and scientific integrity principles in research activities; conduct research across disciplines; demonstrate disciplinary expertise; develop professional network with researchers and scientists; disseminate results to the scientific community; draft scientific or academic papers and technical documentation; evaluate research activities; integrate gender dimension in research; interact professionally in research and professional environments; manage open publications,2017,340.206,2024,342.251,0.006011063884822605,2013,16240.946,2024,23052.79,0.4194240901977016,FALSE
BGD,Bangladesh,26,"Legal, social and cultural professionals",263,Social and religious professionals,2633,"Philosophers, historians and political scientists",4,0.00393871515819744,0.10263692768506633,0,apply for research funding; apply research ethics and scientific integrity principles in research activities; apply scientific methods; communicate with a non-scientific audience; conduct research across disciplines; demonstrate disciplinary expertise; develop professional network with researchers and scientists; disseminate results to the scientific community; draft scientific or academic papers and technical documentation; evaluate research activities,2017,340.206,2024,342.251,0.006011063884822605,2013,16240.946,2024,23052.79,0.4194240901977016,FALSE
BGD,Bangladesh,26,"Legal, social and cultural professionals",263,Social and religious professionals,2634,Psychologists,6,0.00393871515819744,0.028320555602964557,0,listen actively; psychology; comply with legislation related to health care; counsel clients; diagnose psychiatric symptoms; ensure safety of healthcare users; follow clinical guidelines; health care occupation-specific ethics; interact with healthcare users; interpret psychological tests,2017,340.206,2024,342.251,0.006011063884822605,2013,16240.946,2024,23052.79,0.4194240901977016,FALSE
BGD,Bangladesh,26,"Legal, social and cultural professionals",263,Social and religious professionals,2635,Social work and counselling professionals,36,0.00393871515819744,0.01349099839043115,0,accept own accountability; apply quality standards in social services; apply socially just working principles; assess social service users' situation; communicate professionally with colleagues in other fields; communicate with social service users; cooperate at inter-professional level; deliver social services in diverse cultural communities; demonstrate leadership in social service cases; follow health and safety precautions in social care practices,2017,340.206,2024,342.251,0.006011063884822605,2013,16240.946,2024,23052.79,0.4194240901977016,FALSE
BGD,Bangladesh,26,"Legal, social and cultural professionals",263,Social and religious professionals,2636,Religious professionals,4,0.00393871515819744,0.02857142857142857,0,interpret religious texts; promote religious activities; foster dialogue in society; observe confidentiality; perform religious ceremonies; provide charity services; provide social counselling; provide spiritual counselling; represent religious institution; respond to enquiries,2017,340.206,2024,342.251,0.006011063884822605,2013,16240.946,2024,23052.79,0.4194240901977016,FALSE
BGD,Bangladesh,26,"Legal, social and cultural professionals",264,"Authors, journalists and linguists",2641,Authors and related writers,9,0,0.07237654320987655,0,copyright legislation; consult information sources; literature; writing techniques; develop creative ideas; grammar; perform background research on writing subject; spelling; use specific writing techniques; apply grammar and spelling rules,2017,340.206,2024,342.251,0.006011063884822605,2013,16240.946,2024,23052.79,0.4194240901977016,FALSE
BGD,Bangladesh,26,"Legal, social and cultural professionals",264,"Authors, journalists and linguists",2642,Journalists,18,0,0.149943372021938,0,consult information sources; copyright legislation; develop professional network; editorial standards; follow ethical code of conduct of journalists; follow the news; build contacts to maintain news flow; participate in editorial meetings; writing techniques; grammar,2017,340.206,2024,342.251,0.006011063884822605,2013,16240.946,2024,23052.79,0.4194240901977016,FALSE
BGD,Bangladesh,26,"Legal, social and cultural professionals",264,"Authors, journalists and linguists",2643,"Translators, interpreters and other linguists",9,0,0.09438334438334438,0,grammar; spelling; apply grammar and spelling rules; consult information sources; linguistics; speak different languages; translate language concepts; translate texts; develop a translation strategy; master language rules,2017,340.206,2024,342.251,0.006011063884822605,2013,16240.946,2024,23052.79,0.4194240901977016,FALSE
BGD,Bangladesh,26,"Legal, social and cultural professionals",265,Creative and performing artists,2651,Visual artists,11,0.01098834160085735,0.08674124417206999,0,intellectual property law; labour legislation; art history; contextualise artistic work; develop an artistic framework; gather reference materials for artwork; select artistic materials to create artworks; create artwork; define artistic approach; maintain an artistic portfolio,2017,340.206,2024,342.251,0.006011063884822605,2013,16240.946,2024,23052.79,0.4194240901977016,FALSE
BGD,Bangladesh,26,"Legal, social and cultural professionals",265,Creative and performing artists,2652,"Musicians, singers and composers",10,0.01098834160085735,0.05380366677563474,0,musical theory; read musical score; analyse own performance; develop musical ideas; musical genres; musical instruments; study music; transpose music; write musical scores; interact with an audience,2017,340.206,2024,342.251,0.006011063884822605,2013,16240.946,2024,23052.79,0.4194240901977016,FALSE
BGD,Bangladesh,26,"Legal, social and cultural professionals",265,Creative and performing artists,2653,Dancers and choreographers,4,0.01098834160085735,0,0,describe artistic experience; develop the physical language; intellectual property law; labour legislation; maintain safe working conditions in performing arts; manage artistic career; understand the emotional dimension of a performance; work with broad variety of personalities; work with respect for own safety; create a work environment where performers can develop their potential,2017,340.206,2024,342.251,0.006011063884822605,2013,16240.946,2024,23052.79,0.4194240901977016,FALSE
BGD,Bangladesh,26,"Legal, social and cultural professionals",265,Creative and performing artists,2654,"Film, stage and related directors and producers",17,0.01098834160085735,0.08476572447160682,0,analyse a script; consult with production director; manage budgets; adapt designers’ work to the performance venue; film production process; finish project within budget; develop professional network; manage staff; consult with motion picture producer; copyright legislation,2017,340.206,2024,342.251,0.006011063884822605,2013,16240.946,2024,23052.79,0.4194240901977016,FALSE
BGD,Bangladesh,26,"Legal, social and cultural professionals",265,Creative and performing artists,2655,Actors,2,0.01098834160085735,0.03125,0,acting techniques; adapt to acting roles; follow directions of the artistic director; study roles from scripts; work with an artistic team; act for an audience; adapt to type of media; analyse a script; analyse own performance; analyse the original actor's way of speaking,2017,340.206,2024,342.251,0.006011063884822605,2013,16240.946,2024,23052.79,0.4194240901977016,FALSE
BGD,Bangladesh,26,"Legal, social and cultural professionals",265,Creative and performing artists,2656,"Announcers on radio, television and other media",3,0.01098834160085735,0.11122577686045178,0,audiovisual equipment; pronunciation techniques; breathing techniques; consult information sources; develop professional network; follow the news; grammar; memorise lines; present during live broadcasts; read pre-drafted texts,2017,340.206,2024,342.251,0.006011063884822605,2013,16240.946,2024,23052.79,0.4194240901977016,FALSE
BGD,Bangladesh,26,"Legal, social and cultural professionals",265,Creative and performing artists,2659,Creative and performing artists not elsewhere classified,9,0.01098834160085735,0,0,interact with an audience; analyse own performance; attend rehearsals; manage feedback; perform live; study roles from scripts; work with an artistic team; follow time cues; interact with fellow actors; art history,2017,340.206,2024,342.251,0.006011063884822605,2013,16240.946,2024,23052.79,0.4194240901977016,FALSE
BGD,Bangladesh,31,Science and engineering associate professionals,311,Physical and engineering science technicians,3111,Chemical and physical science technicians,14,0.08060998764207936,0.07925249793170874,0,apply safety procedures in laboratory; perform laboratory tests; assist scientific research; execute analytical mathematical calculations; laboratory techniques; mathematics; operate scientific measuring equipment; apply scientific methods; apply statistical analysis techniques; collect samples,2017,317.368,2024,297.686,-0.06201633435002904,2013,15427.52,2024,22516.854,0.4595251861608346,TRUE
BGD,Bangladesh,31,Science and engineering associate professionals,311,Physical and engineering science technicians,3112,Civil engineering technicians,24,0.08060998764207936,0.03287619713535045,0,follow health and safety procedures in construction; energy conservation; use safety equipment in construction; inspect construction supplies; advise on heating systems energy efficiency; analyse energy consumption; construction methods; energy efficiency; energy performance of buildings; keep records of work progress,2017,317.368,2024,297.686,-0.06201633435002904,2013,15427.52,2024,22516.854,0.4595251861608346,FALSE
BGD,Bangladesh,31,Science and engineering associate professionals,311,Physical and engineering science technicians,3113,Electrical engineering technicians,6,0.08060998764207936,0.05707400016862932,0,adjust engineering designs; electrical engineering; read standard blueprints; troubleshoot; align components; apply soldering techniques; assist scientific research; battery formation; design drawings; electrical equipment regulations,2017,317.368,2024,297.686,-0.06201633435002904,2013,15427.52,2024,22516.854,0.4595251861608346,FALSE
BGD,Bangladesh,31,Science and engineering associate professionals,311,Physical and engineering science technicians,3114,Electronics engineering technicians,11,0.08060998764207936,0.15116145218417945,0,inspect quality of products; read engineering drawings; adjust engineering designs; align components; assist scientific research; electronics; fasten components; liaise with engineers; prepare production prototypes; record test data,2017,317.368,2024,297.686,-0.06201633435002904,2013,15427.52,2024,22516.854,0.4595251861608346,FALSE
BGD,Bangladesh,31,Science and engineering associate professionals,311,Physical and engineering science technicians,3115,Mechanical engineering technicians,25,0.08060998764207936,0.07194062414062415,0,read engineering drawings; engineering processes; mechanics; read standard blueprints; record test data; adjust engineering designs; create solutions to problems; liaise with engineers; use testing equipment; electromechanics,2017,317.368,2024,297.686,-0.06201633435002904,2013,15427.52,2024,22516.854,0.4595251861608346,FALSE
BGD,Bangladesh,31,Science and engineering associate professionals,311,Physical and engineering science technicians,3116,Chemical engineering technicians,5,0.08060998764207936,0.02719298245614035,0,apply safety procedures in laboratory; calibrate laboratory equipment; laboratory techniques; perform laboratory tests; perform product testing; prepare chemical samples; run laboratory simulations; test chemical samples; use ICT systems; work safely with chemicals,2017,317.368,2024,297.686,-0.06201633435002904,2013,15427.52,2024,22516.854,0.4595251861608346,FALSE
BGD,Bangladesh,31,Science and engineering associate professionals,311,Physical and engineering science technicians,3117,Mining and metallurgical technicians,5,0.08060998764207936,0.025,0,collect samples; maintain records of mining operations; troubleshoot; impact of geological factors on mining operations; perform sample testing; test raw minerals; work ergonomically; address problems critically; alloys of precious metals; analyse experimental laboratory data,2017,317.368,2024,297.686,-0.06201633435002904,2013,15427.52,2024,22516.854,0.4595251861608346,FALSE
BGD,Bangladesh,31,Science and engineering associate professionals,311,Physical and engineering science technicians,3118,Draughtspersons,17,0.08060998764207936,0.37902864366539823,0,use technical drawing software; create technical plans; design drawings; mathematics; technical drawings; use CAD software; CAD software; manual draughting techniques; liaise with engineers; use CADD software,2017,317.368,2024,297.686,-0.06201633435002904,2013,15427.52,2024,22516.854,0.4595251861608346,FALSE
BGD,Bangladesh,31,Science and engineering associate professionals,311,Physical and engineering science technicians,3119,Physical and engineering science technicians not elsewhere classified,26,0.08060998764207936,0.07007630353589638,0,create solutions to problems; record test data; adjust engineering designs; communicate commercial and technical issues in foreign languages; inspect quality of products; reduce environmental impact of footwear manufacturing; use IT tools; analyse test data; apply footwear and leather goods quality control techniques; read engineering drawings,2017,317.368,2024,297.686,-0.06201633435002904,2013,15427.52,2024,22516.854,0.4595251861608346,FALSE
BGD,Bangladesh,31,Science and engineering associate professionals,312,"Mining, manufacturing and construction supervisors",3121,Mining supervisors,2,0.05474839654070304,0.04545454545454546,0,maintain records of mining operations; mine safety legislation; communicate mine equipment information; deal with pressure from unexpected circumstances; electricity; ensure compliance with safety legislation; evaluate mine development projects; impact of geological factors on mining operations; inspect mine safety conditions; manage emergency procedures,2017,317.368,2024,297.686,-0.06201633435002904,2013,15427.52,2024,22516.854,0.4595251861608346,FALSE
BGD,Bangladesh,31,Science and engineering associate professionals,312,"Mining, manufacturing and construction supervisors",3122,Manufacturing supervisors,29,0.05474839654070304,0.013833483585004882,0,evaluate employees work; liaise with managers; follow production schedule; keep records of work progress; create solutions to problems; oversee production requirements; report on production results; coordinate communication within a team; plan shifts of employees; read standard blueprints,2017,317.368,2024,297.686,-0.06201633435002904,2013,15427.52,2024,22516.854,0.4595251861608346,FALSE
BGD,Bangladesh,31,Science and engineering associate professionals,312,"Mining, manufacturing and construction supervisors",3123,Construction supervisors,28,0.05474839654070304,0.0042688792688792675,0,follow health and safety procedures in construction; evaluate employees work; plan shifts of employees; supervise staff; work in a construction team; ensure compliance with construction project deadline; inspect construction supplies; keep records of work progress; manage health and safety standards; process incoming construction supplies,2017,317.368,2024,297.686,-0.06201633435002904,2013,15427.52,2024,22516.854,0.4595251861608346,FALSE
BGD,Bangladesh,31,Science and engineering associate professionals,313,Process control technicians,3131,Power production plant operators,12,0.16631771262619352,0.05873320919276802,0,electrical power safety regulations; electricity; electric current; electric generators; monitor electric generators; respond to electrical power contingencies; maintain electrical equipment; apply health and safety standards; wear appropriate protective gear; ensure equipment maintenance,2017,317.368,2024,297.686,-0.06201633435002904,2013,15427.52,2024,22516.854,0.4595251861608346,FALSE
BGD,Bangladesh,31,Science and engineering associate professionals,313,Process control technicians,3132,Incinerator and water treatment plant operators,7,0.16631771262619352,0,0,ensure compliance with environmental legislation; maintain water treatment equipment; measure water quality parameters; monitor water quality; perform water treatments; collect samples; document analysis results; ensure compliance with waste legislative regulations; interpret scientific data to assess water quality; maintain specified water characteristics,2017,317.368,2024,297.686,-0.06201633435002904,2013,15427.52,2024,22516.854,0.4595251861608346,FALSE
BGD,Bangladesh,31,Science and engineering associate professionals,313,Process control technicians,3133,Chemical processing plant controllers,6,0.16631771262619352,0.04814814814814815,0,optimise production processes parameters; ensure correct gas pressure; operate gas extraction equipment; test gas purity; use chemical analysis equipment; basic chemicals; ensure equipment maintenance; fuel gas; handle gas cylinders; maintain equipment,2017,317.368,2024,297.686,-0.06201633435002904,2013,15427.52,2024,22516.854,0.4595251861608346,FALSE
BGD,Bangladesh,31,Science and engineering associate professionals,313,Process control technicians,3134,Petroleum and natural gas refining plant operators,5,0.16631771262619352,0.057777777777777775,0,manage emergency procedures; troubleshoot; coordinate remote communications; electronics; ensure compliance with safety legislation; chemistry; conduct inter-shift communication; monitor equipment condition; set equipment controls; verify oil circulation,2017,317.368,2024,297.686,-0.06201633435002904,2013,15427.52,2024,22516.854,0.4595251861608346,FALSE
BGD,Bangladesh,31,Science and engineering associate professionals,313,Process control technicians,3135,Metal production process controllers,1,0.16631771262619352,0,0,admit basic metals to furnace; ensure public safety and security; maintain furnace temperature; manage emergency procedures; measure furnace temperature; operate furnace; prevent damage in a furnace; record furnace operations; troubleshoot; work in metal manufacture teams,2017,317.368,2024,297.686,-0.06201633435002904,2013,15427.52,2024,22516.854,0.4595251861608346,FALSE
BGD,Bangladesh,31,Science and engineering associate professionals,313,Process control technicians,3139,Process control technicians not elsewhere classified,4,0.16631771262619352,0.18344155844155846,0,monitor automated machines; set up machine controls; adjust manufacturing equipment; perform machine maintenance; wear appropriate protective gear; analyse supply chain strategies; apparel manufacturing technology; apply assembly techniques; automation technology; create patterns for garments,2017,317.368,2024,297.686,-0.06201633435002904,2013,15427.52,2024,22516.854,0.4595251861608346,FALSE
BGD,Bangladesh,31,Science and engineering associate professionals,314,Life science technicians and related associate professionals,3141,Life science technicians (excluding medical),7,0.15224417708719104,0.006493506493506493,0,laboratory techniques; maintain laboratory equipment; perform laboratory tests; analyse experimental laboratory data; apply safety procedures in laboratory; apply scientific methods; biology; calibrate laboratory equipment; perform scientific research; assist in the production of laboratory documentation,2017,317.368,2024,297.686,-0.06201633435002904,2013,15427.52,2024,22516.854,0.4595251861608346,FALSE
BGD,Bangladesh,31,Science and engineering associate professionals,314,Life science technicians and related associate professionals,3142,Agricultural technicians,4,0.15224417708719104,0,0,inspect aquaculture equipment; monitor water quality; advise on aquaculture products supply chain; advise on fertiliser and herbicide; advise on grape quality improvement; advise on nitrate pollution; advise on plant mineral nutrition; advise on wine quality improvement; analyse environmental data; analyse scientific data,2017,317.368,2024,297.686,-0.06201633435002904,2013,15427.52,2024,22516.854,0.4595251861608346,FALSE
BGD,Bangladesh,31,Science and engineering associate professionals,314,Life science technicians and related associate professionals,3143,Forestry technicians,1,0.15224417708719104,0,0,apply forest legislation; apply prescribed herbicides; conduct reforestation surveys; coordinate timber sales; de-limb trees; ecosystem management; environmental policy; fire-fighting systems; forest ecology; habitat restoration,2017,317.368,2024,297.686,-0.06201633435002904,2013,15427.52,2024,22516.854,0.4595251861608346,FALSE
BGD,Bangladesh,31,Science and engineering associate professionals,315,Ship and aircraft controllers and technicians,3151,Ships’ engineers,4,0.02206314452441854,0.04275932400932401,0,Global Maritime Distress and Safety System; maintain vessel engine room; maintain vessel inventory; operate vessel engine room; use maritime English; International Convention for the Prevention of Pollution from Ships; electrical systems used in transportation; engine components; international regulations for preventing collisions at sea; manage vessel engines and systems,2017,317.368,2024,297.686,-0.06201633435002904,2013,15427.52,2024,22516.854,0.4595251861608346,FALSE
BGD,Bangladesh,31,Science and engineering associate professionals,315,Ship and aircraft controllers and technicians,3152,Ships' deck officers and pilots,6,0.02206314452441854,0.05906776661493643,0,supervise loading of cargo; use water navigation devices; conduct water navigation; ensure vessel security; plot shipping navigation routes; principles of cargo stowage; steer vessels; supervise unloading of cargo; vessel points of sail; vessel safety equipment,2017,317.368,2024,297.686,-0.06201633435002904,2013,15427.52,2024,22516.854,0.4595251861608346,FALSE
BGD,Bangladesh,31,Science and engineering associate professionals,315,Ship and aircraft controllers and technicians,3153,Aircraft pilots and related associate professionals,11,0.02206314452441854,0.1590774336344102,0,aircraft flight control systems; common aviation safety regulations; operate cockpit control panels; air transport law; aviation meteorology; civil aviation regulations; comply with air traffic control operations; ensure compliance with civil aviation regulations; ensure ongoing compliance with regulations; geographic areas,2017,317.368,2024,297.686,-0.06201633435002904,2013,15427.52,2024,22516.854,0.4595251861608346,FALSE
BGD,Bangladesh,31,Science and engineering associate professionals,315,Ship and aircraft controllers and technicians,3154,Air traffic controllers,6,0.02206314452441854,0.10011574074074073,0,use different communication channels; apply airport standards and regulations; apply technical communication skills; common aviation safety regulations; air traffic control operations; air transport law; airport planning; communicate verbal instructions; ensure client orientation; ensure compliance with legal requirements,2017,317.368,2024,297.686,-0.06201633435002904,2013,15427.52,2024,22516.854,0.4595251861608346,FALSE
BGD,Bangladesh,31,Science and engineering associate professionals,315,Ship and aircraft controllers and technicians,3155,Air traffic safety electronics technicians,1,0.02206314452441854,0.20833333333333337,0,air transport law; aircraft flight control systems; airport electrical systems; airport safety regulations; assist in the conducting of flight checks; carry out preventive airport maintenance; common aviation safety regulations; comply with air traffic control operations; electrical systems used in transportation; electronics,2017,317.368,2024,297.686,-0.06201633435002904,2013,15427.52,2024,22516.854,0.4595251861608346,FALSE
BGD,Bangladesh,32,Health associate professionals,321,Medical and pharmaceutical technicians,3211,Medical imaging and therapeutic equipment technicians,2,0.00230414746543778,0.02830188679245283,0,communicate in healthcare; comply with legislation related to health care; comply with quality standards related to healthcare practice; contribute to continuity of health care; health care legislation; human anatomy; hygiene in a health care setting; medical terminology; perform transcranial magnetic stimulation; adhere to organisational code of ethics,2017,225.151,2024,168.598,-0.25117809825406057,2013,15427.52,2024,22516.854,0.4595251861608346,TRUE
BGD,Bangladesh,32,Health associate professionals,321,Medical and pharmaceutical technicians,3212,Medical and pathology laboratory technicians,1,0.00230414746543778,0,0,apply safety procedures in laboratory; archive healthcare users' records; automated analysers in the medical laboratory; blood type classification; calibrate laboratory equipment; check the received biological samples; communicate in healthcare; conduct routine blood testing; examine cell specimens microscopically; identify patients' medical records,2017,225.151,2024,168.598,-0.25117809825406057,2013,15427.52,2024,22516.854,0.4595251861608346,FALSE
BGD,Bangladesh,32,Health associate professionals,321,Medical and pharmaceutical technicians,3213,Pharmaceutical technicians and assistants,2,0.00230414746543778,0.05764966740576497,0,manage healthcare users' data; accept own accountability; adhere to organisational guidelines; advise on healthcare users' informed consent; apply good clinical practices; apply organisational techniques; check for medication expiry terms; check information on prescriptions; clinical reports; clinical science,2017,225.151,2024,168.598,-0.25117809825406057,2013,15427.52,2024,22516.854,0.4595251861608346,FALSE
BGD,Bangladesh,32,Health associate professionals,321,Medical and pharmaceutical technicians,3214,Medical and dental prosthetic technicians,2,0.00230414746543778,0,0,adhere to organisational guidelines; advise customers on hearing aids; advise on rehabilitation exercises; answer patients' questions; archive healthcare users' records; biomechanics; collect healthcare user's general data; communicate in healthcare; comply with legislation related to health care; comply with quality standards related to healthcare practice,2017,225.151,2024,168.598,-0.25117809825406057,2013,15427.52,2024,22516.854,0.4595251861608346,FALSE
BGD,Bangladesh,32,Health associate professionals,322,Nursing and midwifery associate professionals,3222,Midwifery associate professionals,1,0,0,0,advise on family planning; advise on pregnancies at risk; advise on pregnancy; assist on pregnancy abnormality; care for the new-born infant; childbirth; communicate with nursing staff; comply with legislation related to health care; comply with quality standards related to healthcare practice; contribute to continuity of health care,2017,225.151,2024,168.598,-0.25117809825406057,2013,15427.52,2024,22516.854,0.4595251861608346,FALSE
BGD,Bangladesh,32,Health associate professionals,323,Traditional and complementary medicine associate professionals,3230,Traditional and complementary medicine associate professionals,1,0,0,0,acupuncture methods; advise on mental health; apply a holistic approach in care; apply aromatherapy; apply context specific clinical competences; characteristics of plants; collect healthcare user's general data; communicate in healthcare; develop a collaborative therapeutic relationship; develop therapeutic relationships,2017,225.151,2024,168.598,-0.25117809825406057,2013,15427.52,2024,22516.854,0.4595251861608346,FALSE
BGD,Bangladesh,32,Health associate professionals,324,Veterinary technicians and assistants,3240,Veterinary technicians and assistants,6,0.02992345229516689,0,0,animal welfare legislation; apply safe work practices in a veterinary setting; handle veterinary emergencies; manage animal biosecurity; monitor the welfare of animals; anatomy of animals; animal behaviour; animal welfare; biosecurity related to animals; physiology of animals,2017,225.151,2024,168.598,-0.25117809825406057,2013,15427.52,2024,22516.854,0.4595251861608346,FALSE
BGD,Bangladesh,32,Health associate professionals,325,Other health associate professionals,3251,Dental assistants and therapists,1,0.07007834005666401,0.02777777777777777,0,accept own accountability; apply context specific clinical competences; apply organisational techniques; assist the dentist during the dental treatment procedure; communicate in healthcare; comply with legislation related to health care; contribute to continuity of health care; deal with emergency care situations; deal with patients' anxiety; develop a collaborative therapeutic relationship,2017,225.151,2024,168.598,-0.25117809825406057,2013,15427.52,2024,22516.854,0.4595251861608346,FALSE
BGD,Bangladesh,32,Health associate professionals,325,Other health associate professionals,3252,Medical records and health information technicians,5,0.07007834005666401,0.24333333333333332,0,use electronic health records management system; health records management; medical terminology; archive healthcare users' records; clinical coding; communicate in healthcare; document management; follow clinical guidelines; identify patients' medical records; maintain healthcare user data confidentiality,2017,225.151,2024,168.598,-0.25117809825406057,2013,15427.52,2024,22516.854,0.4595251861608346,FALSE
BGD,Bangladesh,32,Health associate professionals,325,Other health associate professionals,3253,Community health workers,2,0.07007834005666401,0,0,acute care; adapt teaching to target group; advise on safety measures; apply decision making within social work; apply knowledge of human behaviour; apply quality standards in social services; apply teaching strategies; assess social service users' situation; assess students; assist students with equipment,2017,225.151,2024,168.598,-0.25117809825406057,2013,15427.52,2024,22516.854,0.4595251861608346,FALSE
BGD,Bangladesh,32,Health associate professionals,325,Other health associate professionals,3254,Dispensing opticians,2,0.07007834005666401,0.00943396226415094,0,comply with optical prescriptions; cut lenses for eyeglasses; handle contact lenses; maintain records of clients' prescriptions; maintain relationship with suppliers; operate optical measuring equipment; optical glass characteristics; perform frames' repairs; prepare optical laboratory activities; sell optical products,2017,225.151,2024,168.598,-0.25117809825406057,2013,15427.52,2024,22516.854,0.4595251861608346,FALSE
BGD,Bangladesh,32,Health associate professionals,325,Other health associate professionals,3255,Physiotherapy technicians and assistants,4,0.07007834005666401,0.006097560975609755,0,empathise with the healthcare user; provide health education; develop therapeutic relationships; ensure safety of healthcare users; human anatomy; identify customer's needs; listen actively; maintain work area cleanliness; accept own accountability; apply context specific clinical competences,2017,225.151,2024,168.598,-0.25117809825406057,2013,15427.52,2024,22516.854,0.4595251861608346,FALSE
BGD,Bangladesh,32,Health associate professionals,325,Other health associate professionals,3256,Medical assistants,1,0.07007834005666401,0.04347826086956521,0,accept own accountability; adhere to organisational guidelines; administrative tasks in a medical environment; advise on healthcare users' informed consent; anaesthetics; answer patients' questions; apply context specific clinical competences; apply organisational techniques; assist in epilepsy surgery; communicate in healthcare,2017,225.151,2024,168.598,-0.25117809825406057,2013,15427.52,2024,22516.854,0.4595251861608346,FALSE
BGD,Bangladesh,32,Health associate professionals,325,Other health associate professionals,3257,Environmental and occupational health inspectors and associates,10,0.07007834005666401,0.018560545839957605,0,"write inspection reports; audit techniques; conduct workplace audits; ensure compliance with waste legislative regulations; health, safety and hygiene legislation; manage health and safety standards; monitor employee's health; monitor legislation developments; waste management; adhere to OHSAS 18001",2017,225.151,2024,168.598,-0.25117809825406057,2013,15427.52,2024,22516.854,0.4595251861608346,FALSE
BGD,Bangladesh,32,Health associate professionals,325,Other health associate professionals,3258,Ambulance workers,2,0.07007834005666401,0.028665028665028666,0,adhere to organisational guidelines; communicate in healthcare; comply with legislation related to health care; comply with quality standards related to healthcare practice; emergency cases; empathise with the healthcare user; first aid; human anatomy; hygiene in a health care setting; listen actively,2017,225.151,2024,168.598,-0.25117809825406057,2013,15427.52,2024,22516.854,0.4595251861608346,FALSE
BGD,Bangladesh,32,Health associate professionals,325,Other health associate professionals,3259,Health associate professionals not elsewhere classified,7,0.07007834005666401,0.05942750632405805,0,comply with legislation related to health care; communicate in healthcare; comply with quality standards related to healthcare practice; medical informatics; empathise with the healthcare user; ensure safety of healthcare users; health care legislation; human anatomy; hygiene in a health care setting; infection control,2017,225.151,2024,168.598,-0.25117809825406057,2013,15427.52,2024,22516.854,0.4595251861608346,FALSE
BGD,Bangladesh,33,Business and administration associate professionals,331,Financial and mathematical associate professionals,3311,Securities and finance dealers and brokers,13,0.00785920713301548,0.009332579185520362,0,analyse market financial trends; economics; financial markets; actuarial science; forecast economic trends; analyse economic trends; financial jurisdiction; financial products; handle financial transactions; securities,2017,343.333,2024,1089.375,2.1729399737281296,2013,15427.52,2024,22516.854,0.4595251861608346,TRUE
BGD,Bangladesh,33,Business and administration associate professionals,331,Financial and mathematical associate professionals,3312,Credit and loans officers,9,0.00785920713301548,0.03926767676767677,0,obtain financial information; analyse financial risk; advise on financial matters; analyse loans; analyse the credit history of potential customers; banking activities; credit control processes; maintain credit history of clients; provide support in financial calculation; actuarial science,2017,343.333,2024,1089.375,2.1729399737281296,2013,15427.52,2024,22516.854,0.4595251861608346,FALSE
BGD,Bangladesh,33,Business and administration associate professionals,331,Financial and mathematical associate professionals,3313,Accounting associate professionals,3,0.00785920713301548,0,0,accounting department processes; accounting entries; accounting techniques; attach accounting certificates to accounting transactions; bookkeeping regulations; depreciation; follow the statutory obligations; identify accounting errors; maintain financial records; prepare trial accounting balances,2017,343.333,2024,1089.375,2.1729399737281296,2013,15427.52,2024,22516.854,0.4595251861608346,FALSE
BGD,Bangladesh,33,Business and administration associate professionals,331,Financial and mathematical associate professionals,3314,"Statistical, mathematical and related associate professionals",2,0.00785920713301548,0.30000000000000004,0,apply statistical analysis techniques; statistical analysis system software; statistics; actuarial science; analyse market financial trends; apply scientific methods; calculate insurance rate; carry out statistical forecasts; compile statistical data for insurance purposes; conduct quantitative research,2017,343.333,2024,1089.375,2.1729399737281296,2013,15427.52,2024,22516.854,0.4595251861608346,FALSE
BGD,Bangladesh,33,Business and administration associate professionals,331,Financial and mathematical associate professionals,3315,Valuers and loss assessors,8,0.00785920713301548,0,0,insurance law; actuarial science; analyse claim files; claims procedures; collect property financial information; interview insurance claimants; obtain financial information; organise a damage assessment; principles of insurance; property law,2017,343.333,2024,1089.375,2.1729399737281296,2013,15427.52,2024,22516.854,0.4595251861608346,FALSE
BGD,Bangladesh,33,Business and administration associate professionals,332,Sales and purchasing agents and brokers,3321,Insurance representatives,4,0.02715933545573431,0.014705882352941175,0,actuarial science; insurance law; principles of insurance; types of insurance; analyse financial risk; claims procedures; analyse insurance risk; create insurance policies; obtain financial information; property law,2017,343.333,2024,1089.375,2.1729399737281296,2013,15427.52,2024,22516.854,0.4595251861608346,FALSE
BGD,Bangladesh,33,Business and administration associate professionals,332,Sales and purchasing agents and brokers,3322,Commercial sales representatives,3,0.02715933545573431,0.020833333333333336,0,answer requests for quotation; carry out sales analysis; characteristics of products; characteristics of services; identify customer's needs; sales strategies; assess customers; identify energy needs; inform customers on energy consumption fees; manage contracts,2017,343.333,2024,1089.375,2.1729399737281296,2013,15427.52,2024,22516.854,0.4595251861608346,FALSE
BGD,Bangladesh,33,Business and administration associate professionals,332,Sales and purchasing agents and brokers,3323,Buyers,9,0.02715933545573431,0.02092731829573935,0,identify suppliers; maintain relationship with suppliers; negotiate buying conditions; track price trends; communicate price changes; manage budgets; manage contracts; manage purchasing cycle; perform procurement processes; adhere to organisational guidelines,2017,343.333,2024,1089.375,2.1729399737281296,2013,15427.52,2024,22516.854,0.4595251861608346,FALSE
BGD,Bangladesh,33,Business and administration associate professionals,332,Sales and purchasing agents and brokers,3324,Trade brokers,41,0.02715933545573431,0.04942478964357627,0,negotiate sale of commodities; identify customer's needs; negotiate buying conditions; negotiate sales contracts; plan transport operations; assess supplier risks; build business relationships; comprehend financial business terminology; have computer literacy; identify new business opportunities,2017,343.333,2024,1089.375,2.1729399737281296,2013,15427.52,2024,22516.854,0.4595251861608346,FALSE
BGD,Bangladesh,33,Business and administration associate professionals,333,Business services agents,3331,Clearing and forwarding agents,40,0.02866816660257812,0.044004384551699124,0,international import export regulations; communicate with shipment forwarders; plan transport operations; administer multi-modal logistics; apply conflict management; apply export strategies; apply import strategies; build rapport with people from different cultural backgrounds; create import-export commercial documentation; create solutions to problems,2017,343.333,2024,1089.375,2.1729399737281296,2013,15427.52,2024,22516.854,0.4595251861608346,FALSE
BGD,Bangladesh,33,Business and administration associate professionals,333,Business services agents,3332,Conference and event planners,5,0.02866816660257812,0,0,arrange special events; confer with event staff; consult exhibition organisers; coordinate events; evaluate events; inspect event facilities; maintain customer service; maintain event records; monitor event activities; negotiate contracts with event providers,2017,343.333,2024,1089.375,2.1729399737281296,2013,15427.52,2024,22516.854,0.4595251861608346,FALSE
BGD,Bangladesh,33,Business and administration associate professionals,333,Business services agents,3333,Employment agents and contractors,1,0.02866816660257812,0,0,apply knowledge of human behaviour; communicate by telephone; develop professional network; document interviews; employment law; ensure gender equality in the workplace; hire human resources; interview people; job market offers; labour legislation,2017,343.333,2024,1089.375,2.1729399737281296,2013,15427.52,2024,22516.854,0.4595251861608346,FALSE
BGD,Bangladesh,33,Business and administration associate professionals,333,Business services agents,3334,Real estate agents and property managers,8,0.02866816660257812,0,0,property law; compare property values; real estate market; analyse financial performance of a company; analyse insurance risk; collect property financial information; corporate social responsibility; financial analysis; follow company standards; inform on renting agreements,2017,343.333,2024,1089.375,2.1729399737281296,2013,15427.52,2024,22516.854,0.4595251861608346,FALSE
BGD,Bangladesh,33,Business and administration associate professionals,333,Business services agents,3339,Business services agents not elsewhere classified,8,0.02866816660257812,0.004807692307692307,0,contract law; manage contracts; develop professional network; employment law; prospect new customers; protect client interests; adapt communication style according to recipient; adapt to artists' creative demands; advertise auction sales; advertising techniques,2017,343.333,2024,1089.375,2.1729399737281296,2013,15427.52,2024,22516.854,0.4595251861608346,FALSE
BGD,Bangladesh,33,Business and administration associate professionals,334,Administrative and specialised secretaries,3341,Office supervisors,7,0.00367647058823529,0.19325063358676803,0,call quality assurance management; present reports; analyse staff capacity; create solutions to problems; forecast workload; perform data analysis; write work-related reports; analyse call performance trends; call routing; call-centre technologies,2017,343.333,2024,1089.375,2.1729399737281296,2013,15427.52,2024,22516.854,0.4595251861608346,FALSE
BGD,Bangladesh,33,Business and administration associate professionals,334,Administrative and specialised secretaries,3342,Legal secretaries,2,0.00367647058823529,0,0,act discreetly; check official documents; communicate by telephone; compile legal documents; legal department processes; legal terminology; manage personnel agenda; meet deadlines for preparing legal cases; observe confidentiality; officiate civil partnerships,2017,343.333,2024,1089.375,2.1729399737281296,2013,15427.52,2024,22516.854,0.4595251861608346,FALSE
BGD,Bangladesh,33,Business and administration associate professionals,334,Administrative and specialised secretaries,3343,Administrative and executive secretaries,12,0.00367647058823529,0.15084341811887578,0,perform business research; use spreadsheets software; use office systems; company policies; disseminate messages to people; draft corporate emails; liaise with managers; observe confidentiality; office software; perform clerical duties,2017,343.333,2024,1089.375,2.1729399737281296,2013,15427.52,2024,22516.854,0.4595251861608346,FALSE
BGD,Bangladesh,33,Business and administration associate professionals,334,Administrative and specialised secretaries,3344,Medical secretaries,3,0.00367647058823529,0.1603174603174603,0,apply organisational techniques; maintain healthcare user data confidentiality; administrative tasks in a medical environment; align efforts towards business development; analyse business plans; analyse business processes; analyse financial risk; answer patients' questions; apply grammar and spelling rules; archive healthcare users' records,2017,343.333,2024,1089.375,2.1729399737281296,2013,15427.52,2024,22516.854,0.4595251861608346,FALSE
BGD,Bangladesh,33,Business and administration associate professionals,335,Regulatory government associate professionals,3351,Customs and border inspectors,3,0.03833186290082837,0,0,check official documents; identify security threats; advise on customs regulations; advise on licencing procedures; apply company policies; apply immigration law; check methods; check travel documentation; comply with legal regulations; conduct research interview,2017,343.333,2024,1089.375,2.1729399737281296,2013,15427.52,2024,22516.854,0.4595251861608346,FALSE
BGD,Bangladesh,33,Business and administration associate professionals,335,Regulatory government associate professionals,3352,Government tax and excise officials,2,0.03833186290082837,0,0,calculate tax; collect tax; handle financial transactions; inspect tax returns; inspect taxation documents; tax legislation; accounting techniques; advise on tax policy; assess debtor's financial situation; assess seizable goods,2017,343.333,2024,1089.375,2.1729399737281296,2013,15427.52,2024,22516.854,0.4595251861608346,FALSE
BGD,Bangladesh,33,Business and administration associate professionals,335,Regulatory government associate professionals,3353,Government social benefits officials,3,0.03833186290082837,0.04945054945054945,0,government social security programmes; protect client interests; social security law; advise on social security benefits; apply technical communication skills; conduct research interview; ensure information transparency; investigate social security applications; actuarial science; administer appointments,2017,343.333,2024,1089.375,2.1729399737281296,2013,15427.52,2024,22516.854,0.4595251861608346,FALSE
BGD,Bangladesh,33,Business and administration associate professionals,335,Regulatory government associate professionals,3354,Government licensing officials,3,0.03833186290082837,0,0,advise on licencing procedures; assess licence applications; check official documents; correspond with licence applicants; licences regulation; apply immigration law; apply technical communication skills; assess breaches of licence agreements; comply with legal regulations; fraud detection,2017,343.333,2024,1089.375,2.1729399737281296,2013,15427.52,2024,22516.854,0.4595251861608346,FALSE
BGD,Bangladesh,33,Business and administration associate professionals,335,Regulatory government associate professionals,3355,Police inspectors and detectives,3,0.03833186290082837,0,0,examine crime scenes; handle case evidence; analyse legal evidence; criminology; develop investigation strategy; ensure law application; form operational strategies for law enforcement; hear witness accounts; investigation research methods; law enforcement,2017,343.333,2024,1089.375,2.1729399737281296,2013,15427.52,2024,22516.854,0.4595251861608346,FALSE
BGD,Bangladesh,33,Business and administration associate professionals,335,Regulatory government associate professionals,3359,Regulatory government associate professionals not elsewhere classified,8,0.03833186290082837,0.006578947368421052,0,undertake inspections; perform inspections required by international conventions; adjust weight of cargo to capacity of freight transport vehicles; analyse business processes; communicate health and safety measures; communicate with customers; conduct environmental surveys; consumer protection; enforce sanitation procedures; ensure compliance with legal requirements,2017,343.333,2024,1089.375,2.1729399737281296,2013,15427.52,2024,22516.854,0.4595251861608346,FALSE
BGD,Bangladesh,34,"Legal, social, cultural and related associate professionals",341,"Legal, social and religious associate professionals",3411,Legal and related associate professionals,10,0.00190700104493207,0.026666666666666665,0,compile legal documents; court procedures; comply with legal regulations; legal research; legal terminology; assist judge; civil law; civil process order; handle case evidence; legal case management,2017,131.469,2024,114.406,-0.129787250226289,2013,15427.52,2024,22516.854,0.4595251861608346,TRUE
BGD,Bangladesh,34,"Legal, social, cultural and related associate professionals",341,"Legal, social and religious associate professionals",3412,Social work associate professionals,18,0.00190700104493207,0.00505050505050505,0,listen actively; contribute to protecting individuals from harm; relate empathetically; apply person-centred care; apply quality standards in social services; assess social service users' situation; maintain records of work with service users; manage social crisis; protect vulnerable social service users; accept own accountability,2017,131.469,2024,114.406,-0.129787250226289,2013,15427.52,2024,22516.854,0.4595251861608346,FALSE
BGD,Bangladesh,34,"Legal, social, cultural and related associate professionals",341,"Legal, social and religious associate professionals",3413,Religious associate professionals,2,0.00190700104493207,0,0,establish collaborative relations; observe confidentiality; promote religious activities; build community relations; guide conversion; interpret religious texts; mentor individuals; monasticism; perform religious ceremonies; prayer,2017,131.469,2024,114.406,-0.129787250226289,2013,15427.52,2024,22516.854,0.4595251861608346,FALSE
BGD,Bangladesh,34,"Legal, social, cultural and related associate professionals",342,Sports and fitness workers,3421,Athletes and sports players,1,0.03088353509382677,0,0,adapt lifestyle for sports performance; apply sport games rules; assess performance in sport events; develop strong attitudes in sports; implement relevant tactical skills to perform at the highest level in sport; implement relevant technical skills to perform at the highest level in sport; manage sporting career; participate in sport events; participate in training sessions; work to develop physical ability to perform at the highest level in sport,2017,131.469,2024,114.406,-0.129787250226289,2013,15427.52,2024,22516.854,0.4595251861608346,FALSE
BGD,Bangladesh,34,"Legal, social, cultural and related associate professionals",342,Sports and fitness workers,3422,"Sports coaches, instructors and officials",13,0.03088353509382677,0,0,instruct in sport; plan sports instruction programme; apply risk management in sports; adapt teaching to target group; assess performance in sport events; demonstrate when teaching; organise training; personalise sports programme; give constructive feedback; adapt teaching to student's capabilities,2017,131.469,2024,114.406,-0.129787250226289,2013,15427.52,2024,22516.854,0.4595251861608346,FALSE
BGD,Bangladesh,34,"Legal, social, cultural and related associate professionals",342,Sports and fitness workers,3423,Fitness and recreation instructors and program leaders,14,0.03088353509382677,0,0,animate in the outdoors; assess risk in the outdoors; communicate in an outdoor setting; correct potentially harmful movements; evaluate outdoor activities; give feedback on changing circumstances; implement risk management for outdoors; manage feedback; manage groups outdoors; manage outdoor resources,2017,131.469,2024,114.406,-0.129787250226289,2013,15427.52,2024,22516.854,0.4595251861608346,FALSE
BGD,Bangladesh,34,"Legal, social, cultural and related associate professionals",343,"Artistic, cultural and culinary associate professionals",3431,Photographers,2,0.01556141291963098,0.06971153846153846,0,select photographic equipment; set up photographic equipment; adapt to type of media; apply grammar and spelling rules; build contacts to maintain news flow; consult information sources; copyright legislation; create artificial light; create digital images; design an artificial lighting system,2017,131.469,2024,114.406,-0.129787250226289,2013,15427.52,2024,22516.854,0.4595251861608346,FALSE
BGD,Bangladesh,34,"Legal, social, cultural and related associate professionals",343,"Artistic, cultural and culinary associate professionals",3432,Interior designers and decorators,8,0.01556141291963098,0.053242995430495425,0,meet deadlines; work ergonomically; adapt to artists' creative demands; keep up with trends; prevent fire in a performance environment; understand artistic concepts; use personal protection equipment; work safely with chemicals; work with respect for own safety; adapt sets,2017,131.469,2024,114.406,-0.129787250226289,2013,15427.52,2024,22516.854,0.4595251861608346,FALSE
BGD,Bangladesh,34,"Legal, social, cultural and related associate professionals",343,"Artistic, cultural and culinary associate professionals",3433,"Gallery, museum and library technicians",3,0.01556141291963098,0.28985507246376807,0,advise on art handling; analyse big data; anatomy of animals; animal positions; animal species; animal welfare legislation; assess museum object condition; business intelligence; clean animal body parts; clean carcasses,2017,131.469,2024,114.406,-0.129787250226289,2013,15427.52,2024,22516.854,0.4595251861608346,FALSE
BGD,Bangladesh,34,"Legal, social, cultural and related associate professionals",343,"Artistic, cultural and culinary associate professionals",3434,Chefs,5,0.01556141291963098,0.03463345864661654,0,comply with food safety and hygiene; types of whisks; use cooking techniques; use reheating techniques; food waste monitoring systems; handover the food preparation area; manage staff; plan menus; use culinary finishing techniques; use resource-efficient technologies in hospitality,2017,131.469,2024,114.406,-0.129787250226289,2013,15427.52,2024,22516.854,0.4595251861608346,FALSE
BGD,Bangladesh,34,"Legal, social, cultural and related associate professionals",343,"Artistic, cultural and culinary associate professionals",3435,Other artistic and cultural associate professionals,32,0.01556141291963098,0.04205220735281817,0,work with respect for own safety; use personal protection equipment; work ergonomically; adapt to artists' creative demands; understand artistic concepts; prevent fire in a performance environment; work safely with machines; work safely with mobile electrical systems under supervision; follow safety procedures when working at heights; prepare personal work environment,2017,131.469,2024,114.406,-0.129787250226289,2013,15427.52,2024,22516.854,0.4595251861608346,FALSE
BGD,Bangladesh,35,Information and communications technicians,351,Information and communications technology operations and user support technicians,3511,Information and communications technology operations technicians,1,0,0.9285714285714286,0,administer ICT system; analyse ICT system; balance database resources; database management systems; develop contingency plans for emergencies; keep up with the latest information systems solutions; maintain ICT server; maintain database performance; maintain database security; manage database,2017,113.824,2024,133.102,0.16936674163621035,2013,15427.52,2024,22516.854,0.4595251861608346,TRUE
BGD,Bangladesh,35,Information and communications technicians,351,Information and communications technology operations and user support technicians,3512,Information and communications technology user support technicians,4,0,0.5732736572890025,0,keep up to date on product knowledge; use ICT hardware; ICT networking hardware; attack vectors; characteristics of products; characteristics of services; communicate with customers; create solutions to problems; procurement of ICT network equipment; product comprehension,2017,113.824,2024,133.102,0.16936674163621035,2013,15427.52,2024,22516.854,0.4595251861608346,FALSE
BGD,Bangladesh,35,Information and communications technicians,351,Information and communications technology operations and user support technicians,3513,Computer network and systems technicians,2,0,0.5788461538461538,0,ICT network cable limitations; ICT network routing; ICT network security risks; ICT networking hardware; adjust ICT system capacity; analyse network bandwidth requirements; analyse network configuration and performance; apply technical communication skills; common aviation safety regulations; communicate in air traffic services,2017,113.824,2024,133.102,0.16936674163621035,2013,15427.52,2024,22516.854,0.4595251861608346,FALSE
BGD,Bangladesh,35,Information and communications technicians,351,Information and communications technology operations and user support technicians,3514,Web technicians,1,0,0.8695652173913043,0,apply ICT system usage policies; apply tools for content development; authoring software; develop digital content; digital communication and collaboration; digital systems; domain name service; graphics editor software; implement front-end website design; maintain ICT server,2017,113.824,2024,133.102,0.16936674163621035,2013,15427.52,2024,22516.854,0.4595251861608346,FALSE
BGD,Bangladesh,35,Information and communications technicians,352,Telecommunications and broadcasting technicians,3521,Broadcasting and audiovisual technicians,13,0,0.29476321595427035,0,use technical documentation; work ergonomically; keep up with trends; adapt to artists' creative demands; coordinate audio system programmes; plan audiovisual recording; prevent fire in a performance environment; use audio reproduction software; work safely with chemicals; work safely with mobile electrical systems under supervision,2017,113.824,2024,133.102,0.16936674163621035,2013,15427.52,2024,22516.854,0.4595251861608346,FALSE
BGD,Bangladesh,35,Information and communications technicians,352,Telecommunications and broadcasting technicians,3522,Telecommunications engineering technicians,1,0,0.64,0,ICT communications protocols; ICT system user requirements; analog electronics theory; apply ICT system usage policies; apply system organisational policies; calibrate electronic instruments; direct inward dialing; electromagnetism; electronics principles; install monitors for process control,2017,113.824,2024,133.102,0.16936674163621035,2013,15427.52,2024,22516.854,0.4595251861608346,FALSE
BGD,Bangladesh,41,General and keyboard clerks,411,General office clerks,4110,General office clerks,2,0,0.14160839160839161,0,perform office routine activities; align content with form; apply grammar and spelling rules; communicate by telephone; communicate with customers; company policies; complete membership administration; customer service; deliver correspondence; develop professional network,2017,215.908,2024,200.202,-0.07274394649572961,2013,13499.541,2024,22677.55,0.6798756342900845,TRUE
BGD,Bangladesh,41,General and keyboard clerks,412,Secretaries (general),4120,Secretaries (general),1,0,0.2727272727272727,0,administer appointments; communicate by telephone; communicate schedules to the people concerned; company policies; disseminate internal communications; disseminate messages to people; draft corporate emails; file documents; fill out forms; handle mail,2017,215.908,2024,200.202,-0.07274394649572961,2013,13499.541,2024,22677.55,0.6798756342900845,FALSE
BGD,Bangladesh,41,General and keyboard clerks,413,Keyboard operators,4131,Typists and word processing operators,1,0,0.2307692307692308,0,align content with form; apply grammar and spelling rules; company policies; decode handwritten texts; draft corporate emails; liaise with typists; pose questions referring to documents; provide written content; transcription methods; type error-free documents,2017,215.908,2024,200.202,-0.07274394649572961,2013,13499.541,2024,22677.55,0.6798756342900845,FALSE
BGD,Bangladesh,41,General and keyboard clerks,413,Keyboard operators,4132,Data entry clerks,1,0,0.8,0,apply information security policies; apply statistical analysis techniques; database; documentation types; maintain data entry requirements; perform data cleansing; process data; query languages; resource description framework query language; use word processing software,2017,215.908,2024,200.202,-0.07274394649572961,2013,13499.541,2024,22677.55,0.6798756342900845,FALSE
BGD,Bangladesh,42,Customer services clerks,421,"Tellers, money collectors and related clerks",4211,Bank tellers and related clerks,2,0,0,0,communicate with customers; customer service; handle financial transactions; process payments; assist customers; banking activities; characteristics of products; characteristics of services; convert currency; deliver correspondence,2017,222.634,2024,180.49,-0.18929723222868017,2013,13499.541,2024,22677.55,0.6798756342900845,TRUE
BGD,Bangladesh,42,Customer services clerks,421,"Tellers, money collectors and related clerks",4212,"Bookmakers, croupiers and related gaming workers",9,0,0.07283950617283949,0,follow ethical code of conduct of gambling; casino game rules; casino policies; communicate with customers; follow safety precautions in a gaming room; games rules; maintain customer service; monitor casino finances; show good manners with players; communicate gambling rules,2017,222.634,2024,180.49,-0.18929723222868017,2013,13499.541,2024,22677.55,0.6798756342900845,FALSE
BGD,Bangladesh,42,Customer services clerks,421,"Tellers, money collectors and related clerks",4213,Pawnbrokers and money-lenders,1,0,0.0625,0,analyse financial risk; assess customer credibility; collect customer data; communicate with customers; debt collection techniques; debt systems; decide on loan applications; determine resale value of items; estimate value of used goods; handle financial transactions,2017,222.634,2024,180.49,-0.18929723222868017,2013,13499.541,2024,22677.55,0.6798756342900845,FALSE
BGD,Bangladesh,42,Customer services clerks,421,"Tellers, money collectors and related clerks",4214,Debt-collectors and related workers,2,0,0.02631578947368421,0,debt collection techniques; debt systems; maintain client debt records; perform debt investigation; analyse financial risk; assess customers; calculate debt costs; communicate with customers; create cooperation modalities; create solutions to problems,2017,222.634,2024,180.49,-0.18929723222868017,2013,13499.541,2024,22677.55,0.6798756342900845,FALSE
BGD,Bangladesh,42,Customer services clerks,422,Client information workers,4221,Travel consultants and clerks,9,0.03365175022963136,0.05034164766469666,0,maintain customer service; apply foreign languages in tourism; communicate with customers; geographical areas relevant to tourism; handle personal identifiable information; identify customer's needs; process booking; provide tourism related information; assist clients with special needs; build a network of suppliers in tourism,2017,222.634,2024,180.49,-0.18929723222868017,2013,13499.541,2024,22677.55,0.6798756342900845,FALSE
BGD,Bangladesh,42,Customer services clerks,422,Client information workers,4222,Contact centre information clerks,2,0.03365175022963136,0.2184873949579832,0,characteristics of products; characteristics of services; guarantee customer satisfaction; adapt to changing situations; answer incoming calls; collect customer data; communicate by telephone; communicate with customers; create solutions to problems; customer insight,2017,222.634,2024,180.49,-0.18929723222868017,2013,13499.541,2024,22677.55,0.6798756342900845,FALSE
BGD,Bangladesh,42,Customer services clerks,422,Client information workers,4223,Telephone switchboard operators,2,0.03365175022963136,0.2932330827067669,0,adhere to organisational guidelines; answer emergency calls; answer incoming calls; communicate by telephone; communicate verbal instructions; comply with legislation related to health care; comply with quality standards related to healthcare practice; dispatch ambulance; electronic communication; listen actively,2017,222.634,2024,180.49,-0.18929723222868017,2013,13499.541,2024,22677.55,0.6798756342900845,FALSE
BGD,Bangladesh,42,Customer services clerks,422,Client information workers,4224,Hotel receptionists,3,0.03365175022963136,0,0,assist at check-in; comply with food safety and hygiene; greet guests; handle customer complaints; maintain customer service; assist clients with special needs; deal with arrivals in accommodation; deal with departures in accommodation; handle financial transactions; maintain customer records,2017,222.634,2024,180.49,-0.18929723222868017,2013,13499.541,2024,22677.55,0.6798756342900845,FALSE
BGD,Bangladesh,42,Customer services clerks,422,Client information workers,4225,Enquiry clerks,1,0.03365175022963136,0.125,0,apply conflict management; apply knowledge of human behaviour; communicate with customers; control of expenses; create solutions to problems; customer service; determine charges for customer services; ensure client orientation; guarantee customer satisfaction; have computer literacy,2017,222.634,2024,180.49,-0.18929723222868017,2013,13499.541,2024,22677.55,0.6798756342900845,FALSE
BGD,Bangladesh,42,Customer services clerks,422,Client information workers,4226,Receptionists (general),3,0.03365175022963136,0.07846153846153846,0,communicate by telephone; maintain reception area; adhere to organisational guidelines; administer appointments; communicate with customers; customer service; administrative tasks in a medical environment; animal welfare; animal welfare legislation; answer patients' questions,2017,222.634,2024,180.49,-0.18929723222868017,2013,13499.541,2024,22677.55,0.6798756342900845,FALSE
BGD,Bangladesh,42,Customer services clerks,422,Client information workers,4227,Survey and market research interviewers,2,0.03365175022963136,0.06349206349206349,0,adhere to questionnaires; capture people's attention; communication; document interviews; information confidentiality; interview techniques; prepare survey report; respond to enquiries; survey techniques; tabulate survey results,2017,222.634,2024,180.49,-0.18929723222868017,2013,13499.541,2024,22677.55,0.6798756342900845,FALSE
BGD,Bangladesh,42,Customer services clerks,422,Client information workers,4229,Client information workers not elsewhere classified,1,0.03365175022963136,0,0,assist at check-in; assist clients with special needs; comply with food safety and hygiene; greet guests; handle customer complaints; identify customer's needs; maintain customer service; maintain relationship with customers; provide tourism related information,2017,222.634,2024,180.49,-0.18929723222868017,2013,13499.541,2024,22677.55,0.6798756342900845,FALSE
BGD,Bangladesh,43,Numerical and material recording clerks,431,Numerical clerks,4311,Accounting and bookkeeping clerks,2,0,0.041666666666666664,0,allocate bills; bookkeeping regulations; file documents; fill out forms; financial capability; financial department processes; follow up accounts receivables; handle financial transactions; handle mail; maintain credit history of clients,2017,118.794,2024,111.003,-0.0655841204101217,2013,13499.541,2024,22677.55,0.6798756342900845,TRUE
BGD,Bangladesh,43,Numerical and material recording clerks,431,Numerical clerks,4312,"Statistical, finance and insurance clerks",8,0,0.09843071015671634,0,perform clerical duties; maintain records of financial transactions; electronic communication; handle financial transactions; office software; banking activities; customer service; handle paperwork; provide financial product information; use office systems,2017,118.794,2024,111.003,-0.0655841204101217,2013,13499.541,2024,22677.55,0.6798756342900845,FALSE
BGD,Bangladesh,43,Numerical and material recording clerks,431,Numerical clerks,4313,Payroll clerks,1,0,0,0,calculate wages; carry out financial transactions; check payrolls; examine budgets; manage payroll; mathematics; prepare paychecks; procure time sheet approval; trace financial transactions,2017,118.794,2024,111.003,-0.0655841204101217,2013,13499.541,2024,22677.55,0.6798756342900845,FALSE
BGD,Bangladesh,43,Numerical and material recording clerks,432,Material-recording and transport clerks,4321,Stock clerks,6,0.04143232607689721,0.14595312095312096,0,manage inventory; manage warehouse operations; use IT tools; identify software for warehouse management; keep inventory of goods in production; perform warehousing operations; use a warehouse management system; use spreadsheets software; adapt to changing situations; adhere to organisational guidelines,2017,118.794,2024,111.003,-0.0655841204101217,2013,13499.541,2024,22677.55,0.6798756342900845,FALSE
BGD,Bangladesh,43,Numerical and material recording clerks,432,Material-recording and transport clerks,4322,Production clerks,1,0.04143232607689721,0,0,analyse production processes for improvement; communicate production plan; coordinate operational activities; create solutions to problems; keep records of work progress; liaise with managers; manage resources; manage teamwork; oversee production requirements; plan manufacturing processes,2017,118.794,2024,111.003,-0.0655841204101217,2013,13499.541,2024,22677.55,0.6798756342900845,FALSE
BGD,Bangladesh,43,Numerical and material recording clerks,432,Material-recording and transport clerks,4323,Transport clerks,21,0.04143232607689721,0.04977688223363256,0,use different communication channels; apply company policies; communicate verbal instructions; ensure public safety and security; match vessels to shipping routes; supervise loading of cargo; supervise unloading of cargo; types of maritime vessels; vessel traffic services; apply airport standards and regulations,2017,118.794,2024,111.003,-0.0655841204101217,2013,13499.541,2024,22677.55,0.6798756342900845,FALSE
BGD,Bangladesh,44,Other clerical support workers,441,Other clerical support workers,4411,Library clerks,1,0.0108695652173913,0.15384615384615383,0,analyse library users' queries; arrange interlibrary loans; assess informational needs; classify library materials; copyright legislation; display library material; instruct library users in digital literacy; maintain library equipment; maintain library inventory; manage library users queries,2017,337.714,2024,192.092,-0.43119918037155697,2013,13499.541,2024,22677.55,0.6798756342900845,TRUE
BGD,Bangladesh,44,Other clerical support workers,441,Other clerical support workers,4412,Mail carriers and sorting clerks,2,0.0108695652173913,0.12708333333333333,0,differentiate types of packages; ensure the integrity of mail; establish daily priorities; handle mail; maintain privacy of service users; operate mailing information systems; organise mail deliveries; act reliably; analyse travel alternatives; apply information security policies,2017,337.714,2024,192.092,-0.43119918037155697,2013,13499.541,2024,22677.55,0.6798756342900845,FALSE
BGD,Bangladesh,44,Other clerical support workers,441,Other clerical support workers,4413,"Coding, proof-reading and related clerks",1,0.0108695652173913,0.07692307692307693,0,apply grammar and spelling rules; copyright legislation; follow newspaper house style; follow work schedule; grammar; master language rules; proofread text; reproduce documents; rewrite manuscripts; spelling,2017,337.714,2024,192.092,-0.43119918037155697,2013,13499.541,2024,22677.55,0.6798756342900845,FALSE
BGD,Bangladesh,44,Other clerical support workers,441,Other clerical support workers,4415,Filing and copying clerks,1,0.0108695652173913,0.2307692307692308,0,digitization; ensure information transparency; ensure proper document management; facilitate access to information; file documents; fill out forms; information confidentiality; keep task records; organise business documents; perform clerical duties,2017,337.714,2024,192.092,-0.43119918037155697,2013,13499.541,2024,22677.55,0.6798756342900845,FALSE
BGD,Bangladesh,44,Other clerical support workers,441,Other clerical support workers,4416,Personnel clerks,1,0.0108695652173913,0,0,administer appointments; apply company policies; assess character; communicate by telephone; document interviews; fix meetings; hire human resources; identify with the company's goals; job market offers; listen actively,2017,337.714,2024,192.092,-0.43119918037155697,2013,13499.541,2024,22677.55,0.6798756342900845,FALSE
BGD,Bangladesh,44,Other clerical support workers,441,Other clerical support workers,4419,Clerical support workers not elsewhere classified,2,0.0108695652173913,0.16666666666666666,0,advertising techniques; apply grammar and spelling rules; communicate commercial and technical issues in foreign languages; company policies; develop creative ideas; develop digital content; digital media; ensure proper document management; file documents; grammar,2017,337.714,2024,192.092,-0.43119918037155697,2013,13499.541,2024,22677.55,0.6798756342900845,FALSE
BGD,Bangladesh,51,Personal service workers,511,"Travel attendants, conductors and guides",5111,Travel attendants and travel stewards,5,0.08005250203665552,0,0,assist passengers; comply with food safety and hygiene; greet guests; handle financial transactions; maintain customer service; serve food in table service; communicate verbal instructions; deliver outstanding service; follow verbal instructions; handle customer complaints,2017,1073.275,2024,910.967,-0.1512268523910462,2013,11060.728,2024,14455.173,0.306891644021985,TRUE
BGD,Bangladesh,51,Personal service workers,511,"Travel attendants, conductors and guides",5112,Transport conductors,4,0.08005250203665552,0.03170289855072463,0,provide information to passengers; answer questions about the train transport service; assist disable passengers; assist passengers; assist passengers in emergency situations; communicate clearly with passengers; handle petty cash; apply tramway regulations; check carriages; check tickets throughout carriages,2017,1073.275,2024,910.967,-0.1512268523910462,2013,11060.728,2024,14455.173,0.306891644021985,FALSE
BGD,Bangladesh,51,Personal service workers,511,"Travel attendants, conductors and guides",5113,Travel guides,4,0.08005250203665552,0,0,conduct educational activities; assemble visitor supplies; collect visitor fees; create solutions to problems; educate people about nature; engage local communities in the management of natural protected areas; ensure health and safety of visitors; escort visitors to places of interest; inform visitors at tour sites; local geography,2017,1073.275,2024,910.967,-0.1512268523910462,2013,11060.728,2024,14455.173,0.306891644021985,FALSE
BGD,Bangladesh,51,Personal service workers,512,Cooks,5120,Cooks,5,0.0201290322580645,0,0,"comply with food safety and hygiene; ensure cleanliness of food preparation area; handover the food preparation area; maintain a safe, hygienic and secure working environment; maintain kitchen equipment at correct temperature; receive kitchen supplies; store raw food materials; use cooking techniques; use culinary finishing techniques; use food cutting tools",2017,1073.275,2024,910.967,-0.1512268523910462,2013,11060.728,2024,14455.173,0.306891644021985,FALSE
BGD,Bangladesh,51,Personal service workers,513,Waiters and bartenders,5131,Waiters,7,0.00444444444444444,0,0,maintain customer service; assist customers; comply with food safety and hygiene; assist VIP guests; check dining room cleanliness; prepare alcoholic beverages; serve wines; train employees; advise guests on menus for special events; analyse trends in the food and beverage industries,2017,1073.275,2024,910.967,-0.1512268523910462,2013,11060.728,2024,14455.173,0.306891644021985,FALSE
BGD,Bangladesh,51,Personal service workers,513,Waiters and bartenders,5132,Bartenders,3,0.00444444444444444,0,0,comply with food safety and hygiene; execute opening and closing procedures; handover the service area; maintain customer service; upsell products; clear the bar at closing time; display spirits; enforce alcohol drinking laws; handle bar equipment; handle glassware,2017,1073.275,2024,910.967,-0.1512268523910462,2013,11060.728,2024,14455.173,0.306891644021985,FALSE
BGD,Bangladesh,51,Personal service workers,514,"Hairdressers, beauticians and related workers",5141,Hairdressers,5,0.00217864923747276,0,0,hair; work ergonomically; work safely with chemicals; dye hair; hair products; maintain customer service; maintain equipment; style hair; use equipment for hair care; advise on hair style,2017,1073.275,2024,910.967,-0.1512268523910462,2013,11060.728,2024,14455.173,0.306891644021985,FALSE
BGD,Bangladesh,51,Personal service workers,514,"Hairdressers, beauticians and related workers",5142,Beauticians and related workers,12,0.00217864923747276,0.0021929824561403508,0,maintain customer service; identify customer's needs; work ergonomically; cosmetics; advise customers on usage of cosmetics; maintain equipment; cosmetics industry; skin types; conform to cosmetics regulatory requirements; cosmetic skin treatment,2017,1073.275,2024,910.967,-0.1512268523910462,2013,11060.728,2024,14455.173,0.306891644021985,FALSE
BGD,Bangladesh,51,Personal service workers,515,Building and housekeeping supervisors,5151,"Cleaning and housekeeping supervisors in offices, hotels and other establishments",2,0.03300551398955653,0,0,comply with food safety and hygiene; handle customer complaints; maintain customer service; assess cleanliness of areas; assist at check-in; coordinate redecoration of hospitality establishment; ensure cross-department cooperation; explain features in accommodation venue; greet guests; handle guest luggage,2017,1073.275,2024,910.967,-0.1512268523910462,2013,11060.728,2024,14455.173,0.306891644021985,FALSE
BGD,Bangladesh,51,Personal service workers,515,Building and housekeeping supervisors,5152,Domestic housekeepers,3,0.03300551398955653,0,0,greet guests; identify customer's needs; maintain personal hygiene standards; perform cleaning duties; arrange tables; assist at check-in; buy groceries; check dining room cleanliness; clean rooms; clean surfaces,2017,1073.275,2024,910.967,-0.1512268523910462,2013,11060.728,2024,14455.173,0.306891644021985,FALSE
BGD,Bangladesh,51,Personal service workers,515,Building and housekeeping supervisors,5153,Building caretakers,3,0.03300551398955653,0,0,register information on arrivals and departures; Bible texts; accounting techniques; canon law; collect mail; comply with legal regulations; disseminate messages to people; energy conservation; ensure equipment availability; ensure private property security,2017,1073.275,2024,910.967,-0.1512268523910462,2013,11060.728,2024,14455.173,0.306891644021985,FALSE
BGD,Bangladesh,51,Personal service workers,516,Other personal services workers,5161,"Astrologers, fortune-tellers and related workers",4,0.02341215756957677,0.05,0,maintain customer service; manage personal professional development; prospect new customers; rhetoric; develop professional network; give advice on personal matters; maintain privacy of service users; occultism; use consulting techniques; assess character,2017,1073.275,2024,910.967,-0.1512268523910462,2013,11060.728,2024,14455.173,0.306891644021985,FALSE
BGD,Bangladesh,51,Personal service workers,516,Other personal services workers,5162,Companions and valets,1,0.02341215756957677,0,0,accompany people; clean rooms; clean surfaces; communicate with customers; empathise with the healthcare user; iron textiles; keep company; listen actively; make the beds; prepare ready-made dishes,2017,1073.275,2024,910.967,-0.1512268523910462,2013,11060.728,2024,14455.173,0.306891644021985,FALSE
BGD,Bangladesh,51,Personal service workers,516,Other personal services workers,5163,Undertakers and embalmers,4,0.02341215756957677,0,0,promote human rights; show diplomacy; administer appointments; advise on funeral services; apply health and safety standards; cooperate with funeral directors; greet guests; maintain customer service; maintain inventory of tools; maintain personal hygiene standards,2017,1073.275,2024,910.967,-0.1512268523910462,2013,11060.728,2024,14455.173,0.306891644021985,FALSE
BGD,Bangladesh,51,Personal service workers,516,Other personal services workers,5164,Pet groomers and animal care workers,15,0.02341215756957677,0.002564102564102564,0,monitor the welfare of animals; control animal movement; animal welfare legislation; apply animal hygiene practices; assess animal behaviour; provide first aid to animals; signs of animal illness; animal behaviour; animal welfare; manage animal biosecurity,2017,1073.275,2024,910.967,-0.1512268523910462,2013,11060.728,2024,14455.173,0.306891644021985,FALSE
BGD,Bangladesh,51,Personal service workers,516,Other personal services workers,5165,Driving instructors,6,0.02341215756957677,0.035377689942907325,0,adapt teaching to student's capabilities; apply teaching strategies; assist students in their learning; curriculum objectives; encourage students to acknowledge their achievements; give constructive feedback; guarantee students' safety; health and safety measures in transportation; interpret traffic signals; monitor developments in field of expertise,2017,1073.275,2024,910.967,-0.1512268523910462,2013,11060.728,2024,14455.173,0.306891644021985,FALSE
BGD,Bangladesh,51,Personal service workers,516,Other personal services workers,5169,Personal services workers not elsewhere classified,3,0.02341215756957677,0,0,maintain customer service; maintain relationship with customers; accompany people; advise on dating; assess character; assist VIP guests; assist customers; assist guest departure; deal with aggressive behaviour; develop professional network,2017,1073.275,2024,910.967,-0.1512268523910462,2013,11060.728,2024,14455.173,0.306891644021985,FALSE
BGD,Bangladesh,52,Sales workers,521,Street and market salespersons,5211,Stall and market salespersons,1,0.0259136212624584,0,0,adapt to different weather conditions; arrange permit for market stall; assist customers; consumer protection; guarantee customer satisfaction; maintain work area cleanliness; operate cash register; organise product display; process payments; product comprehension,2017,8335.343,2024,8519.358,0.022076476037038835,2013,11060.728,2024,14455.173,0.306891644021985,TRUE
BGD,Bangladesh,52,Sales workers,521,Street and market salespersons,5212,Street food salespersons,1,0.0259136212624584,0,0,adapt to different weather conditions; arrange permit for market stall; assist customers; consumer protection; execute chilling processes to food products; food authentication techniques; food legislation; food storage; guarantee customer satisfaction; maintain work area cleanliness,2017,8335.343,2024,8519.358,0.022076476037038835,2013,11060.728,2024,14455.173,0.306891644021985,FALSE
BGD,Bangladesh,52,Sales workers,522,Shop salespersons,5221,Shop keepers,1,0.00193234765819965,0.04,0,analyse data for policy decisions in trade; build business relationships; commercial law; control of expenses; develop business case; ensure compliance with purchasing and contracting regulations; guarantee customer satisfaction; handle financial overviews of the store; identify suppliers; implement marketing strategies,2017,8335.343,2024,8519.358,0.022076476037038835,2013,11060.728,2024,14455.173,0.306891644021985,FALSE
BGD,Bangladesh,52,Sales workers,522,Shop salespersons,5222,Shop supervisors,2,0.00193234765819965,0.025,0,apply company policies; control of expenses; manage budgets; manage staff; monitor customer service; oversee promotional sales prices; recruit employees; train employees; create solutions to problems; develop financial statistics reports,2017,8335.343,2024,8519.358,0.022076476037038835,2013,11060.728,2024,14455.173,0.306891644021985,FALSE
BGD,Bangladesh,52,Sales workers,522,Shop salespersons,5223,Shop sales assistants,44,0.00193234765819965,0.042371819955421414,0,identify customer's needs; provide customer follow-up services; characteristics of products; characteristics of services; carry out order intake; examine merchandise; guarantee customer satisfaction; operate cash register; organise product display; process refunds,2017,8335.343,2024,8519.358,0.022076476037038835,2013,11060.728,2024,14455.173,0.306891644021985,FALSE
BGD,Bangladesh,52,Sales workers,523,Cashiers and ticket clerks,5230,Cashiers and ticket clerks,3,0,0.015873015873015872,0,apply numeracy skills; operate cash register; process payments; communicate with customers; issue sales invoices; process refunds; provide customer follow-up services; use different communication channels; assist clients with special needs; cancellation policies of service providers,2017,8335.343,2024,8519.358,0.022076476037038835,2013,11060.728,2024,14455.173,0.306891644021985,FALSE
BGD,Bangladesh,52,Sales workers,524,Other sales workers,5241,Fashion and other models,2,0.00156739811912225,0,0,attend castings; harmonise body movements; maintain an artistic portfolio; maintain personal hygiene standards; pose in front of a camera; adapt to artists' creative demands; collaborate on costume and make-up for performances; define artistic vision; develop professional network; express yourself physically,2017,8335.343,2024,8519.358,0.022076476037038835,2013,11060.728,2024,14455.173,0.306891644021985,FALSE
BGD,Bangladesh,52,Sales workers,524,Other sales workers,5242,Sales demonstrators,1,0.00156739811912225,0,0,assist customers; characteristics of products; characteristics of services; demonstrate products' features; ensure client orientation; ensure product preparation; establish customer rapport; hand out product samples; keep promotions records; maintain work area cleanliness,2017,8335.343,2024,8519.358,0.022076476037038835,2013,11060.728,2024,14455.173,0.306891644021985,FALSE
BGD,Bangladesh,52,Sales workers,524,Other sales workers,5243,Door to door salespersons,1,0.00156739811912225,0,0,achieve sales targets; adapt to different weather conditions; apply health and safety standards; assist customers; carry out active selling; demonstrate products' features; ensure client orientation; guarantee customer satisfaction; identify customer's needs; implement customer follow-up,2017,8335.343,2024,8519.358,0.022076476037038835,2013,11060.728,2024,14455.173,0.306891644021985,FALSE
BGD,Bangladesh,52,Sales workers,524,Other sales workers,5244,Contact centre salespersons,1,0.00156739811912225,0.17647058823529413,0,adapt to changing situations; characteristics of products; characteristics of services; communicate by telephone; create solutions to problems; credit card payments; guarantee customer satisfaction; handle tasks independently; have computer literacy; keep task records,2017,8335.343,2024,8519.358,0.022076476037038835,2013,11060.728,2024,14455.173,0.306891644021985,FALSE
BGD,Bangladesh,52,Sales workers,524,Other sales workers,5245,Service station attendants,1,0.00156739811912225,0.03125,0,apply numeracy skills; calculate fuel sales from pumps; carry out active selling; carry out order intake; carry out products preparation; characteristics of products; characteristics of services; demonstrate products' features; e-commerce systems; ensure compliance with legal requirements,2017,8335.343,2024,8519.358,0.022076476037038835,2013,11060.728,2024,14455.173,0.306891644021985,FALSE
BGD,Bangladesh,52,Sales workers,524,Other sales workers,5246,Food service counter attendants,2,0.00156739811912225,0,0,comply with food safety and hygiene; clean kitchen equipment; ensure food quality; execute opening and closing procedures; follow hygienic procedures during food processing; follow procedures to control substances hazardous to health; food allergies; food authentication techniques; food legislation; food preservation,2017,8335.343,2024,8519.358,0.022076476037038835,2013,11060.728,2024,14455.173,0.306891644021985,FALSE
BGD,Bangladesh,52,Sales workers,524,Other sales workers,5249,Sales workers not elsewhere classified,14,0.00156739811912225,0.08809099802888623,0,have computer literacy; achieve sales targets; apply numeracy skills; communicate with customers; financial capability; handle rental overdues; identify customer's needs; perform multiple tasks at the same time; process data; process payments,2017,8335.343,2024,8519.358,0.022076476037038835,2013,11060.728,2024,14455.173,0.306891644021985,FALSE
BGD,Bangladesh,53,Personal care workers,531,Child care workers and teachers’ aides,5311,Child care workers,6,0,0,0,communicate with youth; supervise children; maintain relations with children's parents; attend to children's basic physical needs; play with children; workplace sanitation; assist children in developing personal skills; assist children with homework; handle chemical cleaning agents; adhere to organisational guidelines,2017,69.543,2024,129.095,0.8563334915088504,2013,11060.728,2024,14455.173,0.306891644021985,TRUE
BGD,Bangladesh,53,Personal care workers,531,Child care workers and teachers’ aides,5312,Teachers’ aides,4,0,0,0,assist students in their learning; encourage students to acknowledge their achievements; give constructive feedback; guarantee students' safety; handle children's problems; perform playground surveillance; provide lesson materials; provide teacher support; support children's wellbeing; support the positiveness of youths,2017,69.543,2024,129.095,0.8563334915088504,2013,11060.728,2024,14455.173,0.306891644021985,FALSE
BGD,Bangladesh,53,Personal care workers,532,Personal care workers in health services,5321,Health care assistants,2,0.00277777777777776,0.03125,0,accept own accountability; advise on healthcare users' informed consent; communicate with nursing staff; comply with legislation related to health care; comply with quality standards related to healthcare practice; contribute to continuity of health care; empathise with the healthcare user; ensure safety of healthcare users; follow clinical guidelines; identify abnormalities,2017,69.543,2024,129.095,0.8563334915088504,2013,11060.728,2024,14455.173,0.306891644021985,FALSE
BGD,Bangladesh,53,Personal care workers,532,Personal care workers in health services,5322,Home-based personal care workers,1,0.00277777777777776,0,0,accompany people; apply first response; assist clients with special needs; assist disable passengers; assist social service users with physical disabilities; buy groceries; disability care; disability types; evaluate older adults' ability to take care of themselves; first response,2017,69.543,2024,129.095,0.8563334915088504,2013,11060.728,2024,14455.173,0.306891644021985,FALSE
BGD,Bangladesh,53,Personal care workers,532,Personal care workers in health services,5329,Personal care workers in health services not elsewhere classified,3,0.00277777777777776,0.02188034188034188,0,communicate in healthcare; comply with legislation related to health care; use technical equipment for sterilisation; adhere to organisational guidelines; comply with quality standards related to healthcare practice; ensure safety of healthcare users; follow clinical guidelines; human anatomy; hygiene in a health care setting; infection control,2017,69.543,2024,129.095,0.8563334915088504,2013,11060.728,2024,14455.173,0.306891644021985,FALSE
BGD,Bangladesh,54,Protective services workers,541,Protective services workers,5411,Fire-fighters,5,0.03605328963784841,0,0,ensure public safety and security; extinguish fires; fire prevention procedures; fire safety regulations; fire-fighting systems; first aid; hydraulics; manage emergency care situations; manage major incidents; use different types of fire extinguishers,2017,544.653,2024,562.343,0.03247939513782159,2013,11060.728,2024,14455.173,0.306891644021985,TRUE
BGD,Bangladesh,54,Protective services workers,541,Protective services workers,5412,Police officers,1,0.03605328963784841,0,0,apply first response; comply with legal regulations; comply with the principles of self-defence; detain offenders; ensure compliance with types of weapons; ensure law application; first response; handle case evidence; identify security threats; instruct public,2017,544.653,2024,562.343,0.03247939513782159,2013,11060.728,2024,14455.173,0.306891644021985,FALSE
BGD,Bangladesh,54,Protective services workers,541,Protective services workers,5413,Prison guards,2,0.03605328963784841,0,0,correctional procedures; escort defendants; identify security threats; illegal substances; law enforcement; legal use-of-force; patrol areas; restrain individuals; undertake inspections; apply knowledge of human behaviour,2017,544.653,2024,562.343,0.03247939513782159,2013,11060.728,2024,14455.173,0.306891644021985,FALSE
BGD,Bangladesh,54,Protective services workers,541,Protective services workers,5414,Security guards,10,0.03605328963784841,0.03408882783882784,0,identify security threats; liaise with security authorities; practice vigilance; security threats; detain offenders; ensure public safety and security; perform security checks; comply with the principles of self-defence; check official documents; check tickets at venue entry,2017,544.653,2024,562.343,0.03247939513782159,2013,11060.728,2024,14455.173,0.306891644021985,FALSE
BGD,Bangladesh,54,Protective services workers,541,Protective services workers,5419,Protective services workers not elsewhere classified,10,0.03605328963784841,0.007692307692307693,0,patrol areas; animal welfare legislation; assist emergency services; comply with legal regulations; control crowd; ensure law application; ensure public safety and security; escort pedestrians across streets; estimate damage; first aid,2017,544.653,2024,562.343,0.03247939513782159,2013,11060.728,2024,14455.173,0.306891644021985,FALSE
BGD,Bangladesh,61,Market-oriented skilled agricultural workers,611,Market gardeners and crop growers,6111,Field crop and vegetable growers,1,0.22778924553140897,0,0,agroecology; agroforestry; agronomical production principles; assign duties to agriculture workers; crop production principles; ecology; ensure soil fertility; environmental legislation in agriculture and forestry; execute disease and pest control activities; execute fertilisation,2017,18314.45,2024,26741.711,0.46014272882887547,2013,9835.996,2024,12943.573,0.3159392297434852,TRUE
BGD,Bangladesh,61,Market-oriented skilled agricultural workers,611,Market gardeners and crop growers,6112,Tree and shrub crop growers,7,0.22778924553140897,0.009065934065934065,0,supervise hygiene procedures in agricultural settings; environmental legislation in agriculture and forestry; health and safety regulations; pest control in plants; control grape quality; execute disease and pest control activities; execute fertilisation; fertilisation principles; monitor winemaking process; operate hand pruning equipment,2017,18314.45,2024,26741.711,0.46014272882887547,2013,9835.996,2024,12943.573,0.3159392297434852,FALSE
BGD,Bangladesh,61,Market-oriented skilled agricultural workers,611,Market gardeners and crop growers,6113,"Gardeners, horticultural and nursery growers",6,0.22778924553140897,0.00803329461866047,0,execute disease and pest control activities; pest control in plants; plant disease control; plant species; environmental legislation in agriculture and forestry; horticulture principles; grow plants; perform pest control; perform weed control operations; prepare planting area,2017,18314.45,2024,26741.711,0.46014272882887547,2013,9835.996,2024,12943.573,0.3159392297434852,FALSE
BGD,Bangladesh,61,Market-oriented skilled agricultural workers,611,Market gardeners and crop growers,6114,Mixed crop growers,1,0.22778924553140897,0,0,agroforestry; agronomical production principles; assign duties to agriculture workers; crop production principles; cultivate crops for biomass; ecology; ensure soil fertility; environmental legislation in agriculture and forestry; execute disease and pest control activities; fertilisation principles,2017,18314.45,2024,26741.711,0.46014272882887547,2013,9835.996,2024,12943.573,0.3159392297434852,FALSE
BGD,Bangladesh,61,Market-oriented skilled agricultural workers,612,Animal producers,6121,Livestock and dairy producers,6,0.01883830035487628,0,0,animal welfare legislation; assist animal birth; livestock species; manage livestock; provide nutrition to animals; select livestock; administer drugs to facilitate breeding; administer treatment to animals; animal nutrition; apply animal hygiene practices,2017,18314.45,2024,26741.711,0.46014272882887547,2013,9835.996,2024,12943.573,0.3159392297434852,FALSE
BGD,Bangladesh,61,Market-oriented skilled agricultural workers,612,Animal producers,6122,Poultry producers,2,0.01883830035487628,0,0,animal welfare legislation; apply animal hygiene practices; administer drugs to facilitate breeding; administer treatment to animals; animal nutrition; assist animal birth; assist in transportation of animals; biosecurity; breed poultry; care for juvenile animals,2017,18314.45,2024,26741.711,0.46014272882887547,2013,9835.996,2024,12943.573,0.3159392297434852,FALSE
BGD,Bangladesh,61,Market-oriented skilled agricultural workers,612,Animal producers,6123,Apiarists and sericulturists,1,0.01883830035487628,0,0,administer drugs to facilitate breeding; administer treatment to animals; animal nutrition; animal welfare legislation; apply animal hygiene practices; assist in transportation of animals; breed insects; care for juvenile animals; control animal movement; create animal records,2017,18314.45,2024,26741.711,0.46014272882887547,2013,9835.996,2024,12943.573,0.3159392297434852,FALSE
BGD,Bangladesh,61,Market-oriented skilled agricultural workers,612,Animal producers,6129,Animal producers not elsewhere classified,1,0.01883830035487628,0,0,administer drugs to facilitate breeding; administer treatment to animals; animal nutrition; animal welfare legislation; apply animal hygiene practices; assist animal birth; assist in transportation of animals; breed rabbits; care for juvenile animals; control animal movement,2017,18314.45,2024,26741.711,0.46014272882887547,2013,9835.996,2024,12943.573,0.3159392297434852,FALSE
BGD,Bangladesh,61,Market-oriented skilled agricultural workers,613,Mixed crop and animal producers,6130,Mixed crop and animal producers,2,0.26986076986076946,0,0,agricultural business management; agronomical production principles; assign duties to agriculture workers; manage farm supplies; operate farm equipment; supervise hygiene procedures in agricultural settings; assess new farming technologies; crop production principles; cultivate crops for biomass; drive agricultural machines,2017,18314.45,2024,26741.711,0.46014272882887547,2013,9835.996,2024,12943.573,0.3159392297434852,FALSE
BGD,Bangladesh,62,"Market-oriented skilled forestry, fishery and hunting workers",621,Forestry and related workers,6210,Forestry and related workers,1,0.512195121951219,0,0,"assist forest visitors; de-limb trees; develop forestry strategies; enforce park rules; environmental legislation; forest conservation; habitat restoration; health, safety and hygiene legislation; make decisions regarding forestry management; monitor forest health",2017,1133.744,2024,1152.009,0.016110338841925604,2013,9835.996,2024,12943.573,0.3159392297434852,TRUE
BGD,Bangladesh,62,"Market-oriented skilled forestry, fishery and hunting workers",622,"Fishery workers, hunters and trappers",6221,Aquaculture workers,11,0.08570595233870197,0.02938579671897505,0,fish biology; control aquatic production environment; ensure aquaculture personnel health and safety; monitor fish health status; preserve fish samples for diagnosis; apply fish treatments; biosecurity; carry out preparations for fish disease specialist; collect broodstock; monitor aquaculture feeding behaviour,2017,1133.744,2024,1152.009,0.016110338841925604,2013,9835.996,2024,12943.573,0.3159392297434852,FALSE
BGD,Bangladesh,62,"Market-oriented skilled forestry, fishery and hunting workers",622,"Fishery workers, hunters and trappers",6222,Inland and coastal waters fishery workers,1,0.08570595233870197,0.06818181818181818,0,Global Maritime Distress and Safety System; International Convention for the Prevention of Pollution from Ships; apply fishing maneuvres; assess stability of vessels; assess trim of vessels; assessment of risks and threats; code of Conduct for Responsible Fisheries; communicate using the global maritime distress and safety system; conduct water navigation; coordinate fire fighting,2017,1133.744,2024,1152.009,0.016110338841925604,2013,9835.996,2024,12943.573,0.3159392297434852,FALSE
BGD,Bangladesh,62,"Market-oriented skilled forestry, fishery and hunting workers",622,"Fishery workers, hunters and trappers",6223,Deep-sea fishery workers,3,0.08570595233870197,0.044466403162055336,0,code of Conduct for Responsible Fisheries; deterioration of fish products; fisheries legislation; fishing gear; international regulations for preventing collisions at sea; maintain safe navigation watches; quality of fish products; risks associated with undertaking fishing operations; support vessel manoeuvres; swim,2017,1133.744,2024,1152.009,0.016110338841925604,2013,9835.996,2024,12943.573,0.3159392297434852,FALSE
BGD,Bangladesh,62,"Market-oriented skilled forestry, fishery and hunting workers",622,"Fishery workers, hunters and trappers",6224,Hunters and trappers,1,0.08570595233870197,0,0,European firearms-control legislation; acquire licences for the use of weapons; animal hunting; camouflage; comply with wildlife hazard management programmes; dispose of dead animals; ensure compliance with environmental legislation; hunt animals; manage game management plans; monitor wildlife,2017,1133.744,2024,1152.009,0.016110338841925604,2013,9835.996,2024,12943.573,0.3159392297434852,FALSE
BGD,Bangladesh,71,"Building and related trades workers, excluding electricians",711,Building frame and related trades workers,7111,House builders,1,0.06856303087856466,0,0,building codes; building materials industry; check compatibility of materials; check construction compliance; create floor plan template; create smooth wood surface; design floor; follow health and safety procedures in construction; follow safety procedures when working at heights; inspect concrete structures,2017,2698.948,2024,3325.414,0.23211488328044866,2013,11393.574,2024,14625.06,0.2836235583320913,TRUE
BGD,Bangladesh,71,"Building and related trades workers, excluding electricians",711,Building frame and related trades workers,7112,Bricklayers and related workers,1,0.06856303087856466,0,0,check straightness of brick; discharge cement; finish mortar joints; follow health and safety procedures in construction; follow safety procedures when working at heights; inspect construction supplies; install construction profiles; interpret 2D plans; interpret 3D plans; lay bricks,2017,2698.948,2024,3325.414,0.23211488328044866,2013,11393.574,2024,14625.06,0.2836235583320913,FALSE
BGD,Bangladesh,71,"Building and related trades workers, excluding electricians",711,Building frame and related trades workers,7113,"Stonemasons, stone cutters, splitters and carvers",2,0.06856303087856466,0,0,inspect stone surface; adjust cut sizes; building codes; clean engraved areas; cool workpiece; create cutting plan; engrave patterns; ensure equipment availability; follow health and safety procedures in construction; inspect construction supplies,2017,2698.948,2024,3325.414,0.23211488328044866,2013,11393.574,2024,14625.06,0.2836235583320913,FALSE
BGD,Bangladesh,71,"Building and related trades workers, excluding electricians",711,Building frame and related trades workers,7114,"Concrete placers, concrete finishers and related workers",2,0.06856303087856466,0,0,follow health and safety procedures in construction; screed concrete; transport construction supplies; use measurement instruments; work ergonomically; apply proofing membranes; blast surface; clean wood surface; grind terrazzo; grout terrazzo,2017,2698.948,2024,3325.414,0.23211488328044866,2013,11393.574,2024,14625.06,0.2836235583320913,FALSE
BGD,Bangladesh,71,"Building and related trades workers, excluding electricians",711,Building frame and related trades workers,7115,Carpenters and joiners,7,0.06856303087856466,0,0,follow health and safety procedures in construction; inspect construction supplies; use measurement instruments; use safety equipment in construction; work ergonomically; apply wood finishes; install construction profiles; interpret 2D plans; interpret 3D plans; manipulate glass,2017,2698.948,2024,3325.414,0.23211488328044866,2013,11393.574,2024,14625.06,0.2836235583320913,FALSE
BGD,Bangladesh,71,"Building and related trades workers, excluding electricians",711,Building frame and related trades workers,7119,Building frame and related trades workers not elsewhere classified,5,0.06856303087856466,0,0,work ergonomically; follow health and safety procedures in construction; follow safety procedures when working at heights; use safety equipment in construction; work in a construction team; build scaffolding; construct working platform; inspect construction supplies; use technical documentation; assemble performance equipment,2017,2698.948,2024,3325.414,0.23211488328044866,2013,11393.574,2024,14625.06,0.2836235583320913,FALSE
BGD,Bangladesh,71,"Building and related trades workers, excluding electricians",712,Building finishers and related trades workers,7121,Roofers,1,0.11520213049441053,0,0,apply roll roofing; construct wood roofs; follow health and safety procedures in construction; follow safety procedures when working at heights; inspect construction supplies; inspect roofs; install gutters; install insulation material; install roof flashing; interpret 2D plans,2017,2698.948,2024,3325.414,0.23211488328044866,2013,11393.574,2024,14625.06,0.2836235583320913,FALSE
BGD,Bangladesh,71,"Building and related trades workers, excluding electricians",712,Building finishers and related trades workers,7122,Floor layers and tile setters,4,0.11520213049441053,0,0,follow health and safety procedures in construction; inspect construction supplies; transport construction supplies; use measurement instruments; work ergonomically; interpret 2D plans; interpret 3D plans; lay underlayment; apply floor adhesive; create floor plan template,2017,2698.948,2024,3325.414,0.23211488328044866,2013,11393.574,2024,14625.06,0.2836235583320913,FALSE
BGD,Bangladesh,71,"Building and related trades workers, excluding electricians",712,Building finishers and related trades workers,7123,Plasterers,2,0.11520213049441053,0,0,follow health and safety procedures in construction; inspect construction supplies; place drywall; transport construction supplies; use measurement instruments; work ergonomically; apply adhesive wall coating; apply proofing membranes; clean painting equipment; cut wall chases,2017,2698.948,2024,3325.414,0.23211488328044866,2013,11393.574,2024,14625.06,0.2836235583320913,FALSE
BGD,Bangladesh,71,"Building and related trades workers, excluding electricians",712,Building finishers and related trades workers,7124,Insulation workers,1,0.11520213049441053,0,0,airtight construction; apply adhesive wall coating; apply house wrap; apply insulation strips; apply proofing membranes; cut insulation material to size; energy conservation; environmental indoor quality; follow health and safety procedures in construction; follow safety procedures when working at heights,2017,2698.948,2024,3325.414,0.23211488328044866,2013,11393.574,2024,14625.06,0.2836235583320913,FALSE
BGD,Bangladesh,71,"Building and related trades workers, excluding electricians",712,Building finishers and related trades workers,7125,Glaziers,2,0.11520213049441053,0,0,adjust glass sheets; apply health and safety standards; apply primer; clean vehicle exterior; cut glass; examine damaged windshields; follow health and safety procedures in construction; handle broken glass sheets; inspect construction supplies; inspect glass sheet,2017,2698.948,2024,3325.414,0.23211488328044866,2013,11393.574,2024,14625.06,0.2836235583320913,FALSE
BGD,Bangladesh,71,"Building and related trades workers, excluding electricians",712,Building finishers and related trades workers,7126,Plumbers and pipe fitters,14,0.11520213049441053,0.006493506493506495,0,use measurement instruments; follow health and safety procedures in construction; apply health and safety standards; inspect construction supplies; use safety equipment in construction; work ergonomically; check water pressure; detect flaws in pipeline infrastructure; inspect pipelines; lay pipe installation,2017,2698.948,2024,3325.414,0.23211488328044866,2013,11393.574,2024,14625.06,0.2836235583320913,FALSE
BGD,Bangladesh,71,"Building and related trades workers, excluding electricians",712,Building finishers and related trades workers,7127,Air conditioning and refrigeration mechanics,1,0.11520213049441053,0,0,"apply proofing membranes; conduct routine machinery checks; consult technical resources; domestic cooling systems; electric heating systems; electrical wiring plans; electricity; fluid mechanics; heating, ventilation, air conditioning and refrigeration parts; hydraulics",2017,2698.948,2024,3325.414,0.23211488328044866,2013,11393.574,2024,14625.06,0.2836235583320913,FALSE
BGD,Bangladesh,71,"Building and related trades workers, excluding electricians",713,"Painters, building structure cleaners and related trades workers",7131,Painters and related workers,3,0.14748897100146108,0,0,clean painting equipment; dispose of hazardous waste; dispose of non-hazardous waste; follow health and safety procedures in construction; inspect construction supplies; protect surfaces during construction work; remove paint; snap chalk line; transport construction supplies; types of paint,2017,2698.948,2024,3325.414,0.23211488328044866,2013,11393.574,2024,14625.06,0.2836235583320913,FALSE
BGD,Bangladesh,71,"Building and related trades workers, excluding electricians",713,"Painters, building structure cleaners and related trades workers",7132,Spray painters and varnishers,3,0.14748897100146108,0,0,ensure equipment availability; quality standards; apply health and safety standards; apply preliminary treatment to workpieces; apply spraying techniques; dispose of hazardous waste; health and safety in the workplace; keep records of work progress; lacquer paint applications; remove inadequate workpieces,2017,2698.948,2024,3325.414,0.23211488328044866,2013,11393.574,2024,14625.06,0.2836235583320913,FALSE
BGD,Bangladesh,71,"Building and related trades workers, excluding electricians",713,"Painters, building structure cleaners and related trades workers",7133,Building structure cleaners,5,0.14748897100146108,0,0,assess contamination; avoid contamination; remove contaminants; use personal protection equipment; check chimney's conditions; cleaning industry health and safety measures; contamination exposure regulations; disinfect surfaces; domestic heating systems; enforce safety procedures when working at heights,2017,2698.948,2024,3325.414,0.23211488328044866,2013,11393.574,2024,14625.06,0.2836235583320913,FALSE
BGD,Bangladesh,72,"Metal, machinery and related trades workers",721,"Sheet and structural metal workers, moulders and welders, and related workers",7211,Metal moulders and coremakers,4,0.01130206012488514,0,0,troubleshoot; assemble metal parts; construct moulds; ensure mould uniformity; fill moulds; handle metal work orders; insert mould structures; maintain moulds; move filled moulds; repair mould defects,2017,917.635,2024,716.324,-0.21938025467642366,2013,11393.574,2024,14625.06,0.2836235583320913,TRUE
BGD,Bangladesh,72,"Metal, machinery and related trades workers",721,"Sheet and structural metal workers, moulders and welders, and related workers",7212,Welders and flamecutters,8,0.01130206012488514,0.05226474305421673,0,ensure equipment availability; operate welding equipment; types of metal; apply precision metalworking techniques; ensure correct metal temperature; monitor gauge; perform test run; quality standards; remove processed workpiece; wear appropriate protective gear,2017,917.635,2024,716.324,-0.21938025467642366,2013,11393.574,2024,14625.06,0.2836235583320913,FALSE
BGD,Bangladesh,72,"Metal, machinery and related trades workers",721,"Sheet and structural metal workers, moulders and welders, and related workers",7213,Sheet-metal workers,4,0.01130206012488514,0.020833333333333336,0,types of metal; wear appropriate protective gear; apply arc welding techniques; apply precision metalworking techniques; ensure correct metal temperature; manufacturing of heating equipment; operate precision measuring equipment; perform test run; smooth burred surfaces; align components,2017,917.635,2024,716.324,-0.21938025467642366,2013,11393.574,2024,14625.06,0.2836235583320913,FALSE
BGD,Bangladesh,72,"Metal, machinery and related trades workers",721,"Sheet and structural metal workers, moulders and welders, and related workers",7214,Structural-metal preparers and erectors,4,0.01130206012488514,0,0,align components; apply health and safety standards; follow health and safety procedures in construction; prepare pieces for joining; rivet types; types of metal; use power tools; use safety equipment in construction; adjust engineering designs; apply arc welding techniques,2017,917.635,2024,716.324,-0.21938025467642366,2013,11393.574,2024,14625.06,0.2836235583320913,FALSE
BGD,Bangladesh,72,"Metal, machinery and related trades workers",721,"Sheet and structural metal workers, moulders and welders, and related workers",7215,Riggers and cable splicers,7,0.01130206012488514,0.019789734075448363,0,work ergonomically; follow safety procedures when working at heights; use personal protection equipment; use technical documentation; work safely with machines; work with respect for own safety; assemble performance equipment; assemble truss constructions; organise resources for artistic production; store performance equipment,2017,917.635,2024,716.324,-0.21938025467642366,2013,11393.574,2024,14625.06,0.2836235583320913,FALSE
BGD,Bangladesh,72,"Metal, machinery and related trades workers",722,"Blacksmiths, toolmakers and related trades workers",7221,"Blacksmiths, hammersmiths and forging press workers",5,0.01545513066338908,0.058333333333333334,0,ensure correct metal temperature; forging processes; types of metal; wear appropriate protective gear; ensure equipment availability; monitor automated machines; perform test run; quality standards; remove inadequate workpieces; remove processed workpiece,2017,917.635,2024,716.324,-0.21938025467642366,2013,11393.574,2024,14625.06,0.2836235583320913,FALSE
BGD,Bangladesh,72,"Metal, machinery and related trades workers",722,"Blacksmiths, toolmakers and related trades workers",7222,Toolmakers and related workers,5,0.01545513066338908,0.06153846153846153,0,consult technical resources; maintain customer service; mechanics; operate precision measuring equipment; perform test run; precision mechanics; read standard blueprints; accurise guns; adjust cut sizes; apply bluing techniques,2017,917.635,2024,716.324,-0.21938025467642366,2013,11393.574,2024,14625.06,0.2836235583320913,FALSE
BGD,Bangladesh,72,"Metal, machinery and related trades workers",722,"Blacksmiths, toolmakers and related trades workers",7223,Metal working machine tool setters and operators,34,0.01545513066338908,0.13135154061014717,0,remove processed workpiece; supply machine; remove inadequate workpieces; ensure equipment availability; monitor automated machines; quality standards; perform test run; troubleshoot; types of metal; set up the controller of a machine,2017,917.635,2024,716.324,-0.21938025467642366,2013,11393.574,2024,14625.06,0.2836235583320913,FALSE
BGD,Bangladesh,72,"Metal, machinery and related trades workers",722,"Blacksmiths, toolmakers and related trades workers",7224,"Metal polishers, wheel grinders and tool sharpeners",2,0.01545513066338908,0.06904761904761905,0,ensure equipment availability; quality standards; remove inadequate workpieces; remove processed workpiece; apply polishing lubricants; apply precision metalworking techniques; buffing motions; consult technical resources; cutting technologies; dispose of cutting waste material,2017,917.635,2024,716.324,-0.21938025467642366,2013,11393.574,2024,14625.06,0.2836235583320913,FALSE
BGD,Bangladesh,72,"Metal, machinery and related trades workers",723,Machinery mechanics and repairers,7231,Motor vehicle mechanics and repairers,10,0.01611311173153204,0.01859774212715389,0,car controls; perform technical tasks with great care; types of vehicles; apply health and safety standards; maintain work area cleanliness; perform manual work autonomously; carry out repairs and maintenance of vehicle bodies; execute working instructions; follow procedures to control substances hazardous to health; identify vehicles service requirements,2017,917.635,2024,716.324,-0.21938025467642366,2013,11393.574,2024,14625.06,0.2836235583320913,FALSE
BGD,Bangladesh,72,"Metal, machinery and related trades workers",723,Machinery mechanics and repairers,7232,Aircraft engine mechanics and repairers,5,0.01611311173153204,0.04617405582922825,0,use technical documentation; aircraft mechanics; common aviation safety regulations; mechanics; read engineering drawings; read standard blueprints; wear appropriate protective gear; airport safety regulations; electromechanics; engine components,2017,917.635,2024,716.324,-0.21938025467642366,2013,11393.574,2024,14625.06,0.2836235583320913,FALSE
BGD,Bangladesh,72,"Metal, machinery and related trades workers",723,Machinery mechanics and repairers,7233,Agricultural and industrial machinery mechanics and repairers,17,0.01611311173153204,0.03063725490196078,0,mechanics; conduct routine machinery checks; operate soldering equipment; resolve equipment malfunctions; perform test run; use testing equipment; consult technical resources; record test data; read standard blueprints; troubleshoot,2017,917.635,2024,716.324,-0.21938025467642366,2013,11393.574,2024,14625.06,0.2836235583320913,FALSE
BGD,Bangladesh,72,"Metal, machinery and related trades workers",723,Machinery mechanics and repairers,7234,Bicycle and related repairers,1,0.01611311173153204,0,0,apply company policies; assemble bicycles; bicycle mechanics; maintain braking system; maintain customer service; maintain equipment; maintain work area cleanliness; perform repairs on bicycles; purchase supplies; replace defect components,2017,917.635,2024,716.324,-0.21938025467642366,2013,11393.574,2024,14625.06,0.2836235583320913,FALSE
BGD,Bangladesh,73,Handicraft and printing workers,731,Handicraft workers,7311,Precision-instrument makers and repairers,6,0.01271097259454932,0.015716374269005847,0,operate precision measuring equipment; quality standards; use precision tools; attach clock cases; attach clock dials; attach clock hands; blueprints; components of clocks; cut glass; ensure conformity to specifications,2017,1416.919,2024,530.989,-0.6252509847069593,2013,11393.574,2024,14625.06,0.2836235583320913,TRUE
BGD,Bangladesh,73,Handicraft and printing workers,731,Handicraft workers,7312,Musical instrument makers and tuners,13,0.01271097259454932,0.002958579881656804,0,maintain musical instruments; repair musical instruments; assemble musical instrument parts; musical instruments; musical instruments materials; apply a protective layer; create musical instrument parts; tuning techniques; metalworking; decorate musical instruments,2017,1416.919,2024,530.989,-0.6252509847069593,2013,11393.574,2024,14625.06,0.2836235583320913,FALSE
BGD,Bangladesh,73,Handicraft and printing workers,731,Handicraft workers,7313,Jewellery and precious-metal workers,10,0.01271097259454932,0,0,jewellery processes; use jewellery equipment; clean jewellery pieces; ensure conformance to jewel design specifications; create jewellery; mount stones in jewels; adjust jewellery; heat jewellery metals; select gems for jewellery; select metals for jewellery,2017,1416.919,2024,530.989,-0.6252509847069593,2013,11393.574,2024,14625.06,0.2836235583320913,FALSE
BGD,Bangladesh,73,Handicraft and printing workers,731,Handicraft workers,7314,Potters and related workers,3,0.01271097259454932,0.05555555555555555,0,types of pottery material; extract products from moulds; inspect quality of products; materials in porcelain manufacturing; materials used in stoneware manufacturing; quality standards; adjust clay burning level; apply glaze coating; ceramics glazes; conform with clay thickness,2017,1416.919,2024,530.989,-0.6252509847069593,2013,11393.574,2024,14625.06,0.2836235583320913,FALSE
BGD,Bangladesh,73,Handicraft and printing workers,731,Handicraft workers,7315,"Glass makers, cutters, grinders and finishers",2,0.01271097259454932,0.0625,0,cut glass; manipulate glass; adjust glass sheets; consult technical resources; create artwork; design objects to be crafted; design stained glass; ensure equipment availability; feed mirror machine; inspect glass sheet,2017,1416.919,2024,530.989,-0.6252509847069593,2013,11393.574,2024,14625.06,0.2836235583320913,FALSE
BGD,Bangladesh,73,Handicraft and printing workers,731,Handicraft workers,7316,"Sign writers, decorative painters, engravers and etchers",8,0.01271097259454932,0.01785714285714286,0,articulate artistic proposal; contextualise artistic work; create artwork; create original paintings; create sketches; develop visual elements; gather reference materials for artwork; intellectual property law; select artistic materials to create artworks; submit preliminary artwork,2017,1416.919,2024,530.989,-0.6252509847069593,2013,11393.574,2024,14625.06,0.2836235583320913,FALSE
BGD,Bangladesh,73,Handicraft and printing workers,731,Handicraft workers,7317,"Handicraft workers in wood, basketry and related materials",6,0.01271097259454932,0.01388888888888889,0,apply a protective layer; apply wood finishes; check quality of raw materials; maintain edged hand tools; manipulate wood; operate wood sawing equipment; prepare wicker material for weaving; sand wood; types of brushes; types of wood,2017,1416.919,2024,530.989,-0.6252509847069593,2013,11393.574,2024,14625.06,0.2836235583320913,FALSE
BGD,Bangladesh,73,Handicraft and printing workers,731,Handicraft workers,7318,"Handicraft workers in textile, leather and related materials",6,0.01271097259454932,0.024955436720142603,0,cut textiles; properties of textile materials; types of textile fibres; use textile technique for hand-made products; control textile process; manufacture textile floor coverings; produce textile designs; textile measurement; textile techniques; textile technologies,2017,1416.919,2024,530.989,-0.6252509847069593,2013,11393.574,2024,14625.06,0.2836235583320913,FALSE
BGD,Bangladesh,73,Handicraft and printing workers,731,Handicraft workers,7319,Handicraft workers not elsewhere classified,2,0.01271097259454932,0,0,advise on equipment maintenance; arrange equipment repairs; candle making techniques; construct moulds; control temperature; cool candles in baths; create solutions to problems; drip candles; dye candles; ensure conformity to specifications,2017,1416.919,2024,530.989,-0.6252509847069593,2013,11393.574,2024,14625.06,0.2836235583320913,FALSE
BGD,Bangladesh,73,Handicraft and printing workers,732,Printing trades workers,7321,Pre-press technicians,7,0.00303562285129105,0.38445251471595443,0,follow safety precautions in printing; printing techniques; Adobe Illustrator; Adobe Photoshop; GIMP (graphics editor software); Microsoft Visio; SketchBook Pro; Synfig; graphics editor software; lay out digital written content,2017,1416.919,2024,530.989,-0.6252509847069593,2013,11393.574,2024,14625.06,0.2836235583320913,FALSE
BGD,Bangladesh,73,Handicraft and printing workers,732,Printing trades workers,7322,Printers,10,0.00303562285129105,0.19079710494184177,0,follow safety precautions in printing; quality standards; supply machine; follow production schedule; monitor automated machines; perform test run; set up the controller of a machine; troubleshoot; printing on large scale machines; printing techniques,2017,1416.919,2024,530.989,-0.6252509847069593,2013,11393.574,2024,14625.06,0.2836235583320913,FALSE
BGD,Bangladesh,73,Handicraft and printing workers,732,Printing trades workers,7323,Print finishing and binding workers,4,0.00303562285129105,0.10952380952380952,0,monitor automated machines; quality standards; supply machine; troubleshoot; adjust cut sizes; follow production schedule; follow safety precautions in printing; lift stacks of paper; perform test run; set up machine controls,2017,1416.919,2024,530.989,-0.6252509847069593,2013,11393.574,2024,14625.06,0.2836235583320913,FALSE
BGD,Bangladesh,74,Electrical and electronic trades workers,741,Electrical equipment installers and repairers,7411,Building and related electricians,7,0.06502773427562798,0.03818018435444353,0,electrical wiring plans; electricity; inspect electrical supplies; install electrical and electronic equipment; follow health and safety procedures in construction; use measurement instruments; work ergonomically; building systems monitoring technology; install electric switches; install electricity sockets,2017,429.781,2024,487.282,0.13379139608312135,2013,11393.574,2024,14625.06,0.2836235583320913,TRUE
BGD,Bangladesh,74,Electrical and electronic trades workers,741,Electrical equipment installers and repairers,7412,Electrical mechanics and fitters,13,0.06502773427562798,0.03479460921709076,0,electricity; electronics; mechanics; troubleshoot; apply health and safety standards; electrical wiring plans; wear appropriate protective gear; maintain electrical equipment; perform test run; read standard blueprints,2017,429.781,2024,487.282,0.13379139608312135,2013,11393.574,2024,14625.06,0.2836235583320913,FALSE
BGD,Bangladesh,74,Electrical and electronic trades workers,741,Electrical equipment installers and repairers,7413,Electrical line installers and repairers,4,0.06502773427562798,0,0,electric current; electrical discharge; electrical power safety regulations; inspect underground power cables; install power lines; repair underground power cables; transmission towers; wear appropriate protective gear; work ergonomically; electricity,2017,429.781,2024,487.282,0.13379139608312135,2013,11393.574,2024,14625.06,0.2836235583320913,FALSE
BGD,Bangladesh,74,Electrical and electronic trades workers,742,Electronics and telecommunications installers and repairers,7421,Electronics mechanics and servicers,9,0.01465056716826975,0.19586551630568322,0,electronics; electrical wiring plans; maintain customer service; apply company policies; apply health and safety standards; create solutions to problems; maintain equipment; provide customer follow-up services; provide customer information related to repairs; repair equipment on site,2017,429.781,2024,487.282,0.13379139608312135,2013,11393.574,2024,14625.06,0.2836235583320913,FALSE
BGD,Bangladesh,74,Electrical and electronic trades workers,742,Electronics and telecommunications installers and repairers,7422,Information and communications technology installers and servicers,9,0.01465056716826975,0.4239486557856011,0,install electronic communication equipment; use repair manuals; electronics; install low voltage wiring; operate two-way radio systems; perform test run; repair wiring; solder electronics; ICT communications protocols; ICT network cable limitations,2017,429.781,2024,487.282,0.13379139608312135,2013,11393.574,2024,14625.06,0.2836235583320913,FALSE
BGD,Bangladesh,75,"Food processing, wood working, garment and other craft and related trades workers",751,Food processing and related trades workers,7511,"Butchers, fishmongers and related food preparers",10,0.04821580473725603,0,0,apply GMP; apply HACCP; ensure sanitation; apply requirements concerning manufacturing of food and beverages; mark differences in colours; tolerate strong smells; animal anatomy for food production; process livestock organs; maintain cutting equipment; split animal carcasses,2017,4905.191,2024,5106.393,0.04101817849702494,2013,11393.574,2024,14625.06,0.2836235583320913,TRUE
BGD,Bangladesh,75,"Food processing, wood working, garment and other craft and related trades workers",751,Food processing and related trades workers,7512,"Bakers, pastry-cooks and confectionery makers",5,0.04821580473725603,0,0,apply GMP; apply HACCP; apply requirements concerning manufacturing of food and beverages; care for food aesthetic; ensure correct use of bakery equipment; knead food products; monitor temperature in farinaceous processes; operate mixing of food products; work according to recipe; administer ingredients in food production,2017,4905.191,2024,5106.393,0.04101817849702494,2013,11393.574,2024,14625.06,0.2836235583320913,FALSE
BGD,Bangladesh,75,"Food processing, wood working, garment and other craft and related trades workers",751,Food processing and related trades workers,7513,Dairy-products makers,2,0.04821580473725603,0,0,apply requirements concerning manufacturing of food and beverages; dairy manufacturing specifications; follow hygienic procedures during food processing; food safety principles; adhere to organisational guidelines; administer ingredients in food production; analyse characteristics of food products at reception; apply GMP; apply HACCP; be at ease in unsafe environments,2017,4905.191,2024,5106.393,0.04101817849702494,2013,11393.574,2024,14625.06,0.2836235583320913,FALSE
BGD,Bangladesh,75,"Food processing, wood working, garment and other craft and related trades workers",751,Food processing and related trades workers,7514,"Fruit, vegetable and related preservers",2,0.04821580473725603,0,0,apply GMP; apply HACCP; apply requirements concerning manufacturing of food and beverages; clean waste materials from machines; crush seeds; manage moisture of seeds; oil seed process; pump products; tend equipment for oil extraction; tend mixing oil machine,2017,4905.191,2024,5106.393,0.04101817849702494,2013,11393.574,2024,14625.06,0.2836235583320913,FALSE
BGD,Bangladesh,75,"Food processing, wood working, garment and other craft and related trades workers",751,Food processing and related trades workers,7515,Food and beverage tasters and graders,5,0.04821580473725603,0.016666666666666666,0,apply requirements concerning manufacturing of food and beverages; apply GMP; apply HACCP; food and beverage industry; perform sensory evaluation of food products; coffee characteristics; evaluate coffee characteristics; grade coffee beans; handle flammable substances; mitigate waste of resources,2017,4905.191,2024,5106.393,0.04101817849702494,2013,11393.574,2024,14625.06,0.2836235583320913,FALSE
BGD,Bangladesh,75,"Food processing, wood working, garment and other craft and related trades workers",751,Food processing and related trades workers,7516,Tobacco preparers and tobacco products makers,3,0.04821580473725603,0,0,apply GMP; apply HACCP; apply requirements concerning manufacturing of food and beverages; assess nicotine levels in tobacco leaves; assess sugar levels in tobacco leaves; assess the colour curing of tobacco leaves; curing methods for tobacco leaves; manufacturing of smoked tobacco products; manufacturing of smokeless tobacco products; variety of tobacco leaves,2017,4905.191,2024,5106.393,0.04101817849702494,2013,11393.574,2024,14625.06,0.2836235583320913,FALSE
BGD,Bangladesh,75,"Food processing, wood working, garment and other craft and related trades workers",752,"Wood treaters, cabinet-makers and related trades workers",7521,Wood treaters,2,0.02627546711371912,0.03333333333333333,0,stack timber; types of wood; wear appropriate protective gear; wood moisture content; acclimatise timber; apply wood kiln drying technologies; clean wood surface; construction products; control kiln firing; dry wood,2017,4905.191,2024,5106.393,0.04101817849702494,2013,11393.574,2024,14625.06,0.2836235583320913,FALSE
BGD,Bangladesh,75,"Food processing, wood working, garment and other craft and related trades workers",752,"Wood treaters, cabinet-makers and related trades workers",7522,Cabinet-makers and related workers,6,0.02627546711371912,0.04189814814814815,0,apply a protective layer; sand wood; create smooth wood surface; types of wood; clean wood surface; join wood elements; operate wood sawing equipment; technical drawings; apply wood finishes; create furniture frames,2017,4905.191,2024,5106.393,0.04101817849702494,2013,11393.574,2024,14625.06,0.2836235583320913,FALSE
BGD,Bangladesh,75,"Food processing, wood working, garment and other craft and related trades workers",752,"Wood treaters, cabinet-makers and related trades workers",7523,Woodworking-machine tool setters and operators,6,0.02627546711371912,0.0952959077959078,0,quality standards; work safely with machines; monitor automated machines; remove inadequate workpieces; remove processed workpiece; set up the controller of a machine; supply machine; types of wood; wear appropriate protective gear; dispose of cutting waste material,2017,4905.191,2024,5106.393,0.04101817849702494,2013,11393.574,2024,14625.06,0.2836235583320913,FALSE
BGD,Bangladesh,75,"Food processing, wood working, garment and other craft and related trades workers",753,Garment and related trades workers,7531,"Tailors, dressmakers, furriers and hatters",6,0.03390955403762691,0.031512605042016806,0,sew pieces of fabric; cut fabrics; distinguish accessories; distinguish fabrics; manufacture wearing apparel products; adapt to artists' creative demands; alter wearing apparel; apparel manufacturing technology; buttonholing; design wearing apparel,2017,4905.191,2024,5106.393,0.04101817849702494,2013,11393.574,2024,14625.06,0.2836235583320913,FALSE
BGD,Bangladesh,75,"Food processing, wood working, garment and other craft and related trades workers",753,Garment and related trades workers,7532,Garment and related pattern-makers and cutters,7,0.03390955403762691,0.19563492063492063,0,CAD for garment manufacturing; create patterns for garments; make technical drawings of fashion pieces; standard sizing systems for clothing; coordinate manufacturing production activities; distinguish accessories; distinguish fabrics; grade patterns for wearing apparel; manufacturing of wearing apparel; prepare production prototypes,2017,4905.191,2024,5106.393,0.04101817849702494,2013,11393.574,2024,14625.06,0.2836235583320913,FALSE
BGD,Bangladesh,75,"Food processing, wood working, garment and other craft and related trades workers",753,Garment and related trades workers,7533,"Sewing, embroidery and related workers",5,0.03390955403762691,0.04038461538461539,0,apparel manufacturing technology; decorate textile articles; distinguish accessories; distinguish fabrics; manufacture wearing apparel products; manufacturing of made-up textile articles; manufacturing of wearing apparel; operate garment manufacturing machines; sew pieces of fabric; sew textile-based articles,2017,4905.191,2024,5106.393,0.04101817849702494,2013,11393.574,2024,14625.06,0.2836235583320913,FALSE
BGD,Bangladesh,75,"Food processing, wood working, garment and other craft and related trades workers",753,Garment and related trades workers,7534,Upholsterers and related workers,7,0.03390955403762691,0,0,fasten components; upholstery tools; align components; apply health and safety standards; apply preliminary treatment to workpieces; quality standards; read engineering drawings; read standard blueprints; troubleshoot; use power tools,2017,4905.191,2024,5106.393,0.04101817849702494,2013,11393.574,2024,14625.06,0.2836235583320913,FALSE
BGD,Bangladesh,75,"Food processing, wood working, garment and other craft and related trades workers",753,Garment and related trades workers,7535,"Pelt dressers, tanners and fellmongers",2,0.03390955403762691,0.05,0,adapt to changing situations; execute working instructions; identify with the company's goals; physico-chemical properties of hides and skins; use communication techniques; work in textile manufacturing teams; apply colouring recipes; differentiate nuance of colours; identify defects on raw hides; leather chemistry,2017,4905.191,2024,5106.393,0.04101817849702494,2013,11393.574,2024,14625.06,0.2836235583320913,FALSE
BGD,Bangladesh,75,"Food processing, wood working, garment and other craft and related trades workers",753,Garment and related trades workers,7536,Shoemakers and related workers,13,0.03390955403762691,0.05090326340326341,0,footwear quality; footwear components; footwear materials; apply stitching techniques; footwear manufacturing technology; apply pre-stitching techniques; apply assembling techniques for cemented footwear construction; apply basic rules of maintenance to leather goods and footwear machinery; apply footwear finishing techniques; create patterns for footwear,2017,4905.191,2024,5106.393,0.04101817849702494,2013,11393.574,2024,14625.06,0.2836235583320913,FALSE
BGD,Bangladesh,75,"Food processing, wood working, garment and other craft and related trades workers",754,Other craft and related workers,7541,Underwater divers,3,0.02737551453457856,0,0,maintain diving equipment; check diving equipment; comply with legal requirements for diving operations; comply with the planned time for the depth of the dive; diving equipment; diving operation requirements; implement dive plans; interrupt diving operations when necessary; perform diving interventions; apply crisis management,2017,4905.191,2024,5106.393,0.04101817849702494,2013,11393.574,2024,14625.06,0.2836235583320913,FALSE
BGD,Bangladesh,75,"Food processing, wood working, garment and other craft and related trades workers",754,Other craft and related workers,7542,Shotfirers and blasters,1,0.02737551453457856,0,0,check borehole depth; connect blasting circuit; electricity; examine area after blast; examine prospective blast area; explosives; follow health and safety procedures in construction; handle explosives; insert charges into drill holes; make independent operating decisions,2017,4905.191,2024,5106.393,0.04101817849702494,2013,11393.574,2024,14625.06,0.2836235583320913,FALSE
BGD,Bangladesh,75,"Food processing, wood working, garment and other craft and related trades workers",754,Other craft and related workers,7543,Product graders and testers (excluding foods and beverages),28,0.02737551453457856,0.03445437948008714,0,inspect quality of products; quality assurance procedures; quality standards; conduct performance tests; monitor manufacturing quality standards; operate precision measuring equipment; read standard blueprints; use testing equipment; create solutions to problems; manage health and safety standards,2017,4905.191,2024,5106.393,0.04101817849702494,2013,11393.574,2024,14625.06,0.2836235583320913,FALSE
BGD,Bangladesh,75,"Food processing, wood working, garment and other craft and related trades workers",754,Other craft and related workers,7544,Fumigators and other pest and weed controllers,2,0.02737551453457856,0,0,European pesticide legislation; chemical products; herbicides; pesticides; safe use of pesticides; spray pesticides; use personal protection equipment; agricultural chemicals; clean equipment; communicate with customers,2017,4905.191,2024,5106.393,0.04101817849702494,2013,11393.574,2024,14625.06,0.2836235583320913,FALSE
BGD,Bangladesh,81,Stationary plant and machine operators,811,Mining and mineral processing plant operators,8111,Miners and quarriers,5,0.0270231657831206,0,0,troubleshoot; address problems critically; impact of geological factors on mining operations; operate mining tools; perform minor repairs to equipment; work ergonomically; health and safety hazards underground; operate hydraulic pumps; check borehole depth; chemistry,2017,1134.45,2024,581.26,-0.487628366168628,2013,12398.036,2024,15503.69,0.250495643019588,TRUE
BGD,Bangladesh,81,Stationary plant and machine operators,811,Mining and mineral processing plant operators,8112,Mineral and stone processing plant operators,4,0.0270231657831206,0.017857142857142856,0,troubleshoot; maneuver stone blocks; quality standards; supply machine; types of stone for working; measure materials; remove processed workpiece; supply machine with appropriate tools; collect samples; conduct inter-shift communication,2017,1134.45,2024,581.26,-0.487628366168628,2013,12398.036,2024,15503.69,0.250495643019588,FALSE
BGD,Bangladesh,81,Stationary plant and machine operators,811,Mining and mineral processing plant operators,8113,Well drillers and borers and related workers,9,0.0270231657831206,0,0,mechanics; react to events in time-critical environments; use rigging equipment; work ergonomically; work in drilling teams; connect oil well heads; guide drill pipes; inspect water wells; install oil rig; keep task records,2017,1134.45,2024,581.26,-0.487628366168628,2013,12398.036,2024,15503.69,0.250495643019588,FALSE
BGD,Bangladesh,81,Stationary plant and machine operators,811,Mining and mineral processing plant operators,8114,"Cement, stone and other mineral products machine operators",8,0.0270231657831206,0.02361111111111111,0,maintain moulds; supply machine; apply health and safety standards; cast concrete sections; discharge cement; feed concrete mixer; follow standards for machinery safety; measure materials; mix concrete; operate concrete casting machine,2017,1134.45,2024,581.26,-0.487628366168628,2013,12398.036,2024,15503.69,0.250495643019588,FALSE
BGD,Bangladesh,81,Stationary plant and machine operators,812,Metal processing and finishing plant operators,8121,Metal processing plant operators,7,0.01545588405239368,0.10209583833533413,0,monitor automated machines; quality standards; supply machine; troubleshoot; ensure equipment availability; monitor moving workpiece in a machine; perform test run; remove inadequate workpieces; remove processed workpiece; set up the controller of a machine,2017,1134.45,2024,581.26,-0.487628366168628,2013,12398.036,2024,15503.69,0.250495643019588,FALSE
BGD,Bangladesh,81,Stationary plant and machine operators,812,Metal processing and finishing plant operators,8122,"Metal finishing, plating and coating machine operators",12,0.01545588405239368,0.032667555326224056,0,ensure equipment availability; quality standards; remove inadequate workpieces; remove processed workpiece; wear appropriate protective gear; supply machine; types of metal; smooth burred surfaces; troubleshoot; health and safety in the workplace,2017,1134.45,2024,581.26,-0.487628366168628,2013,12398.036,2024,15503.69,0.250495643019588,FALSE
BGD,Bangladesh,81,Stationary plant and machine operators,813,Chemical and photographic products plant and machine operators,8131,Chemical products plant and machine operators,30,0.06593899038113922,0.01353091353091353,0,optimise production processes parameters; monitor valves; prepare chemical samples; write batch record documentation; measure chemical substance viscosity; troubleshoot; apply health and safety standards; control temperature; transfer chemicals; wear appropriate protective gear,2017,1134.45,2024,581.26,-0.487628366168628,2013,12398.036,2024,15503.69,0.250495643019588,FALSE
BGD,Bangladesh,81,Stationary plant and machine operators,813,Chemical and photographic products plant and machine operators,8132,Photographic products machine operators,2,0.06593899038113922,0.07738095238095238,0,develop film; handle chemicals; identify customer's needs; monitor film development baths; mount photographic film in processing machine; photographic processing techniques; post-processing of photographs; quality standards; remove film negatives from processing machine; remove photographic film from camera,2017,1134.45,2024,581.26,-0.487628366168628,2013,12398.036,2024,15503.69,0.250495643019588,FALSE
BGD,Bangladesh,81,Stationary plant and machine operators,814,"Rubber, plastic and paper products machine operators",8141,Rubber products machine operators,12,0.02013798876118745,0,0,measure materials; use personal protection equipment; operate latex transfer pump; optimise production processes parameters; process latex mixtures; adjust the rubber machines; analyse latex samples; apply health and safety standards; avoid contamination; bond rubber plies,2017,1134.45,2024,581.26,-0.487628366168628,2013,12398.036,2024,15503.69,0.250495643019588,FALSE
BGD,Bangladesh,81,Stationary plant and machine operators,814,"Rubber, plastic and paper products machine operators",8142,Plastic products machine operators,15,0.02013798876118745,0.11089698972051913,0,quality standards; set up the controller of a machine; troubleshoot; monitor automated machines; consult technical resources; optimise production processes parameters; use personal protection equipment; monitor gauge; supply machine; coating substances,2017,1134.45,2024,581.26,-0.487628366168628,2013,12398.036,2024,15503.69,0.250495643019588,FALSE
BGD,Bangladesh,81,Stationary plant and machine operators,814,"Rubber, plastic and paper products machine operators",8143,Paper products machine operators,8,0.02013798876118745,0.13181897759103642,0,monitor automated machines; perform test run; quality standards; supply machine; troubleshoot; wear appropriate protective gear; work safely with machines; set up the controller of a machine; monitor conveyor belt; types of paper,2017,1134.45,2024,581.26,-0.487628366168628,2013,12398.036,2024,15503.69,0.250495643019588,FALSE
BGD,Bangladesh,81,Stationary plant and machine operators,815,"Textile, fur and leather products machine operators",8151,"Fibre preparing, spinning and winding machine operators",7,0.02489694577654824,0.011904761904761904,0,tend spinning machines; measure yarn count; maintain work standards; adjust filament tension; convert textile fibres into sliver; cut filament; maintain equipment; manufacture staple yarns; set the operation speed of manufacturing machines; set up machine controls,2017,1134.45,2024,581.26,-0.487628366168628,2013,12398.036,2024,15503.69,0.250495643019588,FALSE
BGD,Bangladesh,81,Stationary plant and machine operators,815,"Textile, fur and leather products machine operators",8152,Weaving and knitting machine operators,8,0.02489694577654824,0.04261363636363637,0,control textile process; maintain work standards; evaluate textile characteristics; knitting machine technology; manufacture knitted textiles; manufacture textile floor coverings; manufacture weft knitted fabrics; measure yarn count; tend weaving machines; textile techniques,2017,1134.45,2024,581.26,-0.487628366168628,2013,12398.036,2024,15503.69,0.250495643019588,FALSE
BGD,Bangladesh,81,Stationary plant and machine operators,815,"Textile, fur and leather products machine operators",8153,Sewing machine operators,6,0.02489694577654824,0.01388888888888889,0,manufacture wearing apparel products; apparel manufacturing technology; distinguish accessories; distinguish fabrics; manufacturing of made-up textile articles; manufacturing of wearing apparel; sew textile-based articles; alter wearing apparel; coordinate manufacturing production activities; cut fabrics,2017,1134.45,2024,581.26,-0.487628366168628,2013,12398.036,2024,15503.69,0.250495643019588,FALSE
BGD,Bangladesh,81,Stationary plant and machine operators,815,"Textile, fur and leather products machine operators",8154,"Bleaching, dyeing and fabric cleaning machine operators",4,0.02489694577654824,0,0,dyeing technology; maintain work standards; textile chemistry; textile finishing technology; textile printing technology; apply colouring recipes; finish processing of man-made fibres; properties of textile materials; tend textile dyeing machines; use textile finishing machine technologies,2017,1134.45,2024,581.26,-0.487628366168628,2013,12398.036,2024,15503.69,0.250495643019588,FALSE
BGD,Bangladesh,81,Stationary plant and machine operators,815,"Textile, fur and leather products machine operators",8155,Fur and leather preparing machine operators,3,0.02489694577654824,0.023809523809523808,0,adapt to changing situations; execute working instructions; identify with the company's goals; use communication techniques; work in textile manufacturing teams; apply colouring recipes; prepare colour mixtures; spray finishing technology; apply basic rules of maintenance to leather goods and footwear machinery; characteristics of chemicals used for tanning,2017,1134.45,2024,581.26,-0.487628366168628,2013,12398.036,2024,15503.69,0.250495643019588,FALSE
BGD,Bangladesh,81,Stationary plant and machine operators,815,"Textile, fur and leather products machine operators",8156,Shoemaking and related machine operators,11,0.02489694577654824,0.05162110616656072,0,footwear components; footwear equipments; footwear machinery; footwear materials; footwear quality; footwear manufacturing technology; apply basic rules of maintenance to leather goods and footwear machinery; leather goods components; leather goods manufacturing processes; leather goods materials,2017,1134.45,2024,581.26,-0.487628366168628,2013,12398.036,2024,15503.69,0.250495643019588,FALSE
BGD,Bangladesh,81,Stationary plant and machine operators,815,"Textile, fur and leather products machine operators",8157,Laundry machine operators,3,0.02489694577654824,0,0,quality standards; collect items for laundry service; distinguish accessories; distinguish fabrics; handle linen in stock; identify cloth items; iron textiles; maintain customer service; read care labels; analyse goal progress,2017,1134.45,2024,581.26,-0.487628366168628,2013,12398.036,2024,15503.69,0.250495643019588,FALSE
BGD,Bangladesh,81,Stationary plant and machine operators,815,"Textile, fur and leather products machine operators",8159,"Textile, fur and leather products machine operators not elsewhere classified",8,0.02489694577654824,0.036616161616161616,0,control textile process; measure yarn count; properties of textile materials; braiding technology; develop specifications of technical textiles; distinguish accessories; distinguish fabrics; maintain work standards; nonwoven machine technology; sew textile-based articles,2017,1134.45,2024,581.26,-0.487628366168628,2013,12398.036,2024,15503.69,0.250495643019588,FALSE
BGD,Bangladesh,81,Stationary plant and machine operators,816,Food and related products machine operators,8160,Food and related products machine operators,55,0.05091408691222567,0.003533889620846141,0,apply GMP; apply HACCP; apply requirements concerning manufacturing of food and beverages; adhere to organisational guidelines; be at ease in unsafe environments; clean food and beverage machinery; carry out checks of production plant equipment; follow hygienic procedures during food processing; collect samples for analysis; ensure sanitation,2017,1134.45,2024,581.26,-0.487628366168628,2013,12398.036,2024,15503.69,0.250495643019588,FALSE
BGD,Bangladesh,81,Stationary plant and machine operators,817,Wood processing and papermaking plant operators,8171,Pulp and papermaking plant operators,8,0.04680097235478809,0.13195031555132172,0,set up the controller of a machine; wear appropriate protective gear; work safely with machines; monitor automated machines; quality standards; supply machine; types of pulp; troubleshoot; types of paper; concentrate pulp slurry,2017,1134.45,2024,581.26,-0.487628366168628,2013,12398.036,2024,15503.69,0.250495643019588,FALSE
BGD,Bangladesh,81,Stationary plant and machine operators,817,Wood processing and papermaking plant operators,8172,Wood processing plant operators,11,0.04680097235478809,0.0850753524550316,0,supply machine; troubleshoot; wear appropriate protective gear; work safely with machines; perform test run; quality standards; types of wood; adjust cut sizes; dispose of cutting waste material; remove inadequate workpieces,2017,1134.45,2024,581.26,-0.487628366168628,2013,12398.036,2024,15503.69,0.250495643019588,FALSE
BGD,Bangladesh,81,Stationary plant and machine operators,818,Other stationary plant and machine operators,8181,Glass and ceramics plant operators,12,0.05775032185448479,0.044152212166918045,0,optimise production processes parameters; measure materials; observe products' behaviour under processing conditions; inspect quality of products; monitor automated machines; quality standards; set up the controller of a machine; troubleshoot; consult technical resources; maintain furnace temperature,2017,1134.45,2024,581.26,-0.487628366168628,2013,12398.036,2024,15503.69,0.250495643019588,FALSE
BGD,Bangladesh,81,Stationary plant and machine operators,818,Other stationary plant and machine operators,8182,Steam engine and boiler operators,2,0.05775032185448479,0.041666666666666664,0,"monitor valves; adjust cylinder valves; conduct routine machinery checks; control steam flows; domestic cooling systems; heating, ventilation, air conditioning and refrigeration parts; hydraulics; mechanics; monitor automated machines; monitor gauge",2017,1134.45,2024,581.26,-0.487628366168628,2013,12398.036,2024,15503.69,0.250495643019588,FALSE
BGD,Bangladesh,81,Stationary plant and machine operators,818,Other stationary plant and machine operators,8183,"Packing, bottling and labelling machine operators",7,0.05775032185448479,0.006802721088435372,0,apply GMP; apply HACCP; apply requirements concerning manufacturing of food and beverages; check quality of products on the production line; work in conveyor belts in food manufacturing; carry out checks of production plant equipment; check quality of raw materials; clean food and beverage machinery; dispose non-food waste within the food industry; follow hygienic procedures during food processing,2017,1134.45,2024,581.26,-0.487628366168628,2013,12398.036,2024,15503.69,0.250495643019588,FALSE
BGD,Bangladesh,81,Stationary plant and machine operators,818,Other stationary plant and machine operators,8189,Stationary plant and machine operators not elsewhere classified,2,0.05775032185448479,0.03571428571428571,0,check quality of raw materials; dispose of cutting waste material; ensure conformity to specifications; ensure public safety and security; check quality of products on the production line; consult technical resources; edge banding; maintain edge banding machinery; maintain slitting machinery; measure parts of manufactured products,2017,1134.45,2024,581.26,-0.487628366168628,2013,12398.036,2024,15503.69,0.250495643019588,FALSE
BGD,Bangladesh,82,Assemblers,821,Assemblers,8211,Mechanical machinery assemblers,11,0.01819938293611257,0.02183111006640418,0,align components; quality standards; read standard blueprints; troubleshoot; fasten components; mechanics; use technical documentation; apply health and safety standards; read engineering drawings; use power tools,2017,34.801,2024,38.424,0.10410620384471703,2013,12398.036,2024,15503.69,0.250495643019588,TRUE
BGD,Bangladesh,82,Assemblers,821,Assemblers,8212,Electrical and electronic equipment assemblers,14,0.01819938293611257,0.05505301928864341,0,read assembly drawings; ensure conformity to specifications; meet deadlines; quality standards; report defective manufacturing materials; align components; electronics; fasten components; remove defective products; measure parts of manufactured products,2017,34.801,2024,38.424,0.10410620384471703,2013,12398.036,2024,15503.69,0.250495643019588,FALSE
BGD,Bangladesh,82,Assemblers,821,Assemblers,8219,Assemblers not elsewhere classified,11,0.01819938293611257,0.028122843340234644,0,quality standards; fasten components; use technical documentation; align components; assemble metal parts; perform pre-assembly quality checks; troubleshoot; apply a protective layer; apply health and safety standards; ensure conformity to specifications,2017,34.801,2024,38.424,0.10410620384471703,2013,12398.036,2024,15503.69,0.250495643019588,FALSE
BGD,Bangladesh,83,Drivers and mobile plant operators,831,Locomotive engine drivers and related workers,8311,Locomotive engine drivers,1,0,0,0,act with a high level of safety awareness; adjust weight of cargo to capacity of freight transport vehicles; check train engines; communicate with customers; control train movement; ensure maintenance of trains; ensure trains run to schedule; focus on passengers; follow signalling instructions; handle stressful situations in the work place,2017,2991.16,2024,5397.838,0.8045968788028725,2013,12398.036,2024,15503.69,0.250495643019588,TRUE
BGD,Bangladesh,83,Drivers and mobile plant operators,831,Locomotive engine drivers and related workers,8312,"Railway brake, signal and switch operators",5,0,0.042676767676767674,0,enforce railway safety regulations; execute working instructions; operate railway switches; shunt inbound loads; shunt outbound loads; apply signalling control procedures; comply with railway safety standards; cooperate with colleagues; ensure compliance with railway regulation; follow switching instructions in rail operations,2017,2991.16,2024,5397.838,0.8045968788028725,2013,12398.036,2024,15503.69,0.250495643019588,FALSE
BGD,Bangladesh,83,Drivers and mobile plant operators,832,"Car, van and motorcycle drivers",8321,Motorcycle drivers,1,0.01135488070566978,0.07692307692307693,0,act reliably; analyse travel alternatives; communicate with customers; differentiate types of packages; drive in urban areas; drive two-wheeled vehicles; ensure the integrity of mail; establish daily priorities; geographic areas; interpret traffic signals,2017,2991.16,2024,5397.838,0.8045968788028725,2013,12398.036,2024,15503.69,0.250495643019588,FALSE
BGD,Bangladesh,83,Drivers and mobile plant operators,832,"Car, van and motorcycle drivers",8322,"Car, taxi and van drivers",7,0.01135488070566978,0.06291898577612863,0,drive vehicles; interpret traffic signals; road traffic laws; assist passengers; communicate with customers; follow verbal instructions; lift heavy weights; maintain vehicle appearance; control the performance of the vehicle; drive in urban areas,2017,2991.16,2024,5397.838,0.8045968788028725,2013,12398.036,2024,15503.69,0.250495643019588,FALSE
BGD,Bangladesh,83,Drivers and mobile plant operators,833,Heavy truck and bus drivers,8331,Bus and tram drivers,3,0.05384530095698256,0.051511318114733674,0,adhere to transportation work schedule; apply conflict management; assist disable passengers; assist passengers; clean road vehicles; communicate clearly with passengers; communicate with customers; drive in urban areas; ensure vehicle operability; ensure vehicles are equipped with accessibility equipment,2017,2991.16,2024,5397.838,0.8045968788028725,2013,12398.036,2024,15503.69,0.250495643019588,FALSE
BGD,Bangladesh,83,Drivers and mobile plant operators,833,Heavy truck and bus drivers,8332,Heavy truck and lorry drivers,9,0.05384530095698256,0.03377425044091711,0,drive vehicles; manoeuvre heavy trucks; operate GPS systems; interpret traffic signals; mechanical components of vehicles; vehicle cargo capacity; anticipate foreseeable problems on the road; control the performance of the vehicle; ensure vehicle operability; health and safety measures in transportation,2017,2991.16,2024,5397.838,0.8045968788028725,2013,12398.036,2024,15503.69,0.250495643019588,FALSE
BGD,Bangladesh,83,Drivers and mobile plant operators,834,Mobile plant operators,8341,Mobile farm and forestry plant operators,3,0.05317763757088714,0,0,advise client on technical possibilities; agronomy; assess felled timber quality; assess felled timber volume; carry out routine maintenance of wood cutting machinery; crop production principles; de-limb trees; drive agricultural machines; drive timber machine; evaluate employees work,2017,2991.16,2024,5397.838,0.8045968788028725,2013,12398.036,2024,15503.69,0.250495643019588,FALSE
BGD,Bangladesh,83,Drivers and mobile plant operators,834,Mobile plant operators,8342,Earthmoving and related plant operators,10,0.05317763757088714,0.03236111111111111,0,follow health and safety procedures in construction; use safety equipment in construction; work ergonomically; prevent damage to utility infrastructure; react to events in time-critical environments; inspect construction sites; keep heavy construction equipment in good condition; mechanical systems; mechanical tools; drive mobile heavy construction equipment,2017,2991.16,2024,5397.838,0.8045968788028725,2013,12398.036,2024,15503.69,0.250495643019588,FALSE
BGD,Bangladesh,83,Drivers and mobile plant operators,834,Mobile plant operators,8343,"Crane, hoist and related plant operators",5,0.05317763757088714,0.01176470588235294,0,crane load charts; follow health and safety procedures in construction; follow safety procedures when working at heights; inspect construction sites; inspect crane equipment; interpret 2D plans; interpret 3D plans; keep heavy construction equipment in good condition; mechanical systems; operate cranes,2017,2991.16,2024,5397.838,0.8045968788028725,2013,12398.036,2024,15503.69,0.250495643019588,FALSE
BGD,Bangladesh,83,Drivers and mobile plant operators,834,Mobile plant operators,8344,Lifting truck operators,1,0.05317763757088714,0.0625,0,apply company policies; apply techniques for stacking goods into containers; carry out stock rotation; conduct forklift inspections; ensure compliance with environmental legislation; estimate distances; execute working instructions; follow procedures to control substances hazardous to health; follow signalling instructions; follow stock control instructions,2017,2991.16,2024,5397.838,0.8045968788028725,2013,12398.036,2024,15503.69,0.250495643019588,FALSE
BGD,Bangladesh,83,Drivers and mobile plant operators,835,Ships’ deck crews and related workers,8350,Ships’ deck crews and related workers,7,0.03167317083573239,0.02965684839776849,0,moor vessels; unmoor vessels; secure ships using rope; assist anchoring operations; clean parts of vessels; clean ships; follow verbal instructions; maintain vessel engine room; swim; use different types of fire extinguishers,2017,2991.16,2024,5397.838,0.8045968788028725,2013,12398.036,2024,15503.69,0.250495643019588,FALSE
BGD,Bangladesh,91,Cleaners and helpers,911,"Domestic, hotel and office cleaners and helpers",9111,Domestic cleaners and helpers,1,0.05135124486805573,0,0,clean glass surfaces; clean household linens; clean rooms; clean surfaces; clean toilet facilities; cleaning techniques; ensure cleanliness of food preparation area; handle chemical cleaning agents; iron textiles; maintain cleaning equipment,2017,1037.512,2024,899.709,-0.13282063243605857,2013,7891.221,2024,10647.292,0.349257865164339,TRUE
BGD,Bangladesh,91,Cleaners and helpers,911,"Domestic, hotel and office cleaners and helpers",9112,"Cleaners and helpers in offices, hotels and other establishments",6,0.05135124486805573,0,0,perform cleaning duties; clean glass surfaces; cleaning industry health and safety measures; follow organisational guidelines in the cleaning industry; handle chemical cleaning agents; maintain cleaning equipment; maintain customer service; maintain inventory of cleaning supplies; manage routine waste; inform on toilet facilities malfunctions,2017,1037.512,2024,899.709,-0.13282063243605857,2013,7891.221,2024,10647.292,0.349257865164339,FALSE
BGD,Bangladesh,91,Cleaners and helpers,912,"Vehicle, window, laundry and other hand cleaning workers",9121,Hand launderers and pressers,2,0.04422573743694427,0,0,alter wearing apparel; clean household linens; collect items for laundry service; comply with food safety and hygiene; coordinate manufacturing production activities; distinguish accessories; distinguish fabrics; handle linen in stock; iron textiles; maintain inventory of cleaning supplies,2017,1037.512,2024,899.709,-0.13282063243605857,2013,7891.221,2024,10647.292,0.349257865164339,FALSE
BGD,Bangladesh,91,Cleaners and helpers,912,"Vehicle, window, laundry and other hand cleaning workers",9122,Vehicle cleaners,1,0.04422573743694427,0,0,car cleaning procedures; car controls; clean equipment; clean vehicle engine; clean vehicle exterior; clean vehicle interiors; ensure vehicle preparation for pick-up; execute working instructions; follow procedures to control substances hazardous to health; handle chemical cleaning agents,2017,1037.512,2024,899.709,-0.13282063243605857,2013,7891.221,2024,10647.292,0.349257865164339,FALSE
BGD,Bangladesh,91,Cleaners and helpers,912,"Vehicle, window, laundry and other hand cleaning workers",9123,Window cleaners,1,0.04422573743694427,0,0,clean glass surfaces; cleaning industry health and safety measures; complete report sheets of activity; dispose of non-hazardous waste; follow organisational guidelines in the cleaning industry; follow procedures to control substances hazardous to health; follow reporting procedures; handle chemical cleaning agents; maintain cleaning equipment; maintain inventory of cleaning supplies,2017,1037.512,2024,899.709,-0.13282063243605857,2013,7891.221,2024,10647.292,0.349257865164339,FALSE
BGD,Bangladesh,91,Cleaners and helpers,912,"Vehicle, window, laundry and other hand cleaning workers",9129,Other cleaning workers,4,0.04422573743694427,0,0,clean public areas; handle chemical cleaning agents; maintain cleaning equipment; amusement park emergency procedures; apply health and safety standards; clean amusement park facilities; clean glass surfaces; clean particular areas manually; clean sewerage systems; cleaning techniques,2017,1037.512,2024,899.709,-0.13282063243605857,2013,7891.221,2024,10647.292,0.349257865164339,FALSE
BGD,Bangladesh,92,"Agricultural, forestry and fishery labourers",921,"Agricultural, forestry and fishery labourers",9211,Crop farm labourers,2,0.11374943663873564,0.03571428571428571,0,apply health and safety when picking; carry picking work aids; drive agricultural machines; execute fertilisation; harvest crop; harvest grapes; manage canopy; manage data; operate hand pruning equipment; participate in vine maintenance,2017,4948.856,2024,2894.264,-0.41516504016281736,2013,7891.221,2024,10647.292,0.349257865164339,TRUE
BGD,Bangladesh,92,"Agricultural, forestry and fishery labourers",921,"Agricultural, forestry and fishery labourers",9212,Livestock farm labourers,4,0.11374943663873564,0.015625,0,animal welfare legislation; assist animal birth; biology; control animal movement; maintain pastures; maintain the farm; animal nutrition; breed stock; breed-specific behaviour of horses; clean stalls,2017,4948.856,2024,2894.264,-0.41516504016281736,2013,7891.221,2024,10647.292,0.349257865164339,FALSE
BGD,Bangladesh,92,"Agricultural, forestry and fishery labourers",921,"Agricultural, forestry and fishery labourers",9213,Mixed crop and livestock farm labourers,1,0.11374943663873564,0,0,agroforestry; cultivate crops for biomass; drive agricultural machines; execute disease and pest control activities; execute fertilisation; grow plants; harvest crop; maintain storage facilities; manage crop rotation; monitor fields,2017,4948.856,2024,2894.264,-0.41516504016281736,2013,7891.221,2024,10647.292,0.349257865164339,FALSE
BGD,Bangladesh,92,"Agricultural, forestry and fishery labourers",921,"Agricultural, forestry and fishery labourers",9214,Garden and horticultural labourers,2,0.11374943663873564,0,0,grow plants; nurse plants; prepare planting area; propagate plants; prune plants; use gardening equipment; drive agricultural machines; execute fertilisation; handling chemical products for soil and plants; harvest crop,2017,4948.856,2024,2894.264,-0.41516504016281736,2013,7891.221,2024,10647.292,0.349257865164339,FALSE
BGD,Bangladesh,92,"Agricultural, forestry and fishery labourers",921,"Agricultural, forestry and fishery labourers",9215,Forestry labourers,1,0.11374943663873564,0,0,act with a high level of safety awareness; assist forest survey crew; assist tree identification; build fences; carry out aerial tree rigging; climb trees; control tree diseases; de-limb trees; execute disease and pest control activities; maintain forestry equipment,2017,4948.856,2024,2894.264,-0.41516504016281736,2013,7891.221,2024,10647.292,0.349257865164339,FALSE
BGD,Bangladesh,92,"Agricultural, forestry and fishery labourers",921,"Agricultural, forestry and fishery labourers",9216,Fishery and aquaculture labourers,4,0.11374943663873564,0.012195121951219513,0,collect dead fish; collect live fish; rope manipulation; assess cage water quality; carry out fish transportation; carry out preparations for fish disease specialist; collect aquatic resources; collect biological data; collect fish samples for diagnosis; collect growth rate information,2017,4948.856,2024,2894.264,-0.41516504016281736,2013,7891.221,2024,10647.292,0.349257865164339,FALSE
BGD,Bangladesh,93,"Labourers in mining, construction, manufacturing and transport",931,Mining and construction labourers,9311,Mining and quarrying labourers,1,0.06154909317443304,0,0,address problems critically; clean waste materials from machines; conduct inter-shift communication; dispose of non-hazardous waste; excavation techniques; handle mining plant waste; maintain records of mining operations; perform minor repairs to equipment; troubleshoot; work ergonomically,2017,4072.939,2024,2778.958,-0.3177020328563722,2013,7891.221,2024,10647.292,0.349257865164339,TRUE
BGD,Bangladesh,93,"Labourers in mining, construction, manufacturing and transport",931,Mining and construction labourers,9312,Civil engineering labourers,7,0.06154909317443304,0.01098901098901099,0,follow health and safety procedures in construction; inspect construction supplies; use safety equipment in construction; work ergonomically; inspect asphalt; inspect construction sites; perform drainage work; road traffic laws; transport construction supplies; work in a construction team,2017,4072.939,2024,2778.958,-0.3177020328563722,2013,7891.221,2024,10647.292,0.349257865164339,FALSE
BGD,Bangladesh,93,"Labourers in mining, construction, manufacturing and transport",931,Mining and construction labourers,9313,Building construction labourers,1,0.06154909317443304,0,0,apply finish to concrete; check compatibility of materials; dig soil mechanically; discharge cement; follow health and safety procedures in construction; inspect construction supplies; inspect masonry work; install construction profiles; install wood elements in structures; mix concrete,2017,4072.939,2024,2778.958,-0.3177020328563722,2013,7891.221,2024,10647.292,0.349257865164339,FALSE
BGD,Bangladesh,93,"Labourers in mining, construction, manufacturing and transport",932,Manufacturing labourers,9321,Hand packers,2,0.01136363636363635,0,0,pack goods; clothing industry; clothing sizes; comply with checklists; decorate textile articles; ensure correct goods labelling; follow written instructions; lift heavy weights; manufacture wearing apparel products; packaging processes,2017,4072.939,2024,2778.958,-0.3177020328563722,2013,7891.221,2024,10647.292,0.349257865164339,FALSE
BGD,Bangladesh,93,"Labourers in mining, construction, manufacturing and transport",932,Manufacturing labourers,9329,Manufacturing labourers not elsewhere classified,2,0.01136363636363635,0,0,clean equipment; wear appropriate protective gear; apply health and safety standards; calculate materials to build equipment; clean building floors; clean surfaces; cleaning products; cleaning techniques; ensure integrity of hull; ensure vessel compliance with regulations,2017,4072.939,2024,2778.958,-0.3177020328563722,2013,7891.221,2024,10647.292,0.349257865164339,FALSE
BGD,Bangladesh,93,"Labourers in mining, construction, manufacturing and transport",933,Transport and storage labourers,9331,Hand and pedal vehicle drivers,1,0.03497142687534712,0,0,act reliably; analyse travel alternatives; communicate with customers; differentiate types of packages; drive two-wheeled vehicles; ensure the integrity of mail; geographic areas; interpret traffic signals; obey traffic rules; road traffic laws,2017,4072.939,2024,2778.958,-0.3177020328563722,2013,7891.221,2024,10647.292,0.349257865164339,FALSE
BGD,Bangladesh,93,"Labourers in mining, construction, manufacturing and transport",933,Transport and storage labourers,9332,Drivers of animal-drawn vehicles and machinery,1,0.03497142687534712,0,0,animal behaviour; assist passengers; communicate with customers; drive carriage; ensure passenger comfort; focus on passengers; harness horses to carriage; obey traffic rules; road traffic laws; tolerate sitting for long periods,2017,4072.939,2024,2778.958,-0.3177020328563722,2013,7891.221,2024,10647.292,0.349257865164339,FALSE
BGD,Bangladesh,93,"Labourers in mining, construction, manufacturing and transport",933,Transport and storage labourers,9333,Freight handlers,9,0.03497142687534712,0.06030408648055707,0,stack goods; lift heavy weights; apply techniques for stacking goods into containers; dispatch order processing; implement efficiency plans for logistics operations; maintain physical condition of warehouse; maintain stock control systems; manage warehouse inventory; operate forklift; operate warehouse record systems,2017,4072.939,2024,2778.958,-0.3177020328563722,2013,7891.221,2024,10647.292,0.349257865164339,FALSE
BGD,Bangladesh,93,"Labourers in mining, construction, manufacturing and transport",933,Transport and storage labourers,9334,Shelf fillers,1,0.03497142687534712,0,0,assess shelf life of food products; change shelf labels; check price accuracy on the shelf; comply with food safety and hygiene; ensure stock storage safety; examine merchandise; monitor stock level; stock shelves,2017,4072.939,2024,2778.958,-0.3177020328563722,2013,7891.221,2024,10647.292,0.349257865164339,FALSE
BGD,Bangladesh,94,Food preparation assistants,941,Food preparation assistants,9411,Fast food preparers,2,0.0161290322580645,0,0,"comply with food safety and hygiene; use cooking techniques; check deliveries on receipt; clean surfaces; ensure cleanliness of food preparation area; execute opening and closing procedures; greet guests; handover the food preparation area; health, safety and hygiene legislation; maintain a safe, hygienic and secure working environment",2017,28.11,2024,18.566,-0.3395233013162576,2013,7891.221,2024,10647.292,0.349257865164339,TRUE
BGD,Bangladesh,94,Food preparation assistants,941,Food preparation assistants,9412,Kitchen helpers,2,0.0161290322580645,0,0,"carry out stock rotation; clean kitchen equipment; clean surfaces; comply with food safety and hygiene; ensure cleanliness of food preparation area; handle chemical cleaning agents; handover the food preparation area; maintain a safe, hygienic and secure working environment; work in a hospitality team; comply with standard portion sizes",2017,28.11,2024,18.566,-0.3395233013162576,2013,7891.221,2024,10647.292,0.349257865164339,FALSE
BGD,Bangladesh,95,Street and related sales and service workers,951,Street and related service workers,9510,Street and related service workers,1,0,0,0,deliver leaflets; demonstrate professional attitude to clients; distribute local information materials; geographic areas; hand out flyers; work in outdoor conditions,2017,214.181,2024,90.692,-0.57656374748460415,2013,7891.221,2024,10647.292,0.349257865164339,TRUE
BGD,Bangladesh,95,Street and related sales and service workers,952,Street vendors (excluding food),9520,Street vendors (excluding food),1,0.0178571428571428,0,0,adapt to different weather conditions; apply health and safety standards; assist customers; carry out active selling; consumer protection; demonstrate products' features; ensure client orientation; ensure product preparation; guarantee customer satisfaction; maintain work area cleanliness,2017,214.181,2024,90.692,-0.57656374748460415,2013,7891.221,2024,10647.292,0.349257865164339,FALSE
BGD,Bangladesh,96,Refuse workers and other elementary workers,961,Refuse workers,9611,Garbage and recycling collectors,1,0.514503017964927,0,0,"assess waste type; collect domestic waste; collect industrial waste; health, safety and hygiene legislation; maintain refuse collection equipment; maintain waste collection records; manage waste; waste and scrap products; waste management",2017,146.649,2024,352.991,1.4070467579049293,2013,7891.221,2024,10647.292,0.349257865164339,TRUE
BGD,Bangladesh,96,Refuse workers and other elementary workers,961,Refuse workers,9612,Refuse sorters,2,0.514503017964927,0,0,"assess waste type; handle chemical cleaning agents; health, safety and hygiene legislation; manage waste; operate recycling processing equipment; waste and scrap products; waste management; collect broken appliances; communicate with waste collectors; dismantle broken appliances",2017,146.649,2024,352.991,1.4070467579049293,2013,7891.221,2024,10647.292,0.349257865164339,FALSE
BGD,Bangladesh,96,Refuse workers and other elementary workers,961,Refuse workers,9613,Sweepers and related labourers,1,0.514503017964927,0,0,carry out pressure washing activities; clean equipment; clean public areas; clean public furniture; cleaning industry health and safety measures; cleaning techniques; clear out drains; discharge of collected waste; disinfect surfaces; empty community waste collection bins,2017,146.649,2024,352.991,1.4070467579049293,2013,7891.221,2024,10647.292,0.349257865164339,FALSE
BGD,Bangladesh,96,Refuse workers and other elementary workers,962,Other elementary workers,9621,"Messengers, package deliverers and luggage porters",2,0.02091343783890361,0,0,assist clients with special needs; comply with food safety and hygiene; greet guests; maintain customer service; detect drug abuse; handle delivered packages; handle guest luggage; park guest's vehicle; screen clients,2017,146.649,2024,352.991,1.4070467579049293,2013,7891.221,2024,10647.292,0.349257865164339,FALSE
BGD,Bangladesh,96,Refuse workers and other elementary workers,962,Other elementary workers,9622,Odd job persons,1,0.02091343783890361,0.05263157894736842,0,building construction principles; calculate costs of repair operations; carpentry; domestic heating systems; electrical wiring plans; electricity; energy conservation; fire safety regulations; maintain customer service; maintain records of maintenance interventions,2017,146.649,2024,352.991,1.4070467579049293,2013,7891.221,2024,10647.292,0.349257865164339,FALSE
BGD,Bangladesh,96,Refuse workers and other elementary workers,962,Other elementary workers,9623,Meter readers and vending-machine collectors,2,0.02091343783890361,0.04545454545454546,0,adjust temperature gauges; carry out stock rotation; change shelf labels; company policies; ensure public safety and security; examine meters in connections; food hygiene rules; geographical routes; identify faults in utility meters; interpret traffic signals,2017,146.649,2024,352.991,1.4070467579049293,2013,7891.221,2024,10647.292,0.349257865164339,FALSE
BGD,Bangladesh,96,Refuse workers and other elementary workers,962,Other elementary workers,9629,Elementary workers not elsewhere classified,7,0.02091343783890361,0,0,maintain customer service; communicate with customers; greet guests; amusement park emergency procedures; manage lost and found articles; monitor amusement park safety; allocate locker space; allocate numbers to clients' belongings; announce amusement park attractions; apply company policies,2017,146.649,2024,352.991,1.4070467579049293,2013,7891.221,2024,10647.292,0.349257865164339,FALSE
GHA,Ghana,01,Commissioned armed forces officers,011,Commissioned armed forces officers,0110,Commissioned armed forces officers,12,0.00575396825396825,0.03869047619047619,0,military weaponry; devise military tactics; military combat techniques; ensure public safety and security; maintain operational communications; military drill; defend human rights; lead military troops; military code; ensure compliance with types of weapons,2013,2.057,2013,2.057,0,2013,3893.377,2024,4193.769,0.0771546141049275,TRUE
GHA,Ghana,02,Non-commissioned armed forces officers,021,Non-commissioned armed forces officers,0210,Non-commissioned armed forces officers,4,0,0.08939393939393939,0,lead military troops; military weaponry; ensure compliance with types of weapons; identify security threats; manage troop deployment; military code; military combat techniques; military drill; assess danger in risk areas; devise military tactics,NA,NA,NA,NA,NA,2013,3893.377,2024,4193.769,0.0771546141049275,TRUE
GHA,Ghana,03,"Armed forces occupations, other ranks",031,"Armed forces occupations, other ranks",0310,"Armed forces occupations, other ranks",5,0.00166666666666666,0.1456892230576441,0,use different communication channels; handle surveillance equipment; surveillance methods; air force operations; collect real-time geolocation information; ensure compliance with types of weapons; geographic information systems; maintain operational communications; military drill; operate radar equipment,2013,4.553,2013,4.553,0,2013,3893.377,2024,4193.769,0.0771546141049275,TRUE
GHA,Ghana,11,"Chief executives, senior officials and legislators",111,Legislators and senior officials,1111,Legislators,7,0.0042016806722689,0.01020408163265306,0,good governance; government policy implementation; analyse legislation; legislation procedure; perform political negotiation; constitutional law; manage government policy implementation; prepare legislation proposition; present legislation proposition; engage in debates,2013,11.643,2017,23.745,1.0394228291677403,2013,1208.874,2024,3929.227,2.2503197190112454,TRUE
GHA,Ghana,11,"Chief executives, senior officials and legislators",111,Legislators and senior officials,1112,Senior government officials,9,0.0042016806722689,0.00854700854700855,0,government policy implementation; maintain relationships with government agencies; foreign affairs; represent national interests; assess risk factors; coordinate government activities in foreign institutions; create solutions to problems; develop professional network; diplomatic principles; foreign languages for international careers,2013,11.643,2017,23.745,1.0394228291677403,2013,1208.874,2024,3929.227,2.2503197190112454,FALSE
GHA,Ghana,11,"Chief executives, senior officials and legislators",111,Legislators and senior officials,1114,Senior officials of special-interest organisations,1,0.0042016806722689,0,0,advise on drafting policies; advise on legislative acts; analyse issues; budgetary principles; communicate with media; communication principles; conduct public presentations; create solutions to problems; deal with pressure from unexpected circumstances; develop professional network,2013,11.643,2017,23.745,1.0394228291677403,2013,1208.874,2024,3929.227,2.2503197190112454,FALSE
GHA,Ghana,11,"Chief executives, senior officials and legislators",112,Managing directors and chief executives,1120,Managing directors and chief executives,6,0.0500265816055289,0.012820512820512822,0,manage budgets; analyse business plans; apply strategic thinking; assume responsibility for the management of a business; business process modelling; company policies; conclude business agreements; develop professional network; establish collaborative relations; financial statements,2013,11.643,2017,23.745,1.0394228291677403,2013,1208.874,2024,3929.227,2.2503197190112454,FALSE
GHA,Ghana,12,Administrative and commercial managers,121,Business services and administration managers,1211,Finance managers,5,0.0823875829937813,0,0,analyse market financial trends; create a financial plan; evaluate budgets; financial analysis; financial statements; manage budgets; analyse financial performance of a company; enforce financial policies; financial department processes; financial management,2013,44.206,2017,63.807,0.44340134823327143,2013,1208.874,2024,3929.227,2.2503197190112454,TRUE
GHA,Ghana,12,Administrative and commercial managers,121,Business services and administration managers,1212,Human resource managers,6,0.0823875829937813,0.050333656701061234,0,human resources department processes; apply company policies; comply with legal regulations; coordinate operational activities; develop employee retention programs; develop training programmes; evaluate training; give constructive feedback; human resource management; identify necessary human resources,2013,44.206,2017,63.807,0.44340134823327143,2013,1208.874,2024,3929.227,2.2503197190112454,FALSE
GHA,Ghana,12,Administrative and commercial managers,121,Business services and administration managers,1213,Policy and planning managers,13,0.0823875829937813,0.08079466536913346,0,corporate social responsibility; liaise with managers; strategic planning; develop company strategies; ensure compliance with policies; integrate strategic foundation in daily performance; manage staff; abide by business ethical code of conducts; business analysis; company policies,2013,44.206,2017,63.807,0.44340134823327143,2013,1208.874,2024,3929.227,2.2503197190112454,FALSE
GHA,Ghana,12,Administrative and commercial managers,121,Business services and administration managers,1219,Business services and administration managers not elsewhere classified,14,0.0823875829937813,0.021804568570723305,0,follow company standards; liaise with managers; manage budgets; manage staff; strive for company growth; ensure equipment availability; manage supplies; adhere to organisational guidelines; corporate social responsibility; ensure equipment maintenance,2013,44.206,2017,63.807,0.44340134823327143,2013,1208.874,2024,3929.227,2.2503197190112454,FALSE
GHA,Ghana,12,Administrative and commercial managers,122,"Sales, marketing and development managers",1221,Sales and marketing managers,16,0.0296640356338618,0.0976151496092706,0,perform market research; align efforts towards business development; analyse consumer buying trends; build business relationships; corporate social responsibility; create annual marketing budget; define measurable marketing objectives; integrate marketing strategies with the global strategy; plan marketing campaigns; analyse external factors of companies,2013,44.206,2017,63.807,0.44340134823327143,2013,1208.874,2024,3929.227,2.2503197190112454,FALSE
GHA,Ghana,12,Administrative and commercial managers,122,"Sales, marketing and development managers",1222,Advertising and public relations managers,3,0.0296640356338618,0.03030303030303031,0,advise on public image; analyse external factors of companies; communication principles; corporate social responsibility; develop communications strategies; develop public relations strategies; diplomatic principles; forming of public opinion; integrate strategic foundation in daily performance; market research,2013,44.206,2017,63.807,0.44340134823327143,2013,1208.874,2024,3929.227,2.2503197190112454,FALSE
GHA,Ghana,12,Administrative and commercial managers,122,"Sales, marketing and development managers",1223,Research and development managers,12,0.0296640356338618,0.05597739451906118,0,manage budgets; manage staff; develop new products; distinguish accessories; distinguish fabrics; industrial research and development; innovation processes; market research; perform market research; plan product management,2013,44.206,2017,63.807,0.44340134823327143,2013,1208.874,2024,3929.227,2.2503197190112454,FALSE
GHA,Ghana,13,Production and specialised services managers,131,"Production managers in agriculture, forestry and fisheries",1311,Agricultural and forestry production managers,1,0.15848987962194622,0,0,agronomy; animal welfare legislation; conserve forests; de-limb trees; environmental legislation; environmental policy; forestry regulations; health and safety regulations; manage forests; monitor forest health,2013,58.101,2017,75.48,0.2991170547839109,2013,1208.874,2024,3929.227,2.2503197190112454,TRUE
GHA,Ghana,13,Production and specialised services managers,131,"Production managers in agriculture, forestry and fisheries",1312,Aquaculture and fisheries production managers,3,0.15848987962194622,0.017094017094017092,0,animal welfare legislation; biosecurity; control aquatic production environment; develop stock health programmes; ensure aquaculture personnel health and safety; fish biology; fish grading; fish harvesting methods; fishing industry; aquaculture production planning software,2013,58.101,2017,75.48,0.2991170547839109,2013,1208.874,2024,3929.227,2.2503197190112454,FALSE
GHA,Ghana,13,Production and specialised services managers,132,"Manufacturing, mining, construction, and distribution managers",1321,Manufacturing managers,21,0.0458292831389648,0.032473638770021615,0,manage staff; use IT tools; health and safety in the workplace; manage supplies; meet deadlines; use communication techniques; follow company standards; manage budgets; adhere to organisational guidelines; create manufacturing guidelines,2013,58.101,2017,75.48,0.2991170547839109,2013,1208.874,2024,3929.227,2.2503197190112454,FALSE
GHA,Ghana,13,Production and specialised services managers,132,"Manufacturing, mining, construction, and distribution managers",1322,Mining managers,4,0.0458292831389648,0.011363636363636364,0,ensure compliance with safety legislation; identify process improvements; manage emergency procedures; address problems critically; deal with pressure from unexpected circumstances; impact of geological factors on mining operations; manage staff; mine safety legislation; mining engineering; monitor mine production,2013,58.101,2017,75.48,0.2991170547839109,2013,1208.874,2024,3929.227,2.2503197190112454,FALSE
GHA,Ghana,13,Production and specialised services managers,132,"Manufacturing, mining, construction, and distribution managers",1323,Construction managers,3,0.0458292831389648,0,0,manage contracts; audit contractors; budgetary principles; check construction compliance; construction product regulation; contract law; ensure compliance with legal requirements; follow health and safety procedures in construction; green building practices; keep records of work progress,2013,58.101,2017,75.48,0.2991170547839109,2013,1208.874,2024,3929.227,2.2503197190112454,FALSE
GHA,Ghana,13,Production and specialised services managers,132,"Manufacturing, mining, construction, and distribution managers",1324,"Supply, distribution and related managers",90,0.0458292831389648,0.04609737039192383,0,create solutions to problems; have computer literacy; ensure customs compliance; perform financial risk management in international trade; manage staff; supply chain management; analyse supply chain trends; maintain financial records; comprehend financial business terminology; control trade commercial documentation,2013,58.101,2017,75.48,0.2991170547839109,2013,1208.874,2024,3929.227,2.2503197190112454,FALSE
GHA,Ghana,13,Production and specialised services managers,133,Information and communications technology service managers,1330,Information and communications technology service managers,13,0.02973484848484849,0.43397656588556077,0,define technology strategy; manage budgets; ICT market; ICT project management; ICT project management methodologies; decision support systems; monitor technology trends; attack vectors; business processes; coordinate technological activities,2013,58.101,2017,75.48,0.2991170547839109,2013,1208.874,2024,3929.227,2.2503197190112454,FALSE
GHA,Ghana,13,Production and specialised services managers,134,Professional services managers,1341,Child care services managers,3,0.02840907547154232,0,0,implement care programmes for children; apply organisational techniques; child protection; contribute to the safeguarding of children; determine child welfare; manage staff; promote inclusion; promote the safeguarding of young people; support children's wellbeing; accept own accountability,2013,58.101,2017,75.48,0.2991170547839109,2013,1208.874,2024,3929.227,2.2503197190112454,FALSE
GHA,Ghana,13,Production and specialised services managers,134,Professional services managers,1342,Health services managers,2,0.02840907547154232,0.10714285714285714,0,communicate in healthcare; contribute to public health campaigns; adhere to organisational guidelines; advise policy makers in healthcare; analyse goal progress; analyse large-scale data in healthcare; apply good clinical practices; apply organisational techniques; budgetary principles; clinical reports,2013,58.101,2017,75.48,0.2991170547839109,2013,1208.874,2024,3929.227,2.2503197190112454,FALSE
GHA,Ghana,13,Production and specialised services managers,134,Professional services managers,1343,Aged care services managers,1,0.02840907547154232,0,0,address problems critically; adhere to organisational guidelines; advocate for others; advocate for social service users; analyse community needs; apply decision making within social work; apply holistic approach within social services; apply quality standards in social services; apply socially just working principles; budgetary principles,2013,58.101,2017,75.48,0.2991170547839109,2013,1208.874,2024,3929.227,2.2503197190112454,FALSE
GHA,Ghana,13,Production and specialised services managers,134,Professional services managers,1344,Social welfare managers,4,0.02840907547154232,0,0,analyse community needs; accept own accountability; adhere to organisational guidelines; adolescent psychological development; advocate for others; advocate for social service users; apply decision making within social work; apply holistic approach within social services; apply quality standards in social services; apply socially just working principles,2013,58.101,2017,75.48,0.2991170547839109,2013,1208.874,2024,3929.227,2.2503197190112454,FALSE
GHA,Ghana,13,Production and specialised services managers,134,Professional services managers,1345,Education managers,11,0.02840907547154232,0.01112523839796567,0,cooperate with education professionals; curriculum standards; curriculum objectives; assist in the organisation of school events; present reports; project management; write work-related reports; guarantee students' safety; education law; monitor educational developments,2013,58.101,2017,75.48,0.2991170547839109,2013,1208.874,2024,3929.227,2.2503197190112454,FALSE
GHA,Ghana,13,Production and specialised services managers,134,Professional services managers,1346,Financial and insurance services branch managers,6,0.02840907547154232,0,0,advise on financial matters; analyse market financial trends; corporate social responsibility; enforce financial policies; financial analysis; financial management; financial statements; follow company standards; liaise with managers; manage staff,2013,58.101,2017,75.48,0.2991170547839109,2013,1208.874,2024,3929.227,2.2503197190112454,FALSE
GHA,Ghana,13,Production and specialised services managers,134,Professional services managers,1349,Professional services managers not elsewhere classified,24,0.02840907547154232,0.07749522085434357,0,manage staff; manage budgets; corporate social responsibility; write work-related reports; build business relationships; lead a team; liaise with colleagues; liaise with managers; perform project management; project management,2013,58.101,2017,75.48,0.2991170547839109,2013,1208.874,2024,3929.227,2.2503197190112454,FALSE
GHA,Ghana,14,"Hospitality, retail and other services managers",141,Hotel and restaurant managers,1411,Hotel managers,3,0.1104797979797975,0.03333333333333334,0,manage health and safety standards; manage staff; assist at check-in; comply with food safety and hygiene; create solutions to problems; handle customer complaints; implement marketing strategies; implement sales strategies; maintain customer service; manage budgets,2013,57.324,2017,42.006,-0.2672179191961482,2013,1208.874,2024,3929.227,2.2503197190112454,TRUE
GHA,Ghana,14,"Hospitality, retail and other services managers",141,Hotel and restaurant managers,1412,Restaurant managers,1,0.1104797979797975,0.02777777777777777,0,arrange special events; comply with food safety and hygiene; control of expenses; design indicators for food waste reduction; develop food waste reduction strategies; develop inclusive communication material; devise special promotions; ensure infrastructure accessibility; ensure maintenance of kitchen equipment; ensure portion control,2013,57.324,2017,42.006,-0.2672179191961482,2013,1208.874,2024,3929.227,2.2503197190112454,FALSE
GHA,Ghana,14,"Hospitality, retail and other services managers",142,Retail and wholesale trade managers,1420,Retail and wholesale trade managers,49,0.00760558850529628,0.015131717819486476,0,manage budgets; ensure compliance with purchasing and contracting regulations; manage staff; maximise sales revenues; monitor customer service; employment law; maintain relationship with customers; maintain relationship with suppliers; set sales goals; manage theft prevention,2013,57.324,2017,42.006,-0.2672179191961482,2013,1208.874,2024,3929.227,2.2503197190112454,FALSE
GHA,Ghana,14,"Hospitality, retail and other services managers",143,Other services managers,1431,"Sports, recreation and cultural centre managers",11,0.036908998006956,0.006743256743256742,0,manage budgets; follow company standards; manage staff; manage supplies; supervise daily information operations; corporate social responsibility; establish daily priorities; liaise with local authorities; represent the organisation; set organisational policies,2013,57.324,2017,42.006,-0.2672179191961482,2013,1208.874,2024,3929.227,2.2503197190112454,FALSE
GHA,Ghana,14,"Hospitality, retail and other services managers",143,Other services managers,1439,Services managers not elsewhere classified,8,0.036908998006956,0.031187996031746032,0,manage staff; create solutions to problems; manage budgets; comply with food safety and hygiene; corporate social responsibility; customer relationship management; follow company standards; identify customer's needs; measure customer feedback; recruit employees,2013,57.324,2017,42.006,-0.2672179191961482,2013,1208.874,2024,3929.227,2.2503197190112454,FALSE
GHA,Ghana,21,Science and engineering professionals,211,Physical and earth science professionals,2111,Physicists and astronomers,3,0.09957203274837712,0.13669978922011441,0,apply for research funding; apply research ethics and scientific integrity principles in research activities; apply scientific methods; communicate with a non-scientific audience; conduct research across disciplines; demonstrate disciplinary expertise; develop professional network with researchers and scientists; disseminate results to the scientific community; draft scientific or academic papers and technical documentation; evaluate research activities,2013,50.073,2017,46.565,-0.07005771573502691,2013,992.671,2024,2969.798,1.99172434774462,TRUE
GHA,Ghana,21,Science and engineering professionals,211,Physical and earth science professionals,2112,Meteorologists,5,0.09957203274837712,0.17163419913419914,0,analyse weather forecast; carry out meteorological research; conduct research across disciplines; meteorology; perform scientific research; review meteorological forecast data; use meteorological tools to forecast meteorological conditions; use specialised computer models for weather forecasting; apply for research funding; apply research ethics and scientific integrity principles in research activities,2013,50.073,2017,46.565,-0.07005771573502691,2013,992.671,2024,2969.798,1.99172434774462,FALSE
GHA,Ghana,21,Science and engineering professionals,211,Physical and earth science professionals,2113,Chemists,8,0.09957203274837712,0.06275045443278526,0,analytical chemistry; use chemical analysis equipment; apply for research funding; apply research ethics and scientific integrity principles in research activities; calibrate laboratory equipment; chemistry; communicate with a non-scientific audience; conduct research across disciplines; demonstrate disciplinary expertise; develop professional network with researchers and scientists,2013,50.073,2017,46.565,-0.07005771573502691,2013,992.671,2024,2969.798,1.99172434774462,FALSE
GHA,Ghana,21,Science and engineering professionals,211,Physical and earth science professionals,2114,Geologists and geophysicists,13,0.09957203274837712,0.11710905276464373,0,geology; apply for research funding; apply research ethics and scientific integrity principles in research activities; apply scientific methods; communicate with a non-scientific audience; conduct research across disciplines; demonstrate disciplinary expertise; develop professional network with researchers and scientists; disseminate results to the scientific community; draft scientific or academic papers and technical documentation,2013,50.073,2017,46.565,-0.07005771573502691,2013,992.671,2024,2969.798,1.99172434774462,FALSE
GHA,Ghana,21,Science and engineering professionals,212,"Mathematicians, actuaries and statisticians",2120,"Mathematicians, actuaries and statisticians",7,0.00418909001956947,0.20419642179040673,0,mathematics; statistics; apply for research funding; apply research ethics and scientific integrity principles in research activities; apply statistical analysis techniques; communicate with a non-scientific audience; conduct research across disciplines; demonstrate disciplinary expertise; develop professional network with researchers and scientists; disseminate results to the scientific community,2013,50.073,2017,46.565,-0.07005771573502691,2013,992.671,2024,2969.798,1.99172434774462,FALSE
GHA,Ghana,21,Science and engineering professionals,213,Life science professionals,2131,"Biologists, botanists, zoologists and related professionals",19,0.25118104817894576,0.07472634046047208,0,manage personal professional development; perform scientific research; apply for research funding; apply research ethics and scientific integrity principles in research activities; apply scientific methods; biology; communicate with a non-scientific audience; conduct research across disciplines; demonstrate disciplinary expertise; develop professional network with researchers and scientists,2013,50.073,2017,46.565,-0.07005771573502691,2013,992.671,2024,2969.798,1.99172434774462,FALSE
GHA,Ghana,21,Science and engineering professionals,213,Life science professionals,2132,"Farming, forestry and fisheries advisers",6,0.25118104817894576,0.03467599645819498,0,environmental legislation; advise on soil and water protection; agroecology; agronomy; consultation methods; crop production principles; cultivate crops for biomass; environmental legislation in agriculture and forestry; fish biology; fish identification and classification,2013,50.073,2017,46.565,-0.07005771573502691,2013,992.671,2024,2969.798,1.99172434774462,FALSE
GHA,Ghana,21,Science and engineering professionals,213,Life science professionals,2133,Environmental protection professionals,15,0.25118104817894576,0.05768672336034766,0,environmental legislation; analyse environmental data; develop environmental policy; habitat restoration; assess environmental impact; ecology; environmental policy; report on environmental issues; write work-related reports; advise on nature conservation,2013,50.073,2017,46.565,-0.07005771573502691,2013,992.671,2024,2969.798,1.99172434774462,FALSE
GHA,Ghana,21,Science and engineering professionals,214,Engineering professionals (excluding electrotechnology),2141,Industrial and production engineers,15,0.11661932326479588,0.07704497354497354,0,engineering principles; engineering processes; manufacturing processes; production processes; adjust engineering designs; approve engineering design; industrial engineering; technical drawings; use technical drawing software; perform scientific research,2013,50.073,2017,46.565,-0.07005771573502691,2013,992.671,2024,2969.798,1.99172434774462,FALSE
GHA,Ghana,21,Science and engineering professionals,214,Engineering professionals (excluding electrotechnology),2142,Civil engineers,11,0.11661932326479588,0.10739753176547726,0,engineering principles; technical drawings; approve engineering design; use technical drawing software; adjust engineering designs; engineering processes; ensure compliance with safety legislation; execute feasibility study; perform scientific research; civil engineering,2013,50.073,2017,46.565,-0.07005771573502691,2013,992.671,2024,2969.798,1.99172434774462,FALSE
GHA,Ghana,21,Science and engineering professionals,214,Engineering professionals (excluding electrotechnology),2143,Environmental engineers,6,0.11661932326479588,0.08988756341697518,0,adjust engineering designs; approve engineering design; engineering principles; engineering processes; environmental legislation; perform scientific research; technical drawings; use technical drawing software; assess environmental impact; carry out environmental audits,2013,50.073,2017,46.565,-0.07005771573502691,2013,992.671,2024,2969.798,1.99172434774462,FALSE
GHA,Ghana,21,Science and engineering professionals,214,Engineering professionals (excluding electrotechnology),2144,Mechanical engineers,26,0.11661932326479588,0.17464855559617573,0,engineering principles; use technical drawing software; adjust engineering designs; engineering processes; approve engineering design; perform scientific research; technical drawings; mechanical engineering; mechanics; mathematics,2013,50.073,2017,46.565,-0.07005771573502691,2013,992.671,2024,2969.798,1.99172434774462,FALSE
GHA,Ghana,21,Science and engineering professionals,214,Engineering professionals (excluding electrotechnology),2145,Chemical engineers,12,0.11661932326479588,0.03477067917707188,0,adjust engineering designs; engineering principles; engineering processes; perform scientific research; approve engineering design; analyse samples of food and beverages; analytical chemistry; apply GMP; apply HACCP; apply requirements concerning manufacturing of food and beverages,2013,50.073,2017,46.565,-0.07005771573502691,2013,992.671,2024,2969.798,1.99172434774462,FALSE
GHA,Ghana,21,Science and engineering professionals,214,Engineering professionals (excluding electrotechnology),2146,"Mining engineers, metallurgists and related professionals",13,0.11661932326479588,0.015695714541868386,0,prepare scientific reports; address problems critically; geology; troubleshoot; supervise staff; chemistry; ensure compliance with safety legislation; impact of geological factors on mining operations; metal and metal ore products; alloys of precious metals,2013,50.073,2017,46.565,-0.07005771573502691,2013,992.671,2024,2969.798,1.99172434774462,FALSE
GHA,Ghana,21,Science and engineering professionals,214,Engineering professionals (excluding electrotechnology),2149,Engineering professionals not elsewhere classified,41,0.11661932326479588,0.1436695863363957,0,engineering principles; engineering processes; perform scientific research; adjust engineering designs; approve engineering design; technical drawings; use technical drawing software; manage engineering project; perform project management; analyse test data,2013,50.073,2017,46.565,-0.07005771573502691,2013,992.671,2024,2969.798,1.99172434774462,FALSE
GHA,Ghana,21,Science and engineering professionals,215,Electrotechnology engineers,2151,Electrical engineers,10,0.05421888631058128,0.23813552939616417,0,electrical engineering; engineering principles; approve engineering design; use technical drawing software; adjust engineering designs; electricity; perform scientific research; design drawings; electricity principles; ensure safety in electrical power operations,2013,50.073,2017,46.565,-0.07005771573502691,2013,992.671,2024,2969.798,1.99172434774462,FALSE
GHA,Ghana,21,Science and engineering professionals,215,Electrotechnology engineers,2152,Electronics engineers,17,0.05421888631058128,0.30559685318456004,0,engineering principles; electronics; mathematics; adjust engineering designs; approve engineering design; use technical drawing software; design drawings; physics; environmental legislation; environmental threats,2013,50.073,2017,46.565,-0.07005771573502691,2013,992.671,2024,2969.798,1.99172434774462,FALSE
GHA,Ghana,21,Science and engineering professionals,215,Electrotechnology engineers,2153,Telecommunications engineers,2,0.05421888631058128,0.6,0,ICT communications protocols; define technical requirements; design process; electronics principles; microwave principles; procurement of ICT network equipment; provide ICT system training; telecom regulations; use session border controller; ICT network routing,2013,50.073,2017,46.565,-0.07005771573502691,2013,992.671,2024,2969.798,1.99172434774462,FALSE
GHA,Ghana,21,Science and engineering professionals,216,"Architects, planners, surveyors and designers",2161,Building architects,2,0.05944735918809828,0.056704980842911874,0,architectural design; architectural theory; architecture regulations; design building retrofitting solutions; develop architectural plans; draw blueprints; ensure infrastructure accessibility; identify customer's needs; integrate measures in architectural designs; integrated design,2013,50.073,2017,46.565,-0.07005771573502691,2013,992.671,2024,2969.798,1.99172434774462,FALSE
GHA,Ghana,21,Science and engineering professionals,216,"Architects, planners, surveyors and designers",2162,Landscape architects,2,0.05944735918809828,0,0,develop architectural plans; ecology; landscape analysis; landscape architecture; manage landscape design projects; advise on landscapes; advise supervisors; aesthetics; architecture regulations; create landscape designs,2013,50.073,2017,46.565,-0.07005771573502691,2013,992.671,2024,2969.798,1.99172434774462,FALSE
GHA,Ghana,21,Science and engineering professionals,216,"Architects, planners, surveyors and designers",2163,Product and garment designers,15,0.05944735918809828,0.07280610549031602,0,gather reference materials for artwork; portfolio management in textile manufacturing; create mood boards; develop design concept; draw sketches to develop textile articles; keep up to date on costume design; present artistic design proposals; properties of textile materials; use textile technique for hand-made products; aesthetics,2013,50.073,2017,46.565,-0.07005771573502691,2013,992.671,2024,2969.798,1.99172434774462,FALSE
GHA,Ghana,21,Science and engineering professionals,216,"Architects, planners, surveyors and designers",2164,Town and traffic planners,5,0.05944735918809828,0.16940440845704002,0,environmental policy; urban planning; build business relationships; urban planning law; advise on use of land; analyse transport business networks; analyse transportation costs; architecture regulations; civil engineering; develop urban transport studies,2013,50.073,2017,46.565,-0.07005771573502691,2013,992.671,2024,2969.798,1.99172434774462,FALSE
GHA,Ghana,21,Science and engineering professionals,216,"Architects, planners, surveyors and designers",2165,Cartographers and surveyors,6,0.05944735918809828,0.32828159041394334,0,cartography; mathematics; perform surveying calculations; geographic information systems; geomatics; collect mapping data; compare survey computations; create GIS reports; create thematic maps; document survey operations,2013,50.073,2017,46.565,-0.07005771573502691,2013,992.671,2024,2969.798,1.99172434774462,FALSE
GHA,Ghana,21,Science and engineering professionals,216,"Architects, planners, surveyors and designers",2166,Graphic and multimedia designers,16,0.05944735918809828,0.45391415507157024,0,computer graphics; finish project within budget; follow a brief; graphic design; adapt to type of media; analyse a script; follow work schedule; design graphics; ICT software specifications; copyright legislation,2013,50.073,2017,46.565,-0.07005771573502691,2013,992.671,2024,2969.798,1.99172434774462,FALSE
GHA,Ghana,22,Health professionals,221,Medical doctors,2211,Generalist medical practitioners,1,0,0.2,0,assess physical conditions of clients; demonstrate disciplinary expertise; interact professionally in research and professional environments; manage personal professional development; manage research data; monitor children's physical development; operate open source software; provide healthcare services to patients in general medical practice; synthesise information; think abstractly,2013,62.448,2017,79.26,0.26921598770176797,2013,992.671,2024,2969.798,1.99172434774462,TRUE
GHA,Ghana,22,Health professionals,221,Medical doctors,2212,Specialist medical practitioners,1,0,0.03225806451612903,0,Interpret diagnostic procedures for vascular surgery; cancer risks; conduct cancer screening tests; conduct preoperative investigations; conduct research on reproductive medicine; counsel patients on fertility treatments; delegate emergency care; demonstrate disciplinary expertise; demonstrate technical skills during neurological surgery; dermapathology,2013,62.448,2017,79.26,0.26921598770176797,2013,992.671,2024,2969.798,1.99172434774462,FALSE
GHA,Ghana,22,Health professionals,222,Nursing and midwifery professionals,2221,Nursing professionals,3,0.00776405391339631,0.036851185935854125,0,accept own accountability; advise on healthy lifestyles; analyse quality of nurse care; apply context specific clinical competences; apply nursing care in long-term care; apply person-centred care; comply with quality standards related to healthcare practice; coordinate care; deal with emergency care situations; delegate emergency care,2013,62.448,2017,79.26,0.26921598770176797,2013,992.671,2024,2969.798,1.99172434774462,FALSE
GHA,Ghana,22,Health professionals,222,Nursing and midwifery professionals,2222,Midwifery professionals,1,0.00776405391339631,0.0136986301369863,0,accept own accountability; address problems critically; adhere to organisational guidelines; advise on childbirth; advise on family planning; advise on pregnancies at risk; advise on pregnancy; anaesthetics; analgesics; apply context specific clinical competences,2013,62.448,2017,79.26,0.26921598770176797,2013,992.671,2024,2969.798,1.99172434774462,FALSE
GHA,Ghana,22,Health professionals,223,Traditional and complementary medicine professionals,2230,Traditional and complementary medicine professionals,5,0,0,0,develop therapeutic relationships; ensure safety of healthcare users; follow-up on healthcare users' treatment; apply context specific clinical competences; human anatomy; human physiology; maintain work area cleanliness; accept own accountability; comply with quality standards related to healthcare practice; empathise with the healthcare user,2013,62.448,2017,79.26,0.26921598770176797,2013,992.671,2024,2969.798,1.99172434774462,FALSE
GHA,Ghana,22,Health professionals,225,Veterinarians,2250,Veterinarians,11,0.06376434281572617,0.011401641836424444,0,anatomy of animals; apply animal hygiene practices; manage animal biosecurity; animal behaviour; animal welfare; animal welfare legislation; apply safe work practices in a veterinary setting; biosecurity related to animals; handle veterinary emergencies; monitor the welfare of animals,2013,62.448,2017,79.26,0.26921598770176797,2013,992.671,2024,2969.798,1.99172434774462,FALSE
GHA,Ghana,22,Health professionals,226,Other health professionals,2261,Dentists,4,0.02394168957531953,0.02241340850097339,0,accept own accountability; apply organisational techniques; communicate in healthcare; comply with legislation related to health care; contribute to continuity of health care; ensure safety of healthcare users; follow clinical guidelines; listen actively; manage infection control in the facility; promote inclusion,2013,62.448,2017,79.26,0.26921598770176797,2013,992.671,2024,2969.798,1.99172434774462,FALSE
GHA,Ghana,22,Health professionals,226,Other health professionals,2262,Pharmacists,6,0.02394168957531953,0.007719298245614035,0,accept own accountability; adhere to organisational guidelines; communicate in healthcare; comply with legislation related to health care; comply with quality standards related to healthcare practice; follow clinical guidelines; pharmaceutical chemistry; pharmaceutical technology; pharmacognosy; pharmacokinetics,2013,62.448,2017,79.26,0.26921598770176797,2013,992.671,2024,2969.798,1.99172434774462,FALSE
GHA,Ghana,22,Health professionals,226,Other health professionals,2263,Environmental and occupational health and hygiene professionals,5,0.02394168957531953,0.03833333333333333,0,advise on risk management; ensure compliance with environmental legislation; environmental legislation; perform risk analysis; advise on conflict management; advise on environmental risk management systems; advise on pollution prevention; advise on safety improvements; apply radiation protection procedures; assess ergonomics of the workplace,2013,62.448,2017,79.26,0.26921598770176797,2013,992.671,2024,2969.798,1.99172434774462,FALSE
GHA,Ghana,22,Health professionals,226,Other health professionals,2264,Physiotherapists,2,0.02394168957531953,0.0188034188034188,0,accept own accountability; adhere to health well-being and safety; adhere to organisational guidelines; adjust physiotherapy interventions; advise on healthcare users' informed consent; advocate health; apply context specific clinical competences; apply organisational techniques; collect healthcare user's general data; communicate in healthcare,2013,62.448,2017,79.26,0.26921598770176797,2013,992.671,2024,2969.798,1.99172434774462,FALSE
GHA,Ghana,22,Health professionals,226,Other health professionals,2265,Dieticians and nutritionists,2,0.02394168957531953,0.012345679012345675,0,dietetics; food science; identify nutritional properties of food; supervise food in healthcare; accept own accountability; adhere to organisational guidelines; advise food industry; advise on healthcare users' informed consent; advise on preparation of diet food; analyse trends in the food and beverage industries,2013,62.448,2017,79.26,0.26921598770176797,2013,992.671,2024,2969.798,1.99172434774462,FALSE
GHA,Ghana,22,Health professionals,226,Other health professionals,2266,Audiologists and speech therapists,2,0.02394168957531953,0.0386986301369863,0,accept own accountability; adhere to organisational guidelines; advise on healthcare users' informed consent; apply context specific clinical competences; apply organisational techniques; audiology; audiometry; communicate in healthcare; comply with legislation related to health care; comply with quality standards related to healthcare practice,2013,62.448,2017,79.26,0.26921598770176797,2013,992.671,2024,2969.798,1.99172434774462,FALSE
GHA,Ghana,22,Health professionals,226,Other health professionals,2267,Optometrists and ophthalmic opticians,2,0.02394168957531953,0.02674258109040717,0,accept own accountability; adhere to organisational guidelines; advise on healthcare users' informed consent; advise patients on vision improvement conditions; apply context specific clinical competences; apply organisational techniques; communicate in healthcare; comply with legislation related to health care; comply with quality standards related to healthcare practice; deal with emergency care situations,2013,62.448,2017,79.26,0.26921598770176797,2013,992.671,2024,2969.798,1.99172434774462,FALSE
GHA,Ghana,22,Health professionals,226,Other health professionals,2269,Health professionals not elsewhere classified,23,0.02394168957531953,0.03375458139885682,0,comply with legislation related to health care; apply context specific clinical competences; ensure safety of healthcare users; follow clinical guidelines; communicate in healthcare; comply with quality standards related to healthcare practice; interact with healthcare users; listen actively; work in multidisciplinary health teams; develop a collaborative therapeutic relationship,2013,62.448,2017,79.26,0.26921598770176797,2013,992.671,2024,2969.798,1.99172434774462,FALSE
GHA,Ghana,23,Teaching professionals,231,University and higher education teachers,2310,University and higher education teachers,45,0.00386034067531382,0.04676911213248861,0,assess students; prepare lesson content; apply teaching strategies; curriculum objectives; guarantee students' safety; apply intercultural teaching strategies; develop course outline; give constructive feedback; liaise with educational support staff; monitor developments in field of expertise,2013,358.382,2017,438.435,0.2233733837078871,2013,992.671,2024,2969.798,1.99172434774462,TRUE
GHA,Ghana,23,Teaching professionals,232,Vocational education teachers,2320,Vocational education teachers,25,0.01894009296681494,0.00760438156989881,0,assess students; assist students in their learning; apply intercultural teaching strategies; guarantee students' safety; apply teaching strategies; give constructive feedback; adapt teaching to student's capabilities; adapt training to labour market; curriculum objectives; prepare lesson content,2013,358.382,2017,438.435,0.2233733837078871,2013,992.671,2024,2969.798,1.99172434774462,FALSE
GHA,Ghana,23,Teaching professionals,233,Secondary education teachers,2330,Secondary education teachers,19,0.00602082382179837,0.01982042219887286,0,adapt teaching to student's capabilities; apply intercultural teaching strategies; apply teaching strategies; assess students; assign homework; assist students in their learning; compile course material; curriculum objectives; demonstrate when teaching; develop course outline,2013,358.382,2017,438.435,0.2233733837078871,2013,992.671,2024,2969.798,1.99172434774462,FALSE
GHA,Ghana,23,Teaching professionals,234,Primary school and early childhood teachers,2341,Primary school teachers,2,0,0,0,adapt teaching to student's capabilities; apply intercultural teaching strategies; apply teaching strategies; assess students; assessment processes; assign homework; assist students in their learning; assist students with equipment; curriculum objectives; demonstrate when teaching,2013,358.382,2017,438.435,0.2233733837078871,2013,992.671,2024,2969.798,1.99172434774462,FALSE
GHA,Ghana,23,Teaching professionals,234,Primary school and early childhood teachers,2342,Early childhood educators,3,0,0,0,adapt teaching to student's capabilities; apply intercultural teaching strategies; apply teaching strategies; assess students; assess the development of youth; assist children in developing personal skills; assist students in their learning; assist students with equipment; curriculum objectives; demonstrate when teaching,2013,358.382,2017,438.435,0.2233733837078871,2013,992.671,2024,2969.798,1.99172434774462,FALSE
GHA,Ghana,23,Teaching professionals,235,Other teaching professionals,2351,Education methods specialists,4,0.00151274268921327,0.02127659574468085,0,curriculum standards; monitor educational developments; cooperate with education professionals; evaluate education programmes; identify education needs; pedagogy; advise on teaching methods; curriculum objectives; ensure curriculum adherence; present reports,2013,358.382,2017,438.435,0.2233733837078871,2013,992.671,2024,2969.798,1.99172434774462,FALSE
GHA,Ghana,23,Teaching professionals,235,Other teaching professionals,2352,Special needs teachers,8,0.00151274268921327,0.003571428571428571,0,adapt teaching to student's capabilities; apply intercultural teaching strategies; apply teaching strategies; assess students; assist students in their learning; curriculum objectives; demonstrate when teaching; give constructive feedback; guarantee students' safety; prepare lesson content,2013,358.382,2017,438.435,0.2233733837078871,2013,992.671,2024,2969.798,1.99172434774462,FALSE
GHA,Ghana,23,Teaching professionals,235,Other teaching professionals,2353,Other language teachers,2,0.00151274268921327,0.01923076923076923,0,assess students; assessment processes; curriculum objectives; demonstrate when teaching; give constructive feedback; language teaching methods; manage student relationships; perform classroom management; prepare lesson content; teach languages,2013,358.382,2017,438.435,0.2233733837078871,2013,992.671,2024,2969.798,1.99172434774462,FALSE
GHA,Ghana,23,Teaching professionals,235,Other teaching professionals,2354,Other music teachers,1,0.00151274268921327,0,0,adapt teaching to student's capabilities; apply teaching strategies; assess students; assist students in their learning; bring out performers’ artistic potential; consult students on learning content; create a work environment where performers can develop their potential; demonstrate a technical foundation in musical instruments; demonstrate when teaching; develop a coaching style,2013,358.382,2017,438.435,0.2233733837078871,2013,992.671,2024,2969.798,1.99172434774462,FALSE
GHA,Ghana,23,Teaching professionals,235,Other teaching professionals,2355,Other arts teachers,6,0.00151274268921327,0,0,adapt teaching to student's capabilities; apply teaching strategies; assess students; assist students in their learning; consult students on learning content; demonstrate when teaching; develop a coaching style; encourage students to acknowledge their achievements; give constructive feedback; guarantee students' safety,2013,358.382,2017,438.435,0.2233733837078871,2013,992.671,2024,2969.798,1.99172434774462,FALSE
GHA,Ghana,23,Teaching professionals,235,Other teaching professionals,2356,Information technology trainers,2,0.00151274268921327,0.4641025641025641,0,apply teaching strategies; design web-based courses; develop digital educational materials; digital systems; technology education; Computer Assisted Language Learning; ICT hardware specifications; ICT software specifications; adapt teaching to student's capabilities; adapt teaching to target group,2013,358.382,2017,438.435,0.2233733837078871,2013,992.671,2024,2969.798,1.99172434774462,FALSE
GHA,Ghana,23,Teaching professionals,235,Other teaching professionals,2359,Teaching professionals not elsewhere classified,14,0.00151274268921327,0.15853174603174605,0,assessment processes; assess students; curriculum objectives; encourage students to acknowledge their achievements; apply teaching strategies; give constructive feedback; learning difficulties; listen actively; adapt teaching to student's capabilities; assist students in their learning,2013,358.382,2017,438.435,0.2233733837078871,2013,992.671,2024,2969.798,1.99172434774462,FALSE
GHA,Ghana,24,Business and administration professionals,241,Finance professionals,2411,Accountants,13,0.01783134106647644,0.004273504273504274,0,interpret financial statements; analyse financial performance of a company; financial department processes; financial statements; tax legislation; accounting department processes; accounting techniques; accounting entries; analyse financial risk; check accounting records,2013,46.876,2017,65.88,0.40541001791961767,2013,992.671,2024,2969.798,1.99172434774462,TRUE
GHA,Ghana,24,Business and administration professionals,241,Finance professionals,2412,Financial and investment advisers,16,0.01783134106647644,0.006071428571428571,0,advise on financial matters; funding methods; financial markets; securities; analyse market financial trends; investment analysis; review investment portfolios; analyse financial risk; corporate social responsibility; create a financial plan,2013,46.876,2017,65.88,0.40541001791961767,2013,992.671,2024,2969.798,1.99172434774462,FALSE
GHA,Ghana,24,Business and administration professionals,241,Finance professionals,2413,Financial analysts,6,0.01783134106647644,0.054807913503565675,0,actuarial science; analyse financial risk; analyse market financial trends; asset management; economics; fundamental analysis; modern portfolio theory; obtain financial information; provide support in financial calculation; quantitative analysis,2013,46.876,2017,65.88,0.40541001791961767,2013,992.671,2024,2969.798,1.99172434774462,FALSE
GHA,Ghana,24,Business and administration professionals,242,Administration professionals,2421,Management and organisation analysts,8,0.04321980198863492,0.06012829082682024,0,apply change management; advise on efficiency improvements; business analysis; liaise with managers; align efforts towards business development; analyse external factors of companies; identify process improvements; identify undetected organisational needs; management consulting; perform business analysis,2013,46.876,2017,65.88,0.40541001791961767,2013,992.671,2024,2969.798,1.99172434774462,FALSE
GHA,Ghana,24,Business and administration professionals,242,Administration professionals,2422,Policy administration professionals,32,0.04321980198863492,0.020364046872667563,0,government policy implementation; advise on legislative acts; manage government policy implementation; maintain relations with local representatives; create solutions to problems; liaise with local authorities; maintain relationships with government agencies; government policy; establish collaborative relations; provide improvement strategies,2013,46.876,2017,65.88,0.40541001791961767,2013,992.671,2024,2969.798,1.99172434774462,FALSE
GHA,Ghana,24,Business and administration professionals,242,Administration professionals,2423,Personnel and careers professionals,7,0.04321980198863492,0.013729977116704805,0,employment law; job market offers; labour legislation; listen actively; company policies; develop professional network; document interviews; human resource management; interview people; observe confidentiality,2013,46.876,2017,65.88,0.40541001791961767,2013,992.671,2024,2969.798,1.99172434774462,FALSE
GHA,Ghana,24,Business and administration professionals,242,Administration professionals,2424,Training and staff development professionals,2,0.04321980198863492,0,0,apply teaching strategies; coach employees; give constructive feedback; provide feedback to performers; adapt teaching to target group; adapt training to labour market; adult education; advise on efficiency improvements; apply intercultural teaching strategies; assessment processes,2013,46.876,2017,65.88,0.40541001791961767,2013,992.671,2024,2969.798,1.99172434774462,FALSE
GHA,Ghana,24,Business and administration professionals,243,"Sales, marketing and public relations professionals",2431,Advertising and marketing professionals,21,0.02508245184466805,0.12926658572426217,0,advertising techniques; identify customer's needs; perform market research; copyright legislation; implement marketing strategies; implement sales strategies; manage staff; product comprehension; apply social media marketing; company policies,2013,46.876,2017,65.88,0.40541001791961767,2013,992.671,2024,2969.798,1.99172434774462,FALSE
GHA,Ghana,24,Business and administration professionals,243,"Sales, marketing and public relations professionals",2432,Public relations professionals,11,0.02508245184466805,0.060987540189941555,0,advise on public relations; corporate social responsibility; perform public relations; use different communication channels; analyse election procedures; analyse external factors of companies; develop digital content; diplomatic principles; give interviews to media; protect client interests,2013,46.876,2017,65.88,0.40541001791961767,2013,992.671,2024,2969.798,1.99172434774462,FALSE
GHA,Ghana,24,Business and administration professionals,243,"Sales, marketing and public relations professionals",2433,Technical and medical sales professionals (excluding ICT),13,0.02508245184466805,0.04533123048865177,0,characteristics of products; characteristics of services; implement sales strategies; prospect new customers; provide customer follow-up services; communicate with customers; contact customers; ensure compliance with legal requirements; guarantee customer satisfaction; implement customer follow-up,2013,46.876,2017,65.88,0.40541001791961767,2013,992.671,2024,2969.798,1.99172434774462,FALSE
GHA,Ghana,24,Business and administration professionals,243,"Sales, marketing and public relations professionals",2434,Information and communications technology sales professionals,4,0.02508245184466805,0.1518236074270557,0,product comprehension; guarantee customer satisfaction; identify new business opportunities; implement customer follow-up; implement marketing strategies; implement sales strategies; keep records on sales; maintain relationship with customers; perform market research; produce sales reports,2013,46.876,2017,65.88,0.40541001791961767,2013,992.671,2024,2969.798,1.99172434774462,FALSE
GHA,Ghana,25,Information and communications technology professionals,251,Software and applications developers and analysts,2511,Systems analysts,21,0.00883754767255653,0.5917387417442708,0,define technical requirements; digital systems; systems development life-cycle; provide ICT consulting advice; analyse business requirements; apply statistical analysis techniques; data science; execute analytical mathematical calculations; use an application-specific interface; analyse ICT system,2013,9.641,2017,6.917,-0.2825433046364485,2013,992.671,2024,2969.798,1.99172434774462,TRUE
GHA,Ghana,25,Information and communications technology professionals,251,Software and applications developers and analysts,2512,Software developers,10,0.00883754767255653,0.824471249684548,0,ICT system programming; analyse software specifications; cloud technologies; computer programming; deploy cloud resource; design cloud architecture; design cloud networks; develop software prototype; integrated development environment software; automate cloud tasks,2013,9.641,2017,6.917,-0.2825433046364485,2013,992.671,2024,2969.798,1.99172434774462,FALSE
GHA,Ghana,25,Information and communications technology professionals,251,Software and applications developers and analysts,2513,Web and multimedia developers,5,0.00883754767255653,0.7861614506351349,0,develop digital content; interpret technical texts; translate requirements into visual design; use markup languages; web programming; ICT debugging tools; World Wide Web Consortium standards; analyse software specifications; computer programming; conduct search engine optimisation,2013,9.641,2017,6.917,-0.2825433046364485,2013,992.671,2024,2969.798,1.99172434774462,FALSE
GHA,Ghana,25,Information and communications technology professionals,251,Software and applications developers and analysts,2514,Applications programmers,7,0.00883754767255653,0.8097265221878225,0.009523809523809523,computer programming; ICT debugging tools; analyse software specifications; create flowchart diagram; debug software; develop software prototype; integrated development environment software; tools for software configuration management; use software design patterns; use software libraries,2013,9.641,2017,6.917,-0.2825433046364485,2013,992.671,2024,2969.798,1.99172434774462,FALSE
GHA,Ghana,25,Information and communications technology professionals,251,Software and applications developers and analysts,2519,Software and applications developers and analysts not elsewhere classified,12,0.00883754767255653,0.7098020042679486,0,address problems critically; execute software tests; levels of software testing; provide software testing documentation; replicate customer software issues; report test findings; software anomalies; application usability; build business relationships; ICT process quality models,2013,9.641,2017,6.917,-0.2825433046364485,2013,992.671,2024,2969.798,1.99172434774462,FALSE
GHA,Ghana,25,Information and communications technology professionals,252,Database and network professionals,2521,Database designers and administrators,5,0.0023319523865095,0.8575132275132276,0,database management systems; query languages; resource description framework query language; database development tools; information structure; balance database resources; create database diagrams; design database scheme; manage database; operate relational database management system,2013,9.641,2017,6.917,-0.2825433046364485,2013,992.671,2024,2969.798,1.99172434774462,FALSE
GHA,Ghana,25,Information and communications technology professionals,252,Database and network professionals,2522,Systems administrators,3,0.0023319523865095,0.8276143790849673,0,digital systems; integrate system components; interpret technical texts; ICT infrastructure; ICT performance analysis methods; ICT system programming; ICT system user requirements; apply ICT system usage policies; implement ICT security policies; implement a firewall,2013,9.641,2017,6.917,-0.2825433046364485,2013,992.671,2024,2969.798,1.99172434774462,FALSE
GHA,Ghana,25,Information and communications technology professionals,252,Database and network professionals,2523,Computer network professionals,3,0.0023319523865095,0.6617038119595664,0,ICT network routing; analyse business requirements; design computer network; forecast future ICT network needs; implement ICT network diagnostic tools; implement a virtual private network; network engineering; network standards; use an application-specific interface; ICT capacity planning strategies,2013,9.641,2017,6.917,-0.2825433046364485,2013,992.671,2024,2969.798,1.99172434774462,FALSE
GHA,Ghana,25,Information and communications technology professionals,252,Database and network professionals,2529,Database and network professionals not elsewhere classified,9,0.0023319523865095,0.6920014698759986,0,security engineering; ICT network security risks; cyber attack counter-measures; ICT security standards; cyber security; attack vectors; ethical hacking principles; identify ICT security risks; manage IT security compliances; ICT safety,2013,9.641,2017,6.917,-0.2825433046364485,2013,992.671,2024,2969.798,1.99172434774462,FALSE
GHA,Ghana,26,"Legal, social and cultural professionals",261,Legal professionals,2611,Lawyers,3,0.01014610892945528,0,0,analyse legal evidence; compile legal documents; court procedures; interpret law; legal case management; negotiate lawyer's fee; observe confidentiality; present arguments persuasively; present legal arguments; legal research,2013,70.554,2017,71.493,0.013308954843098802,2013,992.671,2024,2969.798,1.99172434774462,TRUE
GHA,Ghana,26,"Legal, social and cultural professionals",261,Legal professionals,2612,Judges,2,0.01014610892945528,0,0,civil law; civil process order; court procedures; hear legal arguments; interpret law; legal terminology; maintain court order; observe confidentiality; show impartiality; supervise court hearings,2013,70.554,2017,71.493,0.013308954843098802,2013,992.671,2024,2969.798,1.99172434774462,FALSE
GHA,Ghana,26,"Legal, social and cultural professionals",261,Legal professionals,2619,Legal professionals not elsewhere classified,12,0.01014610892945528,0.025252525252525256,0,observe confidentiality; provide legal advice; apply knowledge of human behaviour; compile legal documents; comply with legal regulations; facilitate official agreement; interpret law; private law; use communication techniques; adapt to changing situations,2013,70.554,2017,71.493,0.013308954843098802,2013,992.671,2024,2969.798,1.99172434774462,FALSE
GHA,Ghana,26,"Legal, social and cultural professionals",262,"Librarians, archivists and curators",2621,Archivists and curators,9,0.00853994490358126,0.1562601767001265,0,museum databases; cope with challenging demands; use ICT resources to solve work related tasks; conservation techniques; document museum collection; advise on loans of art work for exhibitions; art collections; assess museum object condition; collection management software; consult exhibition organisers,2013,70.554,2017,71.493,0.013308954843098802,2013,992.671,2024,2969.798,1.99172434774462,FALSE
GHA,Ghana,26,"Legal, social and cultural professionals",262,"Librarians, archivists and curators",2622,Librarians and related information professionals,2,0.00853994490358126,0.2725490196078431,0,assess informational needs; develop solutions to information issues; manage digital libraries; perform customer management; analyse information systems; analyse library users' queries; arrange interlibrary loans; buy new library items; classify library materials; collection management,2013,70.554,2017,71.493,0.013308954843098802,2013,992.671,2024,2969.798,1.99172434774462,FALSE
GHA,Ghana,26,"Legal, social and cultural professionals",263,Social and religious professionals,2631,Economists,6,0.00393871515819744,0.051435325903411,0,analyse economic trends; economics; advise on economic development; apply statistical analysis techniques; government policy implementation; advise on legislative acts; analyse market financial trends; apply scientific methods; assess risk factors; business analysis,2013,70.554,2017,71.493,0.013308954843098802,2013,992.671,2024,2969.798,1.99172434774462,FALSE
GHA,Ghana,26,"Legal, social and cultural professionals",263,Social and religious professionals,2632,"Sociologists, anthropologists and related professionals",10,0.00393871515819744,0.11925544449141195,0,apply research ethics and scientific integrity principles in research activities; conduct research across disciplines; demonstrate disciplinary expertise; develop professional network with researchers and scientists; disseminate results to the scientific community; draft scientific or academic papers and technical documentation; evaluate research activities; integrate gender dimension in research; interact professionally in research and professional environments; manage open publications,2013,70.554,2017,71.493,0.013308954843098802,2013,992.671,2024,2969.798,1.99172434774462,FALSE
GHA,Ghana,26,"Legal, social and cultural professionals",263,Social and religious professionals,2633,"Philosophers, historians and political scientists",4,0.00393871515819744,0.10263692768506633,0,apply for research funding; apply research ethics and scientific integrity principles in research activities; apply scientific methods; communicate with a non-scientific audience; conduct research across disciplines; demonstrate disciplinary expertise; develop professional network with researchers and scientists; disseminate results to the scientific community; draft scientific or academic papers and technical documentation; evaluate research activities,2013,70.554,2017,71.493,0.013308954843098802,2013,992.671,2024,2969.798,1.99172434774462,FALSE
GHA,Ghana,26,"Legal, social and cultural professionals",263,Social and religious professionals,2634,Psychologists,6,0.00393871515819744,0.028320555602964557,0,listen actively; psychology; comply with legislation related to health care; counsel clients; diagnose psychiatric symptoms; ensure safety of healthcare users; follow clinical guidelines; health care occupation-specific ethics; interact with healthcare users; interpret psychological tests,2013,70.554,2017,71.493,0.013308954843098802,2013,992.671,2024,2969.798,1.99172434774462,FALSE
GHA,Ghana,26,"Legal, social and cultural professionals",263,Social and religious professionals,2635,Social work and counselling professionals,36,0.00393871515819744,0.01349099839043115,0,accept own accountability; apply quality standards in social services; apply socially just working principles; assess social service users' situation; communicate professionally with colleagues in other fields; communicate with social service users; cooperate at inter-professional level; deliver social services in diverse cultural communities; demonstrate leadership in social service cases; follow health and safety precautions in social care practices,2013,70.554,2017,71.493,0.013308954843098802,2013,992.671,2024,2969.798,1.99172434774462,FALSE
GHA,Ghana,26,"Legal, social and cultural professionals",263,Social and religious professionals,2636,Religious professionals,4,0.00393871515819744,0.02857142857142857,0,interpret religious texts; promote religious activities; foster dialogue in society; observe confidentiality; perform religious ceremonies; provide charity services; provide social counselling; provide spiritual counselling; represent religious institution; respond to enquiries,2013,70.554,2017,71.493,0.013308954843098802,2013,992.671,2024,2969.798,1.99172434774462,FALSE
GHA,Ghana,26,"Legal, social and cultural professionals",264,"Authors, journalists and linguists",2641,Authors and related writers,9,0,0.07237654320987655,0,copyright legislation; consult information sources; literature; writing techniques; develop creative ideas; grammar; perform background research on writing subject; spelling; use specific writing techniques; apply grammar and spelling rules,2013,70.554,2017,71.493,0.013308954843098802,2013,992.671,2024,2969.798,1.99172434774462,FALSE
GHA,Ghana,26,"Legal, social and cultural professionals",264,"Authors, journalists and linguists",2642,Journalists,18,0,0.149943372021938,0,consult information sources; copyright legislation; develop professional network; editorial standards; follow ethical code of conduct of journalists; follow the news; build contacts to maintain news flow; participate in editorial meetings; writing techniques; grammar,2013,70.554,2017,71.493,0.013308954843098802,2013,992.671,2024,2969.798,1.99172434774462,FALSE
GHA,Ghana,26,"Legal, social and cultural professionals",264,"Authors, journalists and linguists",2643,"Translators, interpreters and other linguists",9,0,0.09438334438334438,0,grammar; spelling; apply grammar and spelling rules; consult information sources; linguistics; speak different languages; translate language concepts; translate texts; develop a translation strategy; master language rules,2013,70.554,2017,71.493,0.013308954843098802,2013,992.671,2024,2969.798,1.99172434774462,FALSE
GHA,Ghana,26,"Legal, social and cultural professionals",265,Creative and performing artists,2651,Visual artists,11,0.01098834160085735,0.08674124417206999,0,intellectual property law; labour legislation; art history; contextualise artistic work; develop an artistic framework; gather reference materials for artwork; select artistic materials to create artworks; create artwork; define artistic approach; maintain an artistic portfolio,2013,70.554,2017,71.493,0.013308954843098802,2013,992.671,2024,2969.798,1.99172434774462,FALSE
GHA,Ghana,26,"Legal, social and cultural professionals",265,Creative and performing artists,2652,"Musicians, singers and composers",10,0.01098834160085735,0.05380366677563474,0,musical theory; read musical score; analyse own performance; develop musical ideas; musical genres; musical instruments; study music; transpose music; write musical scores; interact with an audience,2013,70.554,2017,71.493,0.013308954843098802,2013,992.671,2024,2969.798,1.99172434774462,FALSE
GHA,Ghana,26,"Legal, social and cultural professionals",265,Creative and performing artists,2653,Dancers and choreographers,4,0.01098834160085735,0,0,describe artistic experience; develop the physical language; intellectual property law; labour legislation; maintain safe working conditions in performing arts; manage artistic career; understand the emotional dimension of a performance; work with broad variety of personalities; work with respect for own safety; create a work environment where performers can develop their potential,2013,70.554,2017,71.493,0.013308954843098802,2013,992.671,2024,2969.798,1.99172434774462,FALSE
GHA,Ghana,26,"Legal, social and cultural professionals",265,Creative and performing artists,2654,"Film, stage and related directors and producers",17,0.01098834160085735,0.08476572447160682,0,analyse a script; consult with production director; manage budgets; adapt designers’ work to the performance venue; film production process; finish project within budget; develop professional network; manage staff; consult with motion picture producer; copyright legislation,2013,70.554,2017,71.493,0.013308954843098802,2013,992.671,2024,2969.798,1.99172434774462,FALSE
GHA,Ghana,26,"Legal, social and cultural professionals",265,Creative and performing artists,2655,Actors,2,0.01098834160085735,0.03125,0,acting techniques; adapt to acting roles; follow directions of the artistic director; study roles from scripts; work with an artistic team; act for an audience; adapt to type of media; analyse a script; analyse own performance; analyse the original actor's way of speaking,2013,70.554,2017,71.493,0.013308954843098802,2013,992.671,2024,2969.798,1.99172434774462,FALSE
GHA,Ghana,26,"Legal, social and cultural professionals",265,Creative and performing artists,2656,"Announcers on radio, television and other media",3,0.01098834160085735,0.11122577686045178,0,audiovisual equipment; pronunciation techniques; breathing techniques; consult information sources; develop professional network; follow the news; grammar; memorise lines; present during live broadcasts; read pre-drafted texts,2013,70.554,2017,71.493,0.013308954843098802,2013,992.671,2024,2969.798,1.99172434774462,FALSE
GHA,Ghana,26,"Legal, social and cultural professionals",265,Creative and performing artists,2659,Creative and performing artists not elsewhere classified,9,0.01098834160085735,0,0,interact with an audience; analyse own performance; attend rehearsals; manage feedback; perform live; study roles from scripts; work with an artistic team; follow time cues; interact with fellow actors; art history,2013,70.554,2017,71.493,0.013308954843098802,2013,992.671,2024,2969.798,1.99172434774462,FALSE
GHA,Ghana,31,Science and engineering associate professionals,311,Physical and engineering science technicians,3111,Chemical and physical science technicians,14,0.08060998764207936,0.07925249793170874,0,apply safety procedures in laboratory; perform laboratory tests; assist scientific research; execute analytical mathematical calculations; laboratory techniques; mathematics; operate scientific measuring equipment; apply scientific methods; apply statistical analysis techniques; collect samples,2013,71.165,2017,41.709,-0.4139113328180988,2013,656.916,2024,2755.78,3.1950264569594893,TRUE
GHA,Ghana,31,Science and engineering associate professionals,311,Physical and engineering science technicians,3112,Civil engineering technicians,24,0.08060998764207936,0.03287619713535045,0,follow health and safety procedures in construction; energy conservation; use safety equipment in construction; inspect construction supplies; advise on heating systems energy efficiency; analyse energy consumption; construction methods; energy efficiency; energy performance of buildings; keep records of work progress,2013,71.165,2017,41.709,-0.4139113328180988,2013,656.916,2024,2755.78,3.1950264569594893,FALSE
GHA,Ghana,31,Science and engineering associate professionals,311,Physical and engineering science technicians,3113,Electrical engineering technicians,6,0.08060998764207936,0.05707400016862932,0,adjust engineering designs; electrical engineering; read standard blueprints; troubleshoot; align components; apply soldering techniques; assist scientific research; battery formation; design drawings; electrical equipment regulations,2013,71.165,2017,41.709,-0.4139113328180988,2013,656.916,2024,2755.78,3.1950264569594893,FALSE
GHA,Ghana,31,Science and engineering associate professionals,311,Physical and engineering science technicians,3114,Electronics engineering technicians,11,0.08060998764207936,0.15116145218417945,0,inspect quality of products; read engineering drawings; adjust engineering designs; align components; assist scientific research; electronics; fasten components; liaise with engineers; prepare production prototypes; record test data,2013,71.165,2017,41.709,-0.4139113328180988,2013,656.916,2024,2755.78,3.1950264569594893,FALSE
GHA,Ghana,31,Science and engineering associate professionals,311,Physical and engineering science technicians,3115,Mechanical engineering technicians,25,0.08060998764207936,0.07194062414062415,0,read engineering drawings; engineering processes; mechanics; read standard blueprints; record test data; adjust engineering designs; create solutions to problems; liaise with engineers; use testing equipment; electromechanics,2013,71.165,2017,41.709,-0.4139113328180988,2013,656.916,2024,2755.78,3.1950264569594893,FALSE
GHA,Ghana,31,Science and engineering associate professionals,311,Physical and engineering science technicians,3116,Chemical engineering technicians,5,0.08060998764207936,0.02719298245614035,0,apply safety procedures in laboratory; calibrate laboratory equipment; laboratory techniques; perform laboratory tests; perform product testing; prepare chemical samples; run laboratory simulations; test chemical samples; use ICT systems; work safely with chemicals,2013,71.165,2017,41.709,-0.4139113328180988,2013,656.916,2024,2755.78,3.1950264569594893,FALSE
GHA,Ghana,31,Science and engineering associate professionals,311,Physical and engineering science technicians,3117,Mining and metallurgical technicians,5,0.08060998764207936,0.025,0,collect samples; maintain records of mining operations; troubleshoot; impact of geological factors on mining operations; perform sample testing; test raw minerals; work ergonomically; address problems critically; alloys of precious metals; analyse experimental laboratory data,2013,71.165,2017,41.709,-0.4139113328180988,2013,656.916,2024,2755.78,3.1950264569594893,FALSE
GHA,Ghana,31,Science and engineering associate professionals,311,Physical and engineering science technicians,3118,Draughtspersons,17,0.08060998764207936,0.37902864366539823,0,use technical drawing software; create technical plans; design drawings; mathematics; technical drawings; use CAD software; CAD software; manual draughting techniques; liaise with engineers; use CADD software,2013,71.165,2017,41.709,-0.4139113328180988,2013,656.916,2024,2755.78,3.1950264569594893,FALSE
GHA,Ghana,31,Science and engineering associate professionals,311,Physical and engineering science technicians,3119,Physical and engineering science technicians not elsewhere classified,26,0.08060998764207936,0.07007630353589638,0,create solutions to problems; record test data; adjust engineering designs; communicate commercial and technical issues in foreign languages; inspect quality of products; reduce environmental impact of footwear manufacturing; use IT tools; analyse test data; apply footwear and leather goods quality control techniques; read engineering drawings,2013,71.165,2017,41.709,-0.4139113328180988,2013,656.916,2024,2755.78,3.1950264569594893,FALSE
GHA,Ghana,31,Science and engineering associate professionals,312,"Mining, manufacturing and construction supervisors",3121,Mining supervisors,2,0.05474839654070304,0.04545454545454546,0,maintain records of mining operations; mine safety legislation; communicate mine equipment information; deal with pressure from unexpected circumstances; electricity; ensure compliance with safety legislation; evaluate mine development projects; impact of geological factors on mining operations; inspect mine safety conditions; manage emergency procedures,2013,71.165,2017,41.709,-0.4139113328180988,2013,656.916,2024,2755.78,3.1950264569594893,FALSE
GHA,Ghana,31,Science and engineering associate professionals,312,"Mining, manufacturing and construction supervisors",3122,Manufacturing supervisors,29,0.05474839654070304,0.013833483585004882,0,evaluate employees work; liaise with managers; follow production schedule; keep records of work progress; create solutions to problems; oversee production requirements; report on production results; coordinate communication within a team; plan shifts of employees; read standard blueprints,2013,71.165,2017,41.709,-0.4139113328180988,2013,656.916,2024,2755.78,3.1950264569594893,FALSE
GHA,Ghana,31,Science and engineering associate professionals,312,"Mining, manufacturing and construction supervisors",3123,Construction supervisors,28,0.05474839654070304,0.0042688792688792675,0,follow health and safety procedures in construction; evaluate employees work; plan shifts of employees; supervise staff; work in a construction team; ensure compliance with construction project deadline; inspect construction supplies; keep records of work progress; manage health and safety standards; process incoming construction supplies,2013,71.165,2017,41.709,-0.4139113328180988,2013,656.916,2024,2755.78,3.1950264569594893,FALSE
GHA,Ghana,31,Science and engineering associate professionals,313,Process control technicians,3131,Power production plant operators,12,0.16631771262619352,0.05873320919276802,0,electrical power safety regulations; electricity; electric current; electric generators; monitor electric generators; respond to electrical power contingencies; maintain electrical equipment; apply health and safety standards; wear appropriate protective gear; ensure equipment maintenance,2013,71.165,2017,41.709,-0.4139113328180988,2013,656.916,2024,2755.78,3.1950264569594893,FALSE
GHA,Ghana,31,Science and engineering associate professionals,313,Process control technicians,3132,Incinerator and water treatment plant operators,7,0.16631771262619352,0,0,ensure compliance with environmental legislation; maintain water treatment equipment; measure water quality parameters; monitor water quality; perform water treatments; collect samples; document analysis results; ensure compliance with waste legislative regulations; interpret scientific data to assess water quality; maintain specified water characteristics,2013,71.165,2017,41.709,-0.4139113328180988,2013,656.916,2024,2755.78,3.1950264569594893,FALSE
GHA,Ghana,31,Science and engineering associate professionals,313,Process control technicians,3133,Chemical processing plant controllers,6,0.16631771262619352,0.04814814814814815,0,optimise production processes parameters; ensure correct gas pressure; operate gas extraction equipment; test gas purity; use chemical analysis equipment; basic chemicals; ensure equipment maintenance; fuel gas; handle gas cylinders; maintain equipment,2013,71.165,2017,41.709,-0.4139113328180988,2013,656.916,2024,2755.78,3.1950264569594893,FALSE
GHA,Ghana,31,Science and engineering associate professionals,313,Process control technicians,3134,Petroleum and natural gas refining plant operators,5,0.16631771262619352,0.057777777777777775,0,manage emergency procedures; troubleshoot; coordinate remote communications; electronics; ensure compliance with safety legislation; chemistry; conduct inter-shift communication; monitor equipment condition; set equipment controls; verify oil circulation,2013,71.165,2017,41.709,-0.4139113328180988,2013,656.916,2024,2755.78,3.1950264569594893,FALSE
GHA,Ghana,31,Science and engineering associate professionals,313,Process control technicians,3135,Metal production process controllers,1,0.16631771262619352,0,0,admit basic metals to furnace; ensure public safety and security; maintain furnace temperature; manage emergency procedures; measure furnace temperature; operate furnace; prevent damage in a furnace; record furnace operations; troubleshoot; work in metal manufacture teams,2013,71.165,2017,41.709,-0.4139113328180988,2013,656.916,2024,2755.78,3.1950264569594893,FALSE
GHA,Ghana,31,Science and engineering associate professionals,313,Process control technicians,3139,Process control technicians not elsewhere classified,4,0.16631771262619352,0.18344155844155846,0,monitor automated machines; set up machine controls; adjust manufacturing equipment; perform machine maintenance; wear appropriate protective gear; analyse supply chain strategies; apparel manufacturing technology; apply assembly techniques; automation technology; create patterns for garments,2013,71.165,2017,41.709,-0.4139113328180988,2013,656.916,2024,2755.78,3.1950264569594893,FALSE
GHA,Ghana,31,Science and engineering associate professionals,314,Life science technicians and related associate professionals,3141,Life science technicians (excluding medical),7,0.15224417708719104,0.006493506493506493,0,laboratory techniques; maintain laboratory equipment; perform laboratory tests; analyse experimental laboratory data; apply safety procedures in laboratory; apply scientific methods; biology; calibrate laboratory equipment; perform scientific research; assist in the production of laboratory documentation,2013,71.165,2017,41.709,-0.4139113328180988,2013,656.916,2024,2755.78,3.1950264569594893,FALSE
GHA,Ghana,31,Science and engineering associate professionals,314,Life science technicians and related associate professionals,3142,Agricultural technicians,4,0.15224417708719104,0,0,inspect aquaculture equipment; monitor water quality; advise on aquaculture products supply chain; advise on fertiliser and herbicide; advise on grape quality improvement; advise on nitrate pollution; advise on plant mineral nutrition; advise on wine quality improvement; analyse environmental data; analyse scientific data,2013,71.165,2017,41.709,-0.4139113328180988,2013,656.916,2024,2755.78,3.1950264569594893,FALSE
GHA,Ghana,31,Science and engineering associate professionals,314,Life science technicians and related associate professionals,3143,Forestry technicians,1,0.15224417708719104,0,0,apply forest legislation; apply prescribed herbicides; conduct reforestation surveys; coordinate timber sales; de-limb trees; ecosystem management; environmental policy; fire-fighting systems; forest ecology; habitat restoration,2013,71.165,2017,41.709,-0.4139113328180988,2013,656.916,2024,2755.78,3.1950264569594893,FALSE
GHA,Ghana,31,Science and engineering associate professionals,315,Ship and aircraft controllers and technicians,3151,Ships’ engineers,4,0.02206314452441854,0.04275932400932401,0,Global Maritime Distress and Safety System; maintain vessel engine room; maintain vessel inventory; operate vessel engine room; use maritime English; International Convention for the Prevention of Pollution from Ships; electrical systems used in transportation; engine components; international regulations for preventing collisions at sea; manage vessel engines and systems,2013,71.165,2017,41.709,-0.4139113328180988,2013,656.916,2024,2755.78,3.1950264569594893,FALSE
GHA,Ghana,31,Science and engineering associate professionals,315,Ship and aircraft controllers and technicians,3152,Ships' deck officers and pilots,6,0.02206314452441854,0.05906776661493643,0,supervise loading of cargo; use water navigation devices; conduct water navigation; ensure vessel security; plot shipping navigation routes; principles of cargo stowage; steer vessels; supervise unloading of cargo; vessel points of sail; vessel safety equipment,2013,71.165,2017,41.709,-0.4139113328180988,2013,656.916,2024,2755.78,3.1950264569594893,FALSE
GHA,Ghana,31,Science and engineering associate professionals,315,Ship and aircraft controllers and technicians,3153,Aircraft pilots and related associate professionals,11,0.02206314452441854,0.1590774336344102,0,aircraft flight control systems; common aviation safety regulations; operate cockpit control panels; air transport law; aviation meteorology; civil aviation regulations; comply with air traffic control operations; ensure compliance with civil aviation regulations; ensure ongoing compliance with regulations; geographic areas,2013,71.165,2017,41.709,-0.4139113328180988,2013,656.916,2024,2755.78,3.1950264569594893,FALSE
GHA,Ghana,31,Science and engineering associate professionals,315,Ship and aircraft controllers and technicians,3154,Air traffic controllers,6,0.02206314452441854,0.10011574074074073,0,use different communication channels; apply airport standards and regulations; apply technical communication skills; common aviation safety regulations; air traffic control operations; air transport law; airport planning; communicate verbal instructions; ensure client orientation; ensure compliance with legal requirements,2013,71.165,2017,41.709,-0.4139113328180988,2013,656.916,2024,2755.78,3.1950264569594893,FALSE
GHA,Ghana,31,Science and engineering associate professionals,315,Ship and aircraft controllers and technicians,3155,Air traffic safety electronics technicians,1,0.02206314452441854,0.20833333333333337,0,air transport law; aircraft flight control systems; airport electrical systems; airport safety regulations; assist in the conducting of flight checks; carry out preventive airport maintenance; common aviation safety regulations; comply with air traffic control operations; electrical systems used in transportation; electronics,2013,71.165,2017,41.709,-0.4139113328180988,2013,656.916,2024,2755.78,3.1950264569594893,FALSE
GHA,Ghana,32,Health associate professionals,321,Medical and pharmaceutical technicians,3211,Medical imaging and therapeutic equipment technicians,2,0.00230414746543778,0.02830188679245283,0,communicate in healthcare; comply with legislation related to health care; comply with quality standards related to healthcare practice; contribute to continuity of health care; health care legislation; human anatomy; hygiene in a health care setting; medical terminology; perform transcranial magnetic stimulation; adhere to organisational code of ethics,2013,28.36,2017,58.707,1.0700634696755995,2013,656.916,2024,2755.78,3.1950264569594893,TRUE
GHA,Ghana,32,Health associate professionals,321,Medical and pharmaceutical technicians,3212,Medical and pathology laboratory technicians,1,0.00230414746543778,0,0,apply safety procedures in laboratory; archive healthcare users' records; automated analysers in the medical laboratory; blood type classification; calibrate laboratory equipment; check the received biological samples; communicate in healthcare; conduct routine blood testing; examine cell specimens microscopically; identify patients' medical records,2013,28.36,2017,58.707,1.0700634696755995,2013,656.916,2024,2755.78,3.1950264569594893,FALSE
GHA,Ghana,32,Health associate professionals,321,Medical and pharmaceutical technicians,3213,Pharmaceutical technicians and assistants,2,0.00230414746543778,0.05764966740576497,0,manage healthcare users' data; accept own accountability; adhere to organisational guidelines; advise on healthcare users' informed consent; apply good clinical practices; apply organisational techniques; check for medication expiry terms; check information on prescriptions; clinical reports; clinical science,2013,28.36,2017,58.707,1.0700634696755995,2013,656.916,2024,2755.78,3.1950264569594893,FALSE
GHA,Ghana,32,Health associate professionals,321,Medical and pharmaceutical technicians,3214,Medical and dental prosthetic technicians,2,0.00230414746543778,0,0,adhere to organisational guidelines; advise customers on hearing aids; advise on rehabilitation exercises; answer patients' questions; archive healthcare users' records; biomechanics; collect healthcare user's general data; communicate in healthcare; comply with legislation related to health care; comply with quality standards related to healthcare practice,2013,28.36,2017,58.707,1.0700634696755995,2013,656.916,2024,2755.78,3.1950264569594893,FALSE
GHA,Ghana,32,Health associate professionals,322,Nursing and midwifery associate professionals,3222,Midwifery associate professionals,1,0,0,0,advise on family planning; advise on pregnancies at risk; advise on pregnancy; assist on pregnancy abnormality; care for the new-born infant; childbirth; communicate with nursing staff; comply with legislation related to health care; comply with quality standards related to healthcare practice; contribute to continuity of health care,2013,28.36,2017,58.707,1.0700634696755995,2013,656.916,2024,2755.78,3.1950264569594893,FALSE
GHA,Ghana,32,Health associate professionals,323,Traditional and complementary medicine associate professionals,3230,Traditional and complementary medicine associate professionals,1,0,0,0,acupuncture methods; advise on mental health; apply a holistic approach in care; apply aromatherapy; apply context specific clinical competences; characteristics of plants; collect healthcare user's general data; communicate in healthcare; develop a collaborative therapeutic relationship; develop therapeutic relationships,2013,28.36,2017,58.707,1.0700634696755995,2013,656.916,2024,2755.78,3.1950264569594893,FALSE
GHA,Ghana,32,Health associate professionals,324,Veterinary technicians and assistants,3240,Veterinary technicians and assistants,6,0.02992345229516689,0,0,animal welfare legislation; apply safe work practices in a veterinary setting; handle veterinary emergencies; manage animal biosecurity; monitor the welfare of animals; anatomy of animals; animal behaviour; animal welfare; biosecurity related to animals; physiology of animals,2013,28.36,2017,58.707,1.0700634696755995,2013,656.916,2024,2755.78,3.1950264569594893,FALSE
GHA,Ghana,32,Health associate professionals,325,Other health associate professionals,3251,Dental assistants and therapists,1,0.07007834005666401,0.02777777777777777,0,accept own accountability; apply context specific clinical competences; apply organisational techniques; assist the dentist during the dental treatment procedure; communicate in healthcare; comply with legislation related to health care; contribute to continuity of health care; deal with emergency care situations; deal with patients' anxiety; develop a collaborative therapeutic relationship,2013,28.36,2017,58.707,1.0700634696755995,2013,656.916,2024,2755.78,3.1950264569594893,FALSE
GHA,Ghana,32,Health associate professionals,325,Other health associate professionals,3252,Medical records and health information technicians,5,0.07007834005666401,0.24333333333333332,0,use electronic health records management system; health records management; medical terminology; archive healthcare users' records; clinical coding; communicate in healthcare; document management; follow clinical guidelines; identify patients' medical records; maintain healthcare user data confidentiality,2013,28.36,2017,58.707,1.0700634696755995,2013,656.916,2024,2755.78,3.1950264569594893,FALSE
GHA,Ghana,32,Health associate professionals,325,Other health associate professionals,3253,Community health workers,2,0.07007834005666401,0,0,acute care; adapt teaching to target group; advise on safety measures; apply decision making within social work; apply knowledge of human behaviour; apply quality standards in social services; apply teaching strategies; assess social service users' situation; assess students; assist students with equipment,2013,28.36,2017,58.707,1.0700634696755995,2013,656.916,2024,2755.78,3.1950264569594893,FALSE
GHA,Ghana,32,Health associate professionals,325,Other health associate professionals,3254,Dispensing opticians,2,0.07007834005666401,0.00943396226415094,0,comply with optical prescriptions; cut lenses for eyeglasses; handle contact lenses; maintain records of clients' prescriptions; maintain relationship with suppliers; operate optical measuring equipment; optical glass characteristics; perform frames' repairs; prepare optical laboratory activities; sell optical products,2013,28.36,2017,58.707,1.0700634696755995,2013,656.916,2024,2755.78,3.1950264569594893,FALSE
GHA,Ghana,32,Health associate professionals,325,Other health associate professionals,3255,Physiotherapy technicians and assistants,4,0.07007834005666401,0.006097560975609755,0,empathise with the healthcare user; provide health education; develop therapeutic relationships; ensure safety of healthcare users; human anatomy; identify customer's needs; listen actively; maintain work area cleanliness; accept own accountability; apply context specific clinical competences,2013,28.36,2017,58.707,1.0700634696755995,2013,656.916,2024,2755.78,3.1950264569594893,FALSE
GHA,Ghana,32,Health associate professionals,325,Other health associate professionals,3256,Medical assistants,1,0.07007834005666401,0.04347826086956521,0,accept own accountability; adhere to organisational guidelines; administrative tasks in a medical environment; advise on healthcare users' informed consent; anaesthetics; answer patients' questions; apply context specific clinical competences; apply organisational techniques; assist in epilepsy surgery; communicate in healthcare,2013,28.36,2017,58.707,1.0700634696755995,2013,656.916,2024,2755.78,3.1950264569594893,FALSE
GHA,Ghana,32,Health associate professionals,325,Other health associate professionals,3257,Environmental and occupational health inspectors and associates,10,0.07007834005666401,0.018560545839957605,0,"write inspection reports; audit techniques; conduct workplace audits; ensure compliance with waste legislative regulations; health, safety and hygiene legislation; manage health and safety standards; monitor employee's health; monitor legislation developments; waste management; adhere to OHSAS 18001",2013,28.36,2017,58.707,1.0700634696755995,2013,656.916,2024,2755.78,3.1950264569594893,FALSE
GHA,Ghana,32,Health associate professionals,325,Other health associate professionals,3258,Ambulance workers,2,0.07007834005666401,0.028665028665028666,0,adhere to organisational guidelines; communicate in healthcare; comply with legislation related to health care; comply with quality standards related to healthcare practice; emergency cases; empathise with the healthcare user; first aid; human anatomy; hygiene in a health care setting; listen actively,2013,28.36,2017,58.707,1.0700634696755995,2013,656.916,2024,2755.78,3.1950264569594893,FALSE
GHA,Ghana,32,Health associate professionals,325,Other health associate professionals,3259,Health associate professionals not elsewhere classified,7,0.07007834005666401,0.05942750632405805,0,comply with legislation related to health care; communicate in healthcare; comply with quality standards related to healthcare practice; medical informatics; empathise with the healthcare user; ensure safety of healthcare users; health care legislation; human anatomy; hygiene in a health care setting; infection control,2013,28.36,2017,58.707,1.0700634696755995,2013,656.916,2024,2755.78,3.1950264569594893,FALSE
GHA,Ghana,33,Business and administration associate professionals,331,Financial and mathematical associate professionals,3311,Securities and finance dealers and brokers,13,0.00785920713301548,0.009332579185520362,0,analyse market financial trends; economics; financial markets; actuarial science; forecast economic trends; analyse economic trends; financial jurisdiction; financial products; handle financial transactions; securities,2013,66.86,2017,78.318,0.17137301824708343,2013,656.916,2024,2755.78,3.1950264569594893,TRUE
GHA,Ghana,33,Business and administration associate professionals,331,Financial and mathematical associate professionals,3312,Credit and loans officers,9,0.00785920713301548,0.03926767676767677,0,obtain financial information; analyse financial risk; advise on financial matters; analyse loans; analyse the credit history of potential customers; banking activities; credit control processes; maintain credit history of clients; provide support in financial calculation; actuarial science,2013,66.86,2017,78.318,0.17137301824708343,2013,656.916,2024,2755.78,3.1950264569594893,FALSE
GHA,Ghana,33,Business and administration associate professionals,331,Financial and mathematical associate professionals,3313,Accounting associate professionals,3,0.00785920713301548,0,0,accounting department processes; accounting entries; accounting techniques; attach accounting certificates to accounting transactions; bookkeeping regulations; depreciation; follow the statutory obligations; identify accounting errors; maintain financial records; prepare trial accounting balances,2013,66.86,2017,78.318,0.17137301824708343,2013,656.916,2024,2755.78,3.1950264569594893,FALSE
GHA,Ghana,33,Business and administration associate professionals,331,Financial and mathematical associate professionals,3314,"Statistical, mathematical and related associate professionals",2,0.00785920713301548,0.30000000000000004,0,apply statistical analysis techniques; statistical analysis system software; statistics; actuarial science; analyse market financial trends; apply scientific methods; calculate insurance rate; carry out statistical forecasts; compile statistical data for insurance purposes; conduct quantitative research,2013,66.86,2017,78.318,0.17137301824708343,2013,656.916,2024,2755.78,3.1950264569594893,FALSE
GHA,Ghana,33,Business and administration associate professionals,331,Financial and mathematical associate professionals,3315,Valuers and loss assessors,8,0.00785920713301548,0,0,insurance law; actuarial science; analyse claim files; claims procedures; collect property financial information; interview insurance claimants; obtain financial information; organise a damage assessment; principles of insurance; property law,2013,66.86,2017,78.318,0.17137301824708343,2013,656.916,2024,2755.78,3.1950264569594893,FALSE
GHA,Ghana,33,Business and administration associate professionals,332,Sales and purchasing agents and brokers,3321,Insurance representatives,4,0.02715933545573431,0.014705882352941175,0,actuarial science; insurance law; principles of insurance; types of insurance; analyse financial risk; claims procedures; analyse insurance risk; create insurance policies; obtain financial information; property law,2013,66.86,2017,78.318,0.17137301824708343,2013,656.916,2024,2755.78,3.1950264569594893,FALSE
GHA,Ghana,33,Business and administration associate professionals,332,Sales and purchasing agents and brokers,3322,Commercial sales representatives,3,0.02715933545573431,0.020833333333333336,0,answer requests for quotation; carry out sales analysis; characteristics of products; characteristics of services; identify customer's needs; sales strategies; assess customers; identify energy needs; inform customers on energy consumption fees; manage contracts,2013,66.86,2017,78.318,0.17137301824708343,2013,656.916,2024,2755.78,3.1950264569594893,FALSE
GHA,Ghana,33,Business and administration associate professionals,332,Sales and purchasing agents and brokers,3323,Buyers,9,0.02715933545573431,0.02092731829573935,0,identify suppliers; maintain relationship with suppliers; negotiate buying conditions; track price trends; communicate price changes; manage budgets; manage contracts; manage purchasing cycle; perform procurement processes; adhere to organisational guidelines,2013,66.86,2017,78.318,0.17137301824708343,2013,656.916,2024,2755.78,3.1950264569594893,FALSE
GHA,Ghana,33,Business and administration associate professionals,332,Sales and purchasing agents and brokers,3324,Trade brokers,41,0.02715933545573431,0.04942478964357627,0,negotiate sale of commodities; identify customer's needs; negotiate buying conditions; negotiate sales contracts; plan transport operations; assess supplier risks; build business relationships; comprehend financial business terminology; have computer literacy; identify new business opportunities,2013,66.86,2017,78.318,0.17137301824708343,2013,656.916,2024,2755.78,3.1950264569594893,FALSE
GHA,Ghana,33,Business and administration associate professionals,333,Business services agents,3331,Clearing and forwarding agents,40,0.02866816660257812,0.044004384551699124,0,international import export regulations; communicate with shipment forwarders; plan transport operations; administer multi-modal logistics; apply conflict management; apply export strategies; apply import strategies; build rapport with people from different cultural backgrounds; create import-export commercial documentation; create solutions to problems,2013,66.86,2017,78.318,0.17137301824708343,2013,656.916,2024,2755.78,3.1950264569594893,FALSE
GHA,Ghana,33,Business and administration associate professionals,333,Business services agents,3332,Conference and event planners,5,0.02866816660257812,0,0,arrange special events; confer with event staff; consult exhibition organisers; coordinate events; evaluate events; inspect event facilities; maintain customer service; maintain event records; monitor event activities; negotiate contracts with event providers,2013,66.86,2017,78.318,0.17137301824708343,2013,656.916,2024,2755.78,3.1950264569594893,FALSE
GHA,Ghana,33,Business and administration associate professionals,333,Business services agents,3333,Employment agents and contractors,1,0.02866816660257812,0,0,apply knowledge of human behaviour; communicate by telephone; develop professional network; document interviews; employment law; ensure gender equality in the workplace; hire human resources; interview people; job market offers; labour legislation,2013,66.86,2017,78.318,0.17137301824708343,2013,656.916,2024,2755.78,3.1950264569594893,FALSE
GHA,Ghana,33,Business and administration associate professionals,333,Business services agents,3334,Real estate agents and property managers,8,0.02866816660257812,0,0,property law; compare property values; real estate market; analyse financial performance of a company; analyse insurance risk; collect property financial information; corporate social responsibility; financial analysis; follow company standards; inform on renting agreements,2013,66.86,2017,78.318,0.17137301824708343,2013,656.916,2024,2755.78,3.1950264569594893,FALSE
GHA,Ghana,33,Business and administration associate professionals,333,Business services agents,3339,Business services agents not elsewhere classified,8,0.02866816660257812,0.004807692307692307,0,contract law; manage contracts; develop professional network; employment law; prospect new customers; protect client interests; adapt communication style according to recipient; adapt to artists' creative demands; advertise auction sales; advertising techniques,2013,66.86,2017,78.318,0.17137301824708343,2013,656.916,2024,2755.78,3.1950264569594893,FALSE
GHA,Ghana,33,Business and administration associate professionals,334,Administrative and specialised secretaries,3341,Office supervisors,7,0.00367647058823529,0.19325063358676803,0,call quality assurance management; present reports; analyse staff capacity; create solutions to problems; forecast workload; perform data analysis; write work-related reports; analyse call performance trends; call routing; call-centre technologies,2013,66.86,2017,78.318,0.17137301824708343,2013,656.916,2024,2755.78,3.1950264569594893,FALSE
GHA,Ghana,33,Business and administration associate professionals,334,Administrative and specialised secretaries,3342,Legal secretaries,2,0.00367647058823529,0,0,act discreetly; check official documents; communicate by telephone; compile legal documents; legal department processes; legal terminology; manage personnel agenda; meet deadlines for preparing legal cases; observe confidentiality; officiate civil partnerships,2013,66.86,2017,78.318,0.17137301824708343,2013,656.916,2024,2755.78,3.1950264569594893,FALSE
GHA,Ghana,33,Business and administration associate professionals,334,Administrative and specialised secretaries,3343,Administrative and executive secretaries,12,0.00367647058823529,0.15084341811887578,0,perform business research; use spreadsheets software; use office systems; company policies; disseminate messages to people; draft corporate emails; liaise with managers; observe confidentiality; office software; perform clerical duties,2013,66.86,2017,78.318,0.17137301824708343,2013,656.916,2024,2755.78,3.1950264569594893,FALSE
GHA,Ghana,33,Business and administration associate professionals,334,Administrative and specialised secretaries,3344,Medical secretaries,3,0.00367647058823529,0.1603174603174603,0,apply organisational techniques; maintain healthcare user data confidentiality; administrative tasks in a medical environment; align efforts towards business development; analyse business plans; analyse business processes; analyse financial risk; answer patients' questions; apply grammar and spelling rules; archive healthcare users' records,2013,66.86,2017,78.318,0.17137301824708343,2013,656.916,2024,2755.78,3.1950264569594893,FALSE
GHA,Ghana,33,Business and administration associate professionals,335,Regulatory government associate professionals,3351,Customs and border inspectors,3,0.03833186290082837,0,0,check official documents; identify security threats; advise on customs regulations; advise on licencing procedures; apply company policies; apply immigration law; check methods; check travel documentation; comply with legal regulations; conduct research interview,2013,66.86,2017,78.318,0.17137301824708343,2013,656.916,2024,2755.78,3.1950264569594893,FALSE
GHA,Ghana,33,Business and administration associate professionals,335,Regulatory government associate professionals,3352,Government tax and excise officials,2,0.03833186290082837,0,0,calculate tax; collect tax; handle financial transactions; inspect tax returns; inspect taxation documents; tax legislation; accounting techniques; advise on tax policy; assess debtor's financial situation; assess seizable goods,2013,66.86,2017,78.318,0.17137301824708343,2013,656.916,2024,2755.78,3.1950264569594893,FALSE
GHA,Ghana,33,Business and administration associate professionals,335,Regulatory government associate professionals,3353,Government social benefits officials,3,0.03833186290082837,0.04945054945054945,0,government social security programmes; protect client interests; social security law; advise on social security benefits; apply technical communication skills; conduct research interview; ensure information transparency; investigate social security applications; actuarial science; administer appointments,2013,66.86,2017,78.318,0.17137301824708343,2013,656.916,2024,2755.78,3.1950264569594893,FALSE
GHA,Ghana,33,Business and administration associate professionals,335,Regulatory government associate professionals,3354,Government licensing officials,3,0.03833186290082837,0,0,advise on licencing procedures; assess licence applications; check official documents; correspond with licence applicants; licences regulation; apply immigration law; apply technical communication skills; assess breaches of licence agreements; comply with legal regulations; fraud detection,2013,66.86,2017,78.318,0.17137301824708343,2013,656.916,2024,2755.78,3.1950264569594893,FALSE
GHA,Ghana,33,Business and administration associate professionals,335,Regulatory government associate professionals,3355,Police inspectors and detectives,3,0.03833186290082837,0,0,examine crime scenes; handle case evidence; analyse legal evidence; criminology; develop investigation strategy; ensure law application; form operational strategies for law enforcement; hear witness accounts; investigation research methods; law enforcement,2013,66.86,2017,78.318,0.17137301824708343,2013,656.916,2024,2755.78,3.1950264569594893,FALSE
GHA,Ghana,33,Business and administration associate professionals,335,Regulatory government associate professionals,3359,Regulatory government associate professionals not elsewhere classified,8,0.03833186290082837,0.006578947368421052,0,undertake inspections; perform inspections required by international conventions; adjust weight of cargo to capacity of freight transport vehicles; analyse business processes; communicate health and safety measures; communicate with customers; conduct environmental surveys; consumer protection; enforce sanitation procedures; ensure compliance with legal requirements,2013,66.86,2017,78.318,0.17137301824708343,2013,656.916,2024,2755.78,3.1950264569594893,FALSE
GHA,Ghana,34,"Legal, social, cultural and related associate professionals",341,"Legal, social and religious associate professionals",3411,Legal and related associate professionals,10,0.00190700104493207,0.026666666666666665,0,compile legal documents; court procedures; comply with legal regulations; legal research; legal terminology; assist judge; civil law; civil process order; handle case evidence; legal case management,2013,37.118,2017,55.507,0.49542001185408685,2013,656.916,2024,2755.78,3.1950264569594893,TRUE
GHA,Ghana,34,"Legal, social, cultural and related associate professionals",341,"Legal, social and religious associate professionals",3412,Social work associate professionals,18,0.00190700104493207,0.00505050505050505,0,listen actively; contribute to protecting individuals from harm; relate empathetically; apply person-centred care; apply quality standards in social services; assess social service users' situation; maintain records of work with service users; manage social crisis; protect vulnerable social service users; accept own accountability,2013,37.118,2017,55.507,0.49542001185408685,2013,656.916,2024,2755.78,3.1950264569594893,FALSE
GHA,Ghana,34,"Legal, social, cultural and related associate professionals",341,"Legal, social and religious associate professionals",3413,Religious associate professionals,2,0.00190700104493207,0,0,establish collaborative relations; observe confidentiality; promote religious activities; build community relations; guide conversion; interpret religious texts; mentor individuals; monasticism; perform religious ceremonies; prayer,2013,37.118,2017,55.507,0.49542001185408685,2013,656.916,2024,2755.78,3.1950264569594893,FALSE
GHA,Ghana,34,"Legal, social, cultural and related associate professionals",342,Sports and fitness workers,3421,Athletes and sports players,1,0.03088353509382677,0,0,adapt lifestyle for sports performance; apply sport games rules; assess performance in sport events; develop strong attitudes in sports; implement relevant tactical skills to perform at the highest level in sport; implement relevant technical skills to perform at the highest level in sport; manage sporting career; participate in sport events; participate in training sessions; work to develop physical ability to perform at the highest level in sport,2013,37.118,2017,55.507,0.49542001185408685,2013,656.916,2024,2755.78,3.1950264569594893,FALSE
GHA,Ghana,34,"Legal, social, cultural and related associate professionals",342,Sports and fitness workers,3422,"Sports coaches, instructors and officials",13,0.03088353509382677,0,0,instruct in sport; plan sports instruction programme; apply risk management in sports; adapt teaching to target group; assess performance in sport events; demonstrate when teaching; organise training; personalise sports programme; give constructive feedback; adapt teaching to student's capabilities,2013,37.118,2017,55.507,0.49542001185408685,2013,656.916,2024,2755.78,3.1950264569594893,FALSE
GHA,Ghana,34,"Legal, social, cultural and related associate professionals",342,Sports and fitness workers,3423,Fitness and recreation instructors and program leaders,14,0.03088353509382677,0,0,animate in the outdoors; assess risk in the outdoors; communicate in an outdoor setting; correct potentially harmful movements; evaluate outdoor activities; give feedback on changing circumstances; implement risk management for outdoors; manage feedback; manage groups outdoors; manage outdoor resources,2013,37.118,2017,55.507,0.49542001185408685,2013,656.916,2024,2755.78,3.1950264569594893,FALSE
GHA,Ghana,34,"Legal, social, cultural and related associate professionals",343,"Artistic, cultural and culinary associate professionals",3431,Photographers,2,0.01556141291963098,0.06971153846153846,0,select photographic equipment; set up photographic equipment; adapt to type of media; apply grammar and spelling rules; build contacts to maintain news flow; consult information sources; copyright legislation; create artificial light; create digital images; design an artificial lighting system,2013,37.118,2017,55.507,0.49542001185408685,2013,656.916,2024,2755.78,3.1950264569594893,FALSE
GHA,Ghana,34,"Legal, social, cultural and related associate professionals",343,"Artistic, cultural and culinary associate professionals",3432,Interior designers and decorators,8,0.01556141291963098,0.053242995430495425,0,meet deadlines; work ergonomically; adapt to artists' creative demands; keep up with trends; prevent fire in a performance environment; understand artistic concepts; use personal protection equipment; work safely with chemicals; work with respect for own safety; adapt sets,2013,37.118,2017,55.507,0.49542001185408685,2013,656.916,2024,2755.78,3.1950264569594893,FALSE
GHA,Ghana,34,"Legal, social, cultural and related associate professionals",343,"Artistic, cultural and culinary associate professionals",3433,"Gallery, museum and library technicians",3,0.01556141291963098,0.28985507246376807,0,advise on art handling; analyse big data; anatomy of animals; animal positions; animal species; animal welfare legislation; assess museum object condition; business intelligence; clean animal body parts; clean carcasses,2013,37.118,2017,55.507,0.49542001185408685,2013,656.916,2024,2755.78,3.1950264569594893,FALSE
GHA,Ghana,34,"Legal, social, cultural and related associate professionals",343,"Artistic, cultural and culinary associate professionals",3434,Chefs,5,0.01556141291963098,0.03463345864661654,0,comply with food safety and hygiene; types of whisks; use cooking techniques; use reheating techniques; food waste monitoring systems; handover the food preparation area; manage staff; plan menus; use culinary finishing techniques; use resource-efficient technologies in hospitality,2013,37.118,2017,55.507,0.49542001185408685,2013,656.916,2024,2755.78,3.1950264569594893,FALSE
GHA,Ghana,34,"Legal, social, cultural and related associate professionals",343,"Artistic, cultural and culinary associate professionals",3435,Other artistic and cultural associate professionals,32,0.01556141291963098,0.04205220735281817,0,work with respect for own safety; use personal protection equipment; work ergonomically; adapt to artists' creative demands; understand artistic concepts; prevent fire in a performance environment; work safely with machines; work safely with mobile electrical systems under supervision; follow safety procedures when working at heights; prepare personal work environment,2013,37.118,2017,55.507,0.49542001185408685,2013,656.916,2024,2755.78,3.1950264569594893,FALSE
GHA,Ghana,35,Information and communications technicians,351,Information and communications technology operations and user support technicians,3511,Information and communications technology operations technicians,1,0,0.9285714285714286,0,administer ICT system; analyse ICT system; balance database resources; database management systems; develop contingency plans for emergencies; keep up with the latest information systems solutions; maintain ICT server; maintain database performance; maintain database security; manage database,2013,9.737,2017,11.66,0.19749409469035636,2013,656.916,2024,2755.78,3.1950264569594893,TRUE
GHA,Ghana,35,Information and communications technicians,351,Information and communications technology operations and user support technicians,3512,Information and communications technology user support technicians,4,0,0.5732736572890025,0,keep up to date on product knowledge; use ICT hardware; ICT networking hardware; attack vectors; characteristics of products; characteristics of services; communicate with customers; create solutions to problems; procurement of ICT network equipment; product comprehension,2013,9.737,2017,11.66,0.19749409469035636,2013,656.916,2024,2755.78,3.1950264569594893,FALSE
GHA,Ghana,35,Information and communications technicians,351,Information and communications technology operations and user support technicians,3513,Computer network and systems technicians,2,0,0.5788461538461538,0,ICT network cable limitations; ICT network routing; ICT network security risks; ICT networking hardware; adjust ICT system capacity; analyse network bandwidth requirements; analyse network configuration and performance; apply technical communication skills; common aviation safety regulations; communicate in air traffic services,2013,9.737,2017,11.66,0.19749409469035636,2013,656.916,2024,2755.78,3.1950264569594893,FALSE
GHA,Ghana,35,Information and communications technicians,351,Information and communications technology operations and user support technicians,3514,Web technicians,1,0,0.8695652173913043,0,apply ICT system usage policies; apply tools for content development; authoring software; develop digital content; digital communication and collaboration; digital systems; domain name service; graphics editor software; implement front-end website design; maintain ICT server,2013,9.737,2017,11.66,0.19749409469035636,2013,656.916,2024,2755.78,3.1950264569594893,FALSE
GHA,Ghana,35,Information and communications technicians,352,Telecommunications and broadcasting technicians,3521,Broadcasting and audiovisual technicians,13,0,0.29476321595427035,0,use technical documentation; work ergonomically; keep up with trends; adapt to artists' creative demands; coordinate audio system programmes; plan audiovisual recording; prevent fire in a performance environment; use audio reproduction software; work safely with chemicals; work safely with mobile electrical systems under supervision,2013,9.737,2017,11.66,0.19749409469035636,2013,656.916,2024,2755.78,3.1950264569594893,FALSE
GHA,Ghana,35,Information and communications technicians,352,Telecommunications and broadcasting technicians,3522,Telecommunications engineering technicians,1,0,0.64,0,ICT communications protocols; ICT system user requirements; analog electronics theory; apply ICT system usage policies; apply system organisational policies; calibrate electronic instruments; direct inward dialing; electromagnetism; electronics principles; install monitors for process control,2013,9.737,2017,11.66,0.19749409469035636,2013,656.916,2024,2755.78,3.1950264569594893,FALSE
GHA,Ghana,41,General and keyboard clerks,411,General office clerks,4110,General office clerks,2,0,0.14160839160839161,0,perform office routine activities; align content with form; apply grammar and spelling rules; communicate by telephone; communicate with customers; company policies; complete membership administration; customer service; deliver correspondence; develop professional network,2013,38.471,2017,32.079,-0.1661511268228015,2013,702.248,2024,2212.795,2.1510164500290494,TRUE
GHA,Ghana,41,General and keyboard clerks,412,Secretaries (general),4120,Secretaries (general),1,0,0.2727272727272727,0,administer appointments; communicate by telephone; communicate schedules to the people concerned; company policies; disseminate internal communications; disseminate messages to people; draft corporate emails; file documents; fill out forms; handle mail,2013,38.471,2017,32.079,-0.1661511268228015,2013,702.248,2024,2212.795,2.1510164500290494,FALSE
GHA,Ghana,41,General and keyboard clerks,413,Keyboard operators,4131,Typists and word processing operators,1,0,0.2307692307692308,0,align content with form; apply grammar and spelling rules; company policies; decode handwritten texts; draft corporate emails; liaise with typists; pose questions referring to documents; provide written content; transcription methods; type error-free documents,2013,38.471,2017,32.079,-0.1661511268228015,2013,702.248,2024,2212.795,2.1510164500290494,FALSE
GHA,Ghana,41,General and keyboard clerks,413,Keyboard operators,4132,Data entry clerks,1,0,0.8,0,apply information security policies; apply statistical analysis techniques; database; documentation types; maintain data entry requirements; perform data cleansing; process data; query languages; resource description framework query language; use word processing software,2013,38.471,2017,32.079,-0.1661511268228015,2013,702.248,2024,2212.795,2.1510164500290494,FALSE
GHA,Ghana,42,Customer services clerks,421,"Tellers, money collectors and related clerks",4211,Bank tellers and related clerks,2,0,0,0,communicate with customers; customer service; handle financial transactions; process payments; assist customers; banking activities; characteristics of products; characteristics of services; convert currency; deliver correspondence,2013,75.333,2017,117.732,0.5628210744295329,2013,702.248,2024,2212.795,2.1510164500290494,TRUE
GHA,Ghana,42,Customer services clerks,421,"Tellers, money collectors and related clerks",4212,"Bookmakers, croupiers and related gaming workers",9,0,0.07283950617283949,0,follow ethical code of conduct of gambling; casino game rules; casino policies; communicate with customers; follow safety precautions in a gaming room; games rules; maintain customer service; monitor casino finances; show good manners with players; communicate gambling rules,2013,75.333,2017,117.732,0.5628210744295329,2013,702.248,2024,2212.795,2.1510164500290494,FALSE
GHA,Ghana,42,Customer services clerks,421,"Tellers, money collectors and related clerks",4213,Pawnbrokers and money-lenders,1,0,0.0625,0,analyse financial risk; assess customer credibility; collect customer data; communicate with customers; debt collection techniques; debt systems; decide on loan applications; determine resale value of items; estimate value of used goods; handle financial transactions,2013,75.333,2017,117.732,0.5628210744295329,2013,702.248,2024,2212.795,2.1510164500290494,FALSE
GHA,Ghana,42,Customer services clerks,421,"Tellers, money collectors and related clerks",4214,Debt-collectors and related workers,2,0,0.02631578947368421,0,debt collection techniques; debt systems; maintain client debt records; perform debt investigation; analyse financial risk; assess customers; calculate debt costs; communicate with customers; create cooperation modalities; create solutions to problems,2013,75.333,2017,117.732,0.5628210744295329,2013,702.248,2024,2212.795,2.1510164500290494,FALSE
GHA,Ghana,42,Customer services clerks,422,Client information workers,4221,Travel consultants and clerks,9,0.03365175022963136,0.05034164766469666,0,maintain customer service; apply foreign languages in tourism; communicate with customers; geographical areas relevant to tourism; handle personal identifiable information; identify customer's needs; process booking; provide tourism related information; assist clients with special needs; build a network of suppliers in tourism,2013,75.333,2017,117.732,0.5628210744295329,2013,702.248,2024,2212.795,2.1510164500290494,FALSE
GHA,Ghana,42,Customer services clerks,422,Client information workers,4222,Contact centre information clerks,2,0.03365175022963136,0.2184873949579832,0,characteristics of products; characteristics of services; guarantee customer satisfaction; adapt to changing situations; answer incoming calls; collect customer data; communicate by telephone; communicate with customers; create solutions to problems; customer insight,2013,75.333,2017,117.732,0.5628210744295329,2013,702.248,2024,2212.795,2.1510164500290494,FALSE
GHA,Ghana,42,Customer services clerks,422,Client information workers,4223,Telephone switchboard operators,2,0.03365175022963136,0.2932330827067669,0,adhere to organisational guidelines; answer emergency calls; answer incoming calls; communicate by telephone; communicate verbal instructions; comply with legislation related to health care; comply with quality standards related to healthcare practice; dispatch ambulance; electronic communication; listen actively,2013,75.333,2017,117.732,0.5628210744295329,2013,702.248,2024,2212.795,2.1510164500290494,FALSE
GHA,Ghana,42,Customer services clerks,422,Client information workers,4224,Hotel receptionists,3,0.03365175022963136,0,0,assist at check-in; comply with food safety and hygiene; greet guests; handle customer complaints; maintain customer service; assist clients with special needs; deal with arrivals in accommodation; deal with departures in accommodation; handle financial transactions; maintain customer records,2013,75.333,2017,117.732,0.5628210744295329,2013,702.248,2024,2212.795,2.1510164500290494,FALSE
GHA,Ghana,42,Customer services clerks,422,Client information workers,4225,Enquiry clerks,1,0.03365175022963136,0.125,0,apply conflict management; apply knowledge of human behaviour; communicate with customers; control of expenses; create solutions to problems; customer service; determine charges for customer services; ensure client orientation; guarantee customer satisfaction; have computer literacy,2013,75.333,2017,117.732,0.5628210744295329,2013,702.248,2024,2212.795,2.1510164500290494,FALSE
GHA,Ghana,42,Customer services clerks,422,Client information workers,4226,Receptionists (general),3,0.03365175022963136,0.07846153846153846,0,communicate by telephone; maintain reception area; adhere to organisational guidelines; administer appointments; communicate with customers; customer service; administrative tasks in a medical environment; animal welfare; animal welfare legislation; answer patients' questions,2013,75.333,2017,117.732,0.5628210744295329,2013,702.248,2024,2212.795,2.1510164500290494,FALSE
GHA,Ghana,42,Customer services clerks,422,Client information workers,4227,Survey and market research interviewers,2,0.03365175022963136,0.06349206349206349,0,adhere to questionnaires; capture people's attention; communication; document interviews; information confidentiality; interview techniques; prepare survey report; respond to enquiries; survey techniques; tabulate survey results,2013,75.333,2017,117.732,0.5628210744295329,2013,702.248,2024,2212.795,2.1510164500290494,FALSE
GHA,Ghana,42,Customer services clerks,422,Client information workers,4229,Client information workers not elsewhere classified,1,0.03365175022963136,0,0,assist at check-in; assist clients with special needs; comply with food safety and hygiene; greet guests; handle customer complaints; identify customer's needs; maintain customer service; maintain relationship with customers; provide tourism related information,2013,75.333,2017,117.732,0.5628210744295329,2013,702.248,2024,2212.795,2.1510164500290494,FALSE
GHA,Ghana,43,Numerical and material recording clerks,431,Numerical clerks,4311,Accounting and bookkeeping clerks,2,0,0.041666666666666664,0,allocate bills; bookkeeping regulations; file documents; fill out forms; financial capability; financial department processes; follow up accounts receivables; handle financial transactions; handle mail; maintain credit history of clients,2013,35.237,2017,28.534,-0.19022618270567876,2013,702.248,2024,2212.795,2.1510164500290494,TRUE
GHA,Ghana,43,Numerical and material recording clerks,431,Numerical clerks,4312,"Statistical, finance and insurance clerks",8,0,0.09843071015671634,0,perform clerical duties; maintain records of financial transactions; electronic communication; handle financial transactions; office software; banking activities; customer service; handle paperwork; provide financial product information; use office systems,2013,35.237,2017,28.534,-0.19022618270567876,2013,702.248,2024,2212.795,2.1510164500290494,FALSE
GHA,Ghana,43,Numerical and material recording clerks,431,Numerical clerks,4313,Payroll clerks,1,0,0,0,calculate wages; carry out financial transactions; check payrolls; examine budgets; manage payroll; mathematics; prepare paychecks; procure time sheet approval; trace financial transactions,2013,35.237,2017,28.534,-0.19022618270567876,2013,702.248,2024,2212.795,2.1510164500290494,FALSE
GHA,Ghana,43,Numerical and material recording clerks,432,Material-recording and transport clerks,4321,Stock clerks,6,0.04143232607689721,0.14595312095312096,0,manage inventory; manage warehouse operations; use IT tools; identify software for warehouse management; keep inventory of goods in production; perform warehousing operations; use a warehouse management system; use spreadsheets software; adapt to changing situations; adhere to organisational guidelines,2013,35.237,2017,28.534,-0.19022618270567876,2013,702.248,2024,2212.795,2.1510164500290494,FALSE
GHA,Ghana,43,Numerical and material recording clerks,432,Material-recording and transport clerks,4322,Production clerks,1,0.04143232607689721,0,0,analyse production processes for improvement; communicate production plan; coordinate operational activities; create solutions to problems; keep records of work progress; liaise with managers; manage resources; manage teamwork; oversee production requirements; plan manufacturing processes,2013,35.237,2017,28.534,-0.19022618270567876,2013,702.248,2024,2212.795,2.1510164500290494,FALSE
GHA,Ghana,43,Numerical and material recording clerks,432,Material-recording and transport clerks,4323,Transport clerks,21,0.04143232607689721,0.04977688223363256,0,use different communication channels; apply company policies; communicate verbal instructions; ensure public safety and security; match vessels to shipping routes; supervise loading of cargo; supervise unloading of cargo; types of maritime vessels; vessel traffic services; apply airport standards and regulations,2013,35.237,2017,28.534,-0.19022618270567876,2013,702.248,2024,2212.795,2.1510164500290494,FALSE
GHA,Ghana,44,Other clerical support workers,441,Other clerical support workers,4411,Library clerks,1,0.0108695652173913,0.15384615384615383,0,analyse library users' queries; arrange interlibrary loans; assess informational needs; classify library materials; copyright legislation; display library material; instruct library users in digital literacy; maintain library equipment; maintain library inventory; manage library users queries,2013,4.173,2017,3.351,-0.196980589503954,2013,702.248,2024,2212.795,2.1510164500290494,TRUE
GHA,Ghana,44,Other clerical support workers,441,Other clerical support workers,4412,Mail carriers and sorting clerks,2,0.0108695652173913,0.12708333333333333,0,differentiate types of packages; ensure the integrity of mail; establish daily priorities; handle mail; maintain privacy of service users; operate mailing information systems; organise mail deliveries; act reliably; analyse travel alternatives; apply information security policies,2013,4.173,2017,3.351,-0.196980589503954,2013,702.248,2024,2212.795,2.1510164500290494,FALSE
GHA,Ghana,44,Other clerical support workers,441,Other clerical support workers,4413,"Coding, proof-reading and related clerks",1,0.0108695652173913,0.07692307692307693,0,apply grammar and spelling rules; copyright legislation; follow newspaper house style; follow work schedule; grammar; master language rules; proofread text; reproduce documents; rewrite manuscripts; spelling,2013,4.173,2017,3.351,-0.196980589503954,2013,702.248,2024,2212.795,2.1510164500290494,FALSE
GHA,Ghana,44,Other clerical support workers,441,Other clerical support workers,4415,Filing and copying clerks,1,0.0108695652173913,0.2307692307692308,0,digitization; ensure information transparency; ensure proper document management; facilitate access to information; file documents; fill out forms; information confidentiality; keep task records; organise business documents; perform clerical duties,2013,4.173,2017,3.351,-0.196980589503954,2013,702.248,2024,2212.795,2.1510164500290494,FALSE
GHA,Ghana,44,Other clerical support workers,441,Other clerical support workers,4416,Personnel clerks,1,0.0108695652173913,0,0,administer appointments; apply company policies; assess character; communicate by telephone; document interviews; fix meetings; hire human resources; identify with the company's goals; job market offers; listen actively,2013,4.173,2017,3.351,-0.196980589503954,2013,702.248,2024,2212.795,2.1510164500290494,FALSE
GHA,Ghana,44,Other clerical support workers,441,Other clerical support workers,4419,Clerical support workers not elsewhere classified,2,0.0108695652173913,0.16666666666666666,0,advertising techniques; apply grammar and spelling rules; communicate commercial and technical issues in foreign languages; company policies; develop creative ideas; develop digital content; digital media; ensure proper document management; file documents; grammar,2013,4.173,2017,3.351,-0.196980589503954,2013,702.248,2024,2212.795,2.1510164500290494,FALSE
GHA,Ghana,51,Personal service workers,511,"Travel attendants, conductors and guides",5111,Travel attendants and travel stewards,5,0.08005250203665552,0,0,assist passengers; comply with food safety and hygiene; greet guests; handle financial transactions; maintain customer service; serve food in table service; communicate verbal instructions; deliver outstanding service; follow verbal instructions; handle customer complaints,2013,495.123,2017,367.219,-0.2583277286654023,2013,444.694,2024,2031.514,3.5683413763171976,TRUE
GHA,Ghana,51,Personal service workers,511,"Travel attendants, conductors and guides",5112,Transport conductors,4,0.08005250203665552,0.03170289855072463,0,provide information to passengers; answer questions about the train transport service; assist disable passengers; assist passengers; assist passengers in emergency situations; communicate clearly with passengers; handle petty cash; apply tramway regulations; check carriages; check tickets throughout carriages,2013,495.123,2017,367.219,-0.2583277286654023,2013,444.694,2024,2031.514,3.5683413763171976,FALSE
GHA,Ghana,51,Personal service workers,511,"Travel attendants, conductors and guides",5113,Travel guides,4,0.08005250203665552,0,0,conduct educational activities; assemble visitor supplies; collect visitor fees; create solutions to problems; educate people about nature; engage local communities in the management of natural protected areas; ensure health and safety of visitors; escort visitors to places of interest; inform visitors at tour sites; local geography,2013,495.123,2017,367.219,-0.2583277286654023,2013,444.694,2024,2031.514,3.5683413763171976,FALSE
GHA,Ghana,51,Personal service workers,512,Cooks,5120,Cooks,5,0.0201290322580645,0,0,"comply with food safety and hygiene; ensure cleanliness of food preparation area; handover the food preparation area; maintain a safe, hygienic and secure working environment; maintain kitchen equipment at correct temperature; receive kitchen supplies; store raw food materials; use cooking techniques; use culinary finishing techniques; use food cutting tools",2013,495.123,2017,367.219,-0.2583277286654023,2013,444.694,2024,2031.514,3.5683413763171976,FALSE
GHA,Ghana,51,Personal service workers,513,Waiters and bartenders,5131,Waiters,7,0.00444444444444444,0,0,maintain customer service; assist customers; comply with food safety and hygiene; assist VIP guests; check dining room cleanliness; prepare alcoholic beverages; serve wines; train employees; advise guests on menus for special events; analyse trends in the food and beverage industries,2013,495.123,2017,367.219,-0.2583277286654023,2013,444.694,2024,2031.514,3.5683413763171976,FALSE
GHA,Ghana,51,Personal service workers,513,Waiters and bartenders,5132,Bartenders,3,0.00444444444444444,0,0,comply with food safety and hygiene; execute opening and closing procedures; handover the service area; maintain customer service; upsell products; clear the bar at closing time; display spirits; enforce alcohol drinking laws; handle bar equipment; handle glassware,2013,495.123,2017,367.219,-0.2583277286654023,2013,444.694,2024,2031.514,3.5683413763171976,FALSE
GHA,Ghana,51,Personal service workers,514,"Hairdressers, beauticians and related workers",5141,Hairdressers,5,0.00217864923747276,0,0,hair; work ergonomically; work safely with chemicals; dye hair; hair products; maintain customer service; maintain equipment; style hair; use equipment for hair care; advise on hair style,2013,495.123,2017,367.219,-0.2583277286654023,2013,444.694,2024,2031.514,3.5683413763171976,FALSE
GHA,Ghana,51,Personal service workers,514,"Hairdressers, beauticians and related workers",5142,Beauticians and related workers,12,0.00217864923747276,0.0021929824561403508,0,maintain customer service; identify customer's needs; work ergonomically; cosmetics; advise customers on usage of cosmetics; maintain equipment; cosmetics industry; skin types; conform to cosmetics regulatory requirements; cosmetic skin treatment,2013,495.123,2017,367.219,-0.2583277286654023,2013,444.694,2024,2031.514,3.5683413763171976,FALSE
GHA,Ghana,51,Personal service workers,515,Building and housekeeping supervisors,5151,"Cleaning and housekeeping supervisors in offices, hotels and other establishments",2,0.03300551398955653,0,0,comply with food safety and hygiene; handle customer complaints; maintain customer service; assess cleanliness of areas; assist at check-in; coordinate redecoration of hospitality establishment; ensure cross-department cooperation; explain features in accommodation venue; greet guests; handle guest luggage,2013,495.123,2017,367.219,-0.2583277286654023,2013,444.694,2024,2031.514,3.5683413763171976,FALSE
GHA,Ghana,51,Personal service workers,515,Building and housekeeping supervisors,5152,Domestic housekeepers,3,0.03300551398955653,0,0,greet guests; identify customer's needs; maintain personal hygiene standards; perform cleaning duties; arrange tables; assist at check-in; buy groceries; check dining room cleanliness; clean rooms; clean surfaces,2013,495.123,2017,367.219,-0.2583277286654023,2013,444.694,2024,2031.514,3.5683413763171976,FALSE
GHA,Ghana,51,Personal service workers,515,Building and housekeeping supervisors,5153,Building caretakers,3,0.03300551398955653,0,0,register information on arrivals and departures; Bible texts; accounting techniques; canon law; collect mail; comply with legal regulations; disseminate messages to people; energy conservation; ensure equipment availability; ensure private property security,2013,495.123,2017,367.219,-0.2583277286654023,2013,444.694,2024,2031.514,3.5683413763171976,FALSE
GHA,Ghana,51,Personal service workers,516,Other personal services workers,5161,"Astrologers, fortune-tellers and related workers",4,0.02341215756957677,0.05,0,maintain customer service; manage personal professional development; prospect new customers; rhetoric; develop professional network; give advice on personal matters; maintain privacy of service users; occultism; use consulting techniques; assess character,2013,495.123,2017,367.219,-0.2583277286654023,2013,444.694,2024,2031.514,3.5683413763171976,FALSE
GHA,Ghana,51,Personal service workers,516,Other personal services workers,5162,Companions and valets,1,0.02341215756957677,0,0,accompany people; clean rooms; clean surfaces; communicate with customers; empathise with the healthcare user; iron textiles; keep company; listen actively; make the beds; prepare ready-made dishes,2013,495.123,2017,367.219,-0.2583277286654023,2013,444.694,2024,2031.514,3.5683413763171976,FALSE
GHA,Ghana,51,Personal service workers,516,Other personal services workers,5163,Undertakers and embalmers,4,0.02341215756957677,0,0,promote human rights; show diplomacy; administer appointments; advise on funeral services; apply health and safety standards; cooperate with funeral directors; greet guests; maintain customer service; maintain inventory of tools; maintain personal hygiene standards,2013,495.123,2017,367.219,-0.2583277286654023,2013,444.694,2024,2031.514,3.5683413763171976,FALSE
GHA,Ghana,51,Personal service workers,516,Other personal services workers,5164,Pet groomers and animal care workers,15,0.02341215756957677,0.002564102564102564,0,monitor the welfare of animals; control animal movement; animal welfare legislation; apply animal hygiene practices; assess animal behaviour; provide first aid to animals; signs of animal illness; animal behaviour; animal welfare; manage animal biosecurity,2013,495.123,2017,367.219,-0.2583277286654023,2013,444.694,2024,2031.514,3.5683413763171976,FALSE
GHA,Ghana,51,Personal service workers,516,Other personal services workers,5165,Driving instructors,6,0.02341215756957677,0.035377689942907325,0,adapt teaching to student's capabilities; apply teaching strategies; assist students in their learning; curriculum objectives; encourage students to acknowledge their achievements; give constructive feedback; guarantee students' safety; health and safety measures in transportation; interpret traffic signals; monitor developments in field of expertise,2013,495.123,2017,367.219,-0.2583277286654023,2013,444.694,2024,2031.514,3.5683413763171976,FALSE
GHA,Ghana,51,Personal service workers,516,Other personal services workers,5169,Personal services workers not elsewhere classified,3,0.02341215756957677,0,0,maintain customer service; maintain relationship with customers; accompany people; advise on dating; assess character; assist VIP guests; assist customers; assist guest departure; deal with aggressive behaviour; develop professional network,2013,495.123,2017,367.219,-0.2583277286654023,2013,444.694,2024,2031.514,3.5683413763171976,FALSE
GHA,Ghana,52,Sales workers,521,Street and market salespersons,5211,Stall and market salespersons,1,0.0259136212624584,0,0,adapt to different weather conditions; arrange permit for market stall; assist customers; consumer protection; guarantee customer satisfaction; maintain work area cleanliness; operate cash register; organise product display; process payments; product comprehension,2013,2285.737,2017,2028.713,-0.11244688255910462,2013,444.694,2024,2031.514,3.5683413763171976,TRUE
GHA,Ghana,52,Sales workers,521,Street and market salespersons,5212,Street food salespersons,1,0.0259136212624584,0,0,adapt to different weather conditions; arrange permit for market stall; assist customers; consumer protection; execute chilling processes to food products; food authentication techniques; food legislation; food storage; guarantee customer satisfaction; maintain work area cleanliness,2013,2285.737,2017,2028.713,-0.11244688255910462,2013,444.694,2024,2031.514,3.5683413763171976,FALSE
GHA,Ghana,52,Sales workers,522,Shop salespersons,5221,Shop keepers,1,0.00193234765819965,0.04,0,analyse data for policy decisions in trade; build business relationships; commercial law; control of expenses; develop business case; ensure compliance with purchasing and contracting regulations; guarantee customer satisfaction; handle financial overviews of the store; identify suppliers; implement marketing strategies,2013,2285.737,2017,2028.713,-0.11244688255910462,2013,444.694,2024,2031.514,3.5683413763171976,FALSE
GHA,Ghana,52,Sales workers,522,Shop salespersons,5222,Shop supervisors,2,0.00193234765819965,0.025,0,apply company policies; control of expenses; manage budgets; manage staff; monitor customer service; oversee promotional sales prices; recruit employees; train employees; create solutions to problems; develop financial statistics reports,2013,2285.737,2017,2028.713,-0.11244688255910462,2013,444.694,2024,2031.514,3.5683413763171976,FALSE
GHA,Ghana,52,Sales workers,522,Shop salespersons,5223,Shop sales assistants,44,0.00193234765819965,0.042371819955421414,0,identify customer's needs; provide customer follow-up services; characteristics of products; characteristics of services; carry out order intake; examine merchandise; guarantee customer satisfaction; operate cash register; organise product display; process refunds,2013,2285.737,2017,2028.713,-0.11244688255910462,2013,444.694,2024,2031.514,3.5683413763171976,FALSE
GHA,Ghana,52,Sales workers,523,Cashiers and ticket clerks,5230,Cashiers and ticket clerks,3,0,0.015873015873015872,0,apply numeracy skills; operate cash register; process payments; communicate with customers; issue sales invoices; process refunds; provide customer follow-up services; use different communication channels; assist clients with special needs; cancellation policies of service providers,2013,2285.737,2017,2028.713,-0.11244688255910462,2013,444.694,2024,2031.514,3.5683413763171976,FALSE
GHA,Ghana,52,Sales workers,524,Other sales workers,5241,Fashion and other models,2,0.00156739811912225,0,0,attend castings; harmonise body movements; maintain an artistic portfolio; maintain personal hygiene standards; pose in front of a camera; adapt to artists' creative demands; collaborate on costume and make-up for performances; define artistic vision; develop professional network; express yourself physically,2013,2285.737,2017,2028.713,-0.11244688255910462,2013,444.694,2024,2031.514,3.5683413763171976,FALSE
GHA,Ghana,52,Sales workers,524,Other sales workers,5242,Sales demonstrators,1,0.00156739811912225,0,0,assist customers; characteristics of products; characteristics of services; demonstrate products' features; ensure client orientation; ensure product preparation; establish customer rapport; hand out product samples; keep promotions records; maintain work area cleanliness,2013,2285.737,2017,2028.713,-0.11244688255910462,2013,444.694,2024,2031.514,3.5683413763171976,FALSE
GHA,Ghana,52,Sales workers,524,Other sales workers,5243,Door to door salespersons,1,0.00156739811912225,0,0,achieve sales targets; adapt to different weather conditions; apply health and safety standards; assist customers; carry out active selling; demonstrate products' features; ensure client orientation; guarantee customer satisfaction; identify customer's needs; implement customer follow-up,2013,2285.737,2017,2028.713,-0.11244688255910462,2013,444.694,2024,2031.514,3.5683413763171976,FALSE
GHA,Ghana,52,Sales workers,524,Other sales workers,5244,Contact centre salespersons,1,0.00156739811912225,0.17647058823529413,0,adapt to changing situations; characteristics of products; characteristics of services; communicate by telephone; create solutions to problems; credit card payments; guarantee customer satisfaction; handle tasks independently; have computer literacy; keep task records,2013,2285.737,2017,2028.713,-0.11244688255910462,2013,444.694,2024,2031.514,3.5683413763171976,FALSE
GHA,Ghana,52,Sales workers,524,Other sales workers,5245,Service station attendants,1,0.00156739811912225,0.03125,0,apply numeracy skills; calculate fuel sales from pumps; carry out active selling; carry out order intake; carry out products preparation; characteristics of products; characteristics of services; demonstrate products' features; e-commerce systems; ensure compliance with legal requirements,2013,2285.737,2017,2028.713,-0.11244688255910462,2013,444.694,2024,2031.514,3.5683413763171976,FALSE
GHA,Ghana,52,Sales workers,524,Other sales workers,5246,Food service counter attendants,2,0.00156739811912225,0,0,comply with food safety and hygiene; clean kitchen equipment; ensure food quality; execute opening and closing procedures; follow hygienic procedures during food processing; follow procedures to control substances hazardous to health; food allergies; food authentication techniques; food legislation; food preservation,2013,2285.737,2017,2028.713,-0.11244688255910462,2013,444.694,2024,2031.514,3.5683413763171976,FALSE
GHA,Ghana,52,Sales workers,524,Other sales workers,5249,Sales workers not elsewhere classified,14,0.00156739811912225,0.08809099802888623,0,have computer literacy; achieve sales targets; apply numeracy skills; communicate with customers; financial capability; handle rental overdues; identify customer's needs; perform multiple tasks at the same time; process data; process payments,2013,2285.737,2017,2028.713,-0.11244688255910462,2013,444.694,2024,2031.514,3.5683413763171976,FALSE
GHA,Ghana,53,Personal care workers,531,Child care workers and teachers’ aides,5311,Child care workers,6,0,0,0,communicate with youth; supervise children; maintain relations with children's parents; attend to children's basic physical needs; play with children; workplace sanitation; assist children in developing personal skills; assist children with homework; handle chemical cleaning agents; adhere to organisational guidelines,2013,23.93,2017,12.746,-0.4673631424989553,2013,444.694,2024,2031.514,3.5683413763171976,TRUE
GHA,Ghana,53,Personal care workers,531,Child care workers and teachers’ aides,5312,Teachers’ aides,4,0,0,0,assist students in their learning; encourage students to acknowledge their achievements; give constructive feedback; guarantee students' safety; handle children's problems; perform playground surveillance; provide lesson materials; provide teacher support; support children's wellbeing; support the positiveness of youths,2013,23.93,2017,12.746,-0.4673631424989553,2013,444.694,2024,2031.514,3.5683413763171976,FALSE
GHA,Ghana,53,Personal care workers,532,Personal care workers in health services,5321,Health care assistants,2,0.00277777777777776,0.03125,0,accept own accountability; advise on healthcare users' informed consent; communicate with nursing staff; comply with legislation related to health care; comply with quality standards related to healthcare practice; contribute to continuity of health care; empathise with the healthcare user; ensure safety of healthcare users; follow clinical guidelines; identify abnormalities,2013,23.93,2017,12.746,-0.4673631424989553,2013,444.694,2024,2031.514,3.5683413763171976,FALSE
GHA,Ghana,53,Personal care workers,532,Personal care workers in health services,5322,Home-based personal care workers,1,0.00277777777777776,0,0,accompany people; apply first response; assist clients with special needs; assist disable passengers; assist social service users with physical disabilities; buy groceries; disability care; disability types; evaluate older adults' ability to take care of themselves; first response,2013,23.93,2017,12.746,-0.4673631424989553,2013,444.694,2024,2031.514,3.5683413763171976,FALSE
GHA,Ghana,53,Personal care workers,532,Personal care workers in health services,5329,Personal care workers in health services not elsewhere classified,3,0.00277777777777776,0.02188034188034188,0,communicate in healthcare; comply with legislation related to health care; use technical equipment for sterilisation; adhere to organisational guidelines; comply with quality standards related to healthcare practice; ensure safety of healthcare users; follow clinical guidelines; human anatomy; hygiene in a health care setting; infection control,2013,23.93,2017,12.746,-0.4673631424989553,2013,444.694,2024,2031.514,3.5683413763171976,FALSE
GHA,Ghana,54,Protective services workers,541,Protective services workers,5411,Fire-fighters,5,0.03605328963784841,0,0,ensure public safety and security; extinguish fires; fire prevention procedures; fire safety regulations; fire-fighting systems; first aid; hydraulics; manage emergency care situations; manage major incidents; use different types of fire extinguishers,2013,105.919,2017,135.847,0.2825555377222218,2013,444.694,2024,2031.514,3.5683413763171976,TRUE
GHA,Ghana,54,Protective services workers,541,Protective services workers,5412,Police officers,1,0.03605328963784841,0,0,apply first response; comply with legal regulations; comply with the principles of self-defence; detain offenders; ensure compliance with types of weapons; ensure law application; first response; handle case evidence; identify security threats; instruct public,2013,105.919,2017,135.847,0.2825555377222218,2013,444.694,2024,2031.514,3.5683413763171976,FALSE
GHA,Ghana,54,Protective services workers,541,Protective services workers,5413,Prison guards,2,0.03605328963784841,0,0,correctional procedures; escort defendants; identify security threats; illegal substances; law enforcement; legal use-of-force; patrol areas; restrain individuals; undertake inspections; apply knowledge of human behaviour,2013,105.919,2017,135.847,0.2825555377222218,2013,444.694,2024,2031.514,3.5683413763171976,FALSE
GHA,Ghana,54,Protective services workers,541,Protective services workers,5414,Security guards,10,0.03605328963784841,0.03408882783882784,0,identify security threats; liaise with security authorities; practice vigilance; security threats; detain offenders; ensure public safety and security; perform security checks; comply with the principles of self-defence; check official documents; check tickets at venue entry,2013,105.919,2017,135.847,0.2825555377222218,2013,444.694,2024,2031.514,3.5683413763171976,FALSE
GHA,Ghana,54,Protective services workers,541,Protective services workers,5419,Protective services workers not elsewhere classified,10,0.03605328963784841,0.007692307692307693,0,patrol areas; animal welfare legislation; assist emergency services; comply with legal regulations; control crowd; ensure law application; ensure public safety and security; escort pedestrians across streets; estimate damage; first aid,2013,105.919,2017,135.847,0.2825555377222218,2013,444.694,2024,2031.514,3.5683413763171976,FALSE
GHA,Ghana,61,Market-oriented skilled agricultural workers,611,Market gardeners and crop growers,6111,Field crop and vegetable growers,1,0.22778924553140897,0,0,agroecology; agroforestry; agronomical production principles; assign duties to agriculture workers; crop production principles; ecology; ensure soil fertility; environmental legislation in agriculture and forestry; execute disease and pest control activities; execute fertilisation,2013,4850.77,2017,2235.498,-0.5391457438715915,2013,320.217,2024,2281.832,6.12589275397621,TRUE
GHA,Ghana,61,Market-oriented skilled agricultural workers,611,Market gardeners and crop growers,6112,Tree and shrub crop growers,7,0.22778924553140897,0.009065934065934065,0,supervise hygiene procedures in agricultural settings; environmental legislation in agriculture and forestry; health and safety regulations; pest control in plants; control grape quality; execute disease and pest control activities; execute fertilisation; fertilisation principles; monitor winemaking process; operate hand pruning equipment,2013,4850.77,2017,2235.498,-0.5391457438715915,2013,320.217,2024,2281.832,6.12589275397621,FALSE
GHA,Ghana,61,Market-oriented skilled agricultural workers,611,Market gardeners and crop growers,6113,"Gardeners, horticultural and nursery growers",6,0.22778924553140897,0.00803329461866047,0,execute disease and pest control activities; pest control in plants; plant disease control; plant species; environmental legislation in agriculture and forestry; horticulture principles; grow plants; perform pest control; perform weed control operations; prepare planting area,2013,4850.77,2017,2235.498,-0.5391457438715915,2013,320.217,2024,2281.832,6.12589275397621,FALSE
GHA,Ghana,61,Market-oriented skilled agricultural workers,611,Market gardeners and crop growers,6114,Mixed crop growers,1,0.22778924553140897,0,0,agroforestry; agronomical production principles; assign duties to agriculture workers; crop production principles; cultivate crops for biomass; ecology; ensure soil fertility; environmental legislation in agriculture and forestry; execute disease and pest control activities; fertilisation principles,2013,4850.77,2017,2235.498,-0.5391457438715915,2013,320.217,2024,2281.832,6.12589275397621,FALSE
GHA,Ghana,61,Market-oriented skilled agricultural workers,612,Animal producers,6121,Livestock and dairy producers,6,0.01883830035487628,0,0,animal welfare legislation; assist animal birth; livestock species; manage livestock; provide nutrition to animals; select livestock; administer drugs to facilitate breeding; administer treatment to animals; animal nutrition; apply animal hygiene practices,2013,4850.77,2017,2235.498,-0.5391457438715915,2013,320.217,2024,2281.832,6.12589275397621,FALSE
GHA,Ghana,61,Market-oriented skilled agricultural workers,612,Animal producers,6122,Poultry producers,2,0.01883830035487628,0,0,animal welfare legislation; apply animal hygiene practices; administer drugs to facilitate breeding; administer treatment to animals; animal nutrition; assist animal birth; assist in transportation of animals; biosecurity; breed poultry; care for juvenile animals,2013,4850.77,2017,2235.498,-0.5391457438715915,2013,320.217,2024,2281.832,6.12589275397621,FALSE
GHA,Ghana,61,Market-oriented skilled agricultural workers,612,Animal producers,6123,Apiarists and sericulturists,1,0.01883830035487628,0,0,administer drugs to facilitate breeding; administer treatment to animals; animal nutrition; animal welfare legislation; apply animal hygiene practices; assist in transportation of animals; breed insects; care for juvenile animals; control animal movement; create animal records,2013,4850.77,2017,2235.498,-0.5391457438715915,2013,320.217,2024,2281.832,6.12589275397621,FALSE
GHA,Ghana,61,Market-oriented skilled agricultural workers,612,Animal producers,6129,Animal producers not elsewhere classified,1,0.01883830035487628,0,0,administer drugs to facilitate breeding; administer treatment to animals; animal nutrition; animal welfare legislation; apply animal hygiene practices; assist animal birth; assist in transportation of animals; breed rabbits; care for juvenile animals; control animal movement,2013,4850.77,2017,2235.498,-0.5391457438715915,2013,320.217,2024,2281.832,6.12589275397621,FALSE
GHA,Ghana,61,Market-oriented skilled agricultural workers,613,Mixed crop and animal producers,6130,Mixed crop and animal producers,2,0.26986076986076946,0,0,agricultural business management; agronomical production principles; assign duties to agriculture workers; manage farm supplies; operate farm equipment; supervise hygiene procedures in agricultural settings; assess new farming technologies; crop production principles; cultivate crops for biomass; drive agricultural machines,2013,4850.77,2017,2235.498,-0.5391457438715915,2013,320.217,2024,2281.832,6.12589275397621,FALSE
GHA,Ghana,62,"Market-oriented skilled forestry, fishery and hunting workers",621,Forestry and related workers,6210,Forestry and related workers,1,0.512195121951219,0,0,"assist forest visitors; de-limb trees; develop forestry strategies; enforce park rules; environmental legislation; forest conservation; habitat restoration; health, safety and hygiene legislation; make decisions regarding forestry management; monitor forest health",2013,148.466,2017,100.232,-0.3248824646720462,2013,320.217,2024,2281.832,6.12589275397621,TRUE
GHA,Ghana,62,"Market-oriented skilled forestry, fishery and hunting workers",622,"Fishery workers, hunters and trappers",6221,Aquaculture workers,11,0.08570595233870197,0.02938579671897505,0,fish biology; control aquatic production environment; ensure aquaculture personnel health and safety; monitor fish health status; preserve fish samples for diagnosis; apply fish treatments; biosecurity; carry out preparations for fish disease specialist; collect broodstock; monitor aquaculture feeding behaviour,2013,148.466,2017,100.232,-0.3248824646720462,2013,320.217,2024,2281.832,6.12589275397621,FALSE
GHA,Ghana,62,"Market-oriented skilled forestry, fishery and hunting workers",622,"Fishery workers, hunters and trappers",6222,Inland and coastal waters fishery workers,1,0.08570595233870197,0.06818181818181818,0,Global Maritime Distress and Safety System; International Convention for the Prevention of Pollution from Ships; apply fishing maneuvres; assess stability of vessels; assess trim of vessels; assessment of risks and threats; code of Conduct for Responsible Fisheries; communicate using the global maritime distress and safety system; conduct water navigation; coordinate fire fighting,2013,148.466,2017,100.232,-0.3248824646720462,2013,320.217,2024,2281.832,6.12589275397621,FALSE
GHA,Ghana,62,"Market-oriented skilled forestry, fishery and hunting workers",622,"Fishery workers, hunters and trappers",6223,Deep-sea fishery workers,3,0.08570595233870197,0.044466403162055336,0,code of Conduct for Responsible Fisheries; deterioration of fish products; fisheries legislation; fishing gear; international regulations for preventing collisions at sea; maintain safe navigation watches; quality of fish products; risks associated with undertaking fishing operations; support vessel manoeuvres; swim,2013,148.466,2017,100.232,-0.3248824646720462,2013,320.217,2024,2281.832,6.12589275397621,FALSE
GHA,Ghana,62,"Market-oriented skilled forestry, fishery and hunting workers",622,"Fishery workers, hunters and trappers",6224,Hunters and trappers,1,0.08570595233870197,0,0,European firearms-control legislation; acquire licences for the use of weapons; animal hunting; camouflage; comply with wildlife hazard management programmes; dispose of dead animals; ensure compliance with environmental legislation; hunt animals; manage game management plans; monitor wildlife,2013,148.466,2017,100.232,-0.3248824646720462,2013,320.217,2024,2281.832,6.12589275397621,FALSE
GHA,Ghana,71,"Building and related trades workers, excluding electricians",711,Building frame and related trades workers,7111,House builders,1,0.06856303087856466,0,0,building codes; building materials industry; check compatibility of materials; check construction compliance; create floor plan template; create smooth wood surface; design floor; follow health and safety procedures in construction; follow safety procedures when working at heights; inspect concrete structures,2013,339.44,2017,377.77,0.11292128211171336,2013,433.804,2024,2944.734,5.788167006297775,TRUE
GHA,Ghana,71,"Building and related trades workers, excluding electricians",711,Building frame and related trades workers,7112,Bricklayers and related workers,1,0.06856303087856466,0,0,check straightness of brick; discharge cement; finish mortar joints; follow health and safety procedures in construction; follow safety procedures when working at heights; inspect construction supplies; install construction profiles; interpret 2D plans; interpret 3D plans; lay bricks,2013,339.44,2017,377.77,0.11292128211171336,2013,433.804,2024,2944.734,5.788167006297775,FALSE
GHA,Ghana,71,"Building and related trades workers, excluding electricians",711,Building frame and related trades workers,7113,"Stonemasons, stone cutters, splitters and carvers",2,0.06856303087856466,0,0,inspect stone surface; adjust cut sizes; building codes; clean engraved areas; cool workpiece; create cutting plan; engrave patterns; ensure equipment availability; follow health and safety procedures in construction; inspect construction supplies,2013,339.44,2017,377.77,0.11292128211171336,2013,433.804,2024,2944.734,5.788167006297775,FALSE
GHA,Ghana,71,"Building and related trades workers, excluding electricians",711,Building frame and related trades workers,7114,"Concrete placers, concrete finishers and related workers",2,0.06856303087856466,0,0,follow health and safety procedures in construction; screed concrete; transport construction supplies; use measurement instruments; work ergonomically; apply proofing membranes; blast surface; clean wood surface; grind terrazzo; grout terrazzo,2013,339.44,2017,377.77,0.11292128211171336,2013,433.804,2024,2944.734,5.788167006297775,FALSE
GHA,Ghana,71,"Building and related trades workers, excluding electricians",711,Building frame and related trades workers,7115,Carpenters and joiners,7,0.06856303087856466,0,0,follow health and safety procedures in construction; inspect construction supplies; use measurement instruments; use safety equipment in construction; work ergonomically; apply wood finishes; install construction profiles; interpret 2D plans; interpret 3D plans; manipulate glass,2013,339.44,2017,377.77,0.11292128211171336,2013,433.804,2024,2944.734,5.788167006297775,FALSE
GHA,Ghana,71,"Building and related trades workers, excluding electricians",711,Building frame and related trades workers,7119,Building frame and related trades workers not elsewhere classified,5,0.06856303087856466,0,0,work ergonomically; follow health and safety procedures in construction; follow safety procedures when working at heights; use safety equipment in construction; work in a construction team; build scaffolding; construct working platform; inspect construction supplies; use technical documentation; assemble performance equipment,2013,339.44,2017,377.77,0.11292128211171336,2013,433.804,2024,2944.734,5.788167006297775,FALSE
GHA,Ghana,71,"Building and related trades workers, excluding electricians",712,Building finishers and related trades workers,7121,Roofers,1,0.11520213049441053,0,0,apply roll roofing; construct wood roofs; follow health and safety procedures in construction; follow safety procedures when working at heights; inspect construction supplies; inspect roofs; install gutters; install insulation material; install roof flashing; interpret 2D plans,2013,339.44,2017,377.77,0.11292128211171336,2013,433.804,2024,2944.734,5.788167006297775,FALSE
GHA,Ghana,71,"Building and related trades workers, excluding electricians",712,Building finishers and related trades workers,7122,Floor layers and tile setters,4,0.11520213049441053,0,0,follow health and safety procedures in construction; inspect construction supplies; transport construction supplies; use measurement instruments; work ergonomically; interpret 2D plans; interpret 3D plans; lay underlayment; apply floor adhesive; create floor plan template,2013,339.44,2017,377.77,0.11292128211171336,2013,433.804,2024,2944.734,5.788167006297775,FALSE
GHA,Ghana,71,"Building and related trades workers, excluding electricians",712,Building finishers and related trades workers,7123,Plasterers,2,0.11520213049441053,0,0,follow health and safety procedures in construction; inspect construction supplies; place drywall; transport construction supplies; use measurement instruments; work ergonomically; apply adhesive wall coating; apply proofing membranes; clean painting equipment; cut wall chases,2013,339.44,2017,377.77,0.11292128211171336,2013,433.804,2024,2944.734,5.788167006297775,FALSE
GHA,Ghana,71,"Building and related trades workers, excluding electricians",712,Building finishers and related trades workers,7124,Insulation workers,1,0.11520213049441053,0,0,airtight construction; apply adhesive wall coating; apply house wrap; apply insulation strips; apply proofing membranes; cut insulation material to size; energy conservation; environmental indoor quality; follow health and safety procedures in construction; follow safety procedures when working at heights,2013,339.44,2017,377.77,0.11292128211171336,2013,433.804,2024,2944.734,5.788167006297775,FALSE
GHA,Ghana,71,"Building and related trades workers, excluding electricians",712,Building finishers and related trades workers,7125,Glaziers,2,0.11520213049441053,0,0,adjust glass sheets; apply health and safety standards; apply primer; clean vehicle exterior; cut glass; examine damaged windshields; follow health and safety procedures in construction; handle broken glass sheets; inspect construction supplies; inspect glass sheet,2013,339.44,2017,377.77,0.11292128211171336,2013,433.804,2024,2944.734,5.788167006297775,FALSE
GHA,Ghana,71,"Building and related trades workers, excluding electricians",712,Building finishers and related trades workers,7126,Plumbers and pipe fitters,14,0.11520213049441053,0.006493506493506495,0,use measurement instruments; follow health and safety procedures in construction; apply health and safety standards; inspect construction supplies; use safety equipment in construction; work ergonomically; check water pressure; detect flaws in pipeline infrastructure; inspect pipelines; lay pipe installation,2013,339.44,2017,377.77,0.11292128211171336,2013,433.804,2024,2944.734,5.788167006297775,FALSE
GHA,Ghana,71,"Building and related trades workers, excluding electricians",712,Building finishers and related trades workers,7127,Air conditioning and refrigeration mechanics,1,0.11520213049441053,0,0,"apply proofing membranes; conduct routine machinery checks; consult technical resources; domestic cooling systems; electric heating systems; electrical wiring plans; electricity; fluid mechanics; heating, ventilation, air conditioning and refrigeration parts; hydraulics",2013,339.44,2017,377.77,0.11292128211171336,2013,433.804,2024,2944.734,5.788167006297775,FALSE
GHA,Ghana,71,"Building and related trades workers, excluding electricians",713,"Painters, building structure cleaners and related trades workers",7131,Painters and related workers,3,0.14748897100146108,0,0,clean painting equipment; dispose of hazardous waste; dispose of non-hazardous waste; follow health and safety procedures in construction; inspect construction supplies; protect surfaces during construction work; remove paint; snap chalk line; transport construction supplies; types of paint,2013,339.44,2017,377.77,0.11292128211171336,2013,433.804,2024,2944.734,5.788167006297775,FALSE
GHA,Ghana,71,"Building and related trades workers, excluding electricians",713,"Painters, building structure cleaners and related trades workers",7132,Spray painters and varnishers,3,0.14748897100146108,0,0,ensure equipment availability; quality standards; apply health and safety standards; apply preliminary treatment to workpieces; apply spraying techniques; dispose of hazardous waste; health and safety in the workplace; keep records of work progress; lacquer paint applications; remove inadequate workpieces,2013,339.44,2017,377.77,0.11292128211171336,2013,433.804,2024,2944.734,5.788167006297775,FALSE
GHA,Ghana,71,"Building and related trades workers, excluding electricians",713,"Painters, building structure cleaners and related trades workers",7133,Building structure cleaners,5,0.14748897100146108,0,0,assess contamination; avoid contamination; remove contaminants; use personal protection equipment; check chimney's conditions; cleaning industry health and safety measures; contamination exposure regulations; disinfect surfaces; domestic heating systems; enforce safety procedures when working at heights,2013,339.44,2017,377.77,0.11292128211171336,2013,433.804,2024,2944.734,5.788167006297775,FALSE
GHA,Ghana,72,"Metal, machinery and related trades workers",721,"Sheet and structural metal workers, moulders and welders, and related workers",7211,Metal moulders and coremakers,4,0.01130206012488514,0,0,troubleshoot; assemble metal parts; construct moulds; ensure mould uniformity; fill moulds; handle metal work orders; insert mould structures; maintain moulds; move filled moulds; repair mould defects,2013,168.938,2017,206.773,0.2239579017154223,2013,433.804,2024,2944.734,5.788167006297775,TRUE
GHA,Ghana,72,"Metal, machinery and related trades workers",721,"Sheet and structural metal workers, moulders and welders, and related workers",7212,Welders and flamecutters,8,0.01130206012488514,0.05226474305421673,0,ensure equipment availability; operate welding equipment; types of metal; apply precision metalworking techniques; ensure correct metal temperature; monitor gauge; perform test run; quality standards; remove processed workpiece; wear appropriate protective gear,2013,168.938,2017,206.773,0.2239579017154223,2013,433.804,2024,2944.734,5.788167006297775,FALSE
GHA,Ghana,72,"Metal, machinery and related trades workers",721,"Sheet and structural metal workers, moulders and welders, and related workers",7213,Sheet-metal workers,4,0.01130206012488514,0.020833333333333336,0,types of metal; wear appropriate protective gear; apply arc welding techniques; apply precision metalworking techniques; ensure correct metal temperature; manufacturing of heating equipment; operate precision measuring equipment; perform test run; smooth burred surfaces; align components,2013,168.938,2017,206.773,0.2239579017154223,2013,433.804,2024,2944.734,5.788167006297775,FALSE
GHA,Ghana,72,"Metal, machinery and related trades workers",721,"Sheet and structural metal workers, moulders and welders, and related workers",7214,Structural-metal preparers and erectors,4,0.01130206012488514,0,0,align components; apply health and safety standards; follow health and safety procedures in construction; prepare pieces for joining; rivet types; types of metal; use power tools; use safety equipment in construction; adjust engineering designs; apply arc welding techniques,2013,168.938,2017,206.773,0.2239579017154223,2013,433.804,2024,2944.734,5.788167006297775,FALSE
GHA,Ghana,72,"Metal, machinery and related trades workers",721,"Sheet and structural metal workers, moulders and welders, and related workers",7215,Riggers and cable splicers,7,0.01130206012488514,0.019789734075448363,0,work ergonomically; follow safety procedures when working at heights; use personal protection equipment; use technical documentation; work safely with machines; work with respect for own safety; assemble performance equipment; assemble truss constructions; organise resources for artistic production; store performance equipment,2013,168.938,2017,206.773,0.2239579017154223,2013,433.804,2024,2944.734,5.788167006297775,FALSE
GHA,Ghana,72,"Metal, machinery and related trades workers",722,"Blacksmiths, toolmakers and related trades workers",7221,"Blacksmiths, hammersmiths and forging press workers",5,0.01545513066338908,0.058333333333333334,0,ensure correct metal temperature; forging processes; types of metal; wear appropriate protective gear; ensure equipment availability; monitor automated machines; perform test run; quality standards; remove inadequate workpieces; remove processed workpiece,2013,168.938,2017,206.773,0.2239579017154223,2013,433.804,2024,2944.734,5.788167006297775,FALSE
GHA,Ghana,72,"Metal, machinery and related trades workers",722,"Blacksmiths, toolmakers and related trades workers",7222,Toolmakers and related workers,5,0.01545513066338908,0.06153846153846153,0,consult technical resources; maintain customer service; mechanics; operate precision measuring equipment; perform test run; precision mechanics; read standard blueprints; accurise guns; adjust cut sizes; apply bluing techniques,2013,168.938,2017,206.773,0.2239579017154223,2013,433.804,2024,2944.734,5.788167006297775,FALSE
GHA,Ghana,72,"Metal, machinery and related trades workers",722,"Blacksmiths, toolmakers and related trades workers",7223,Metal working machine tool setters and operators,34,0.01545513066338908,0.13135154061014717,0,remove processed workpiece; supply machine; remove inadequate workpieces; ensure equipment availability; monitor automated machines; quality standards; perform test run; troubleshoot; types of metal; set up the controller of a machine,2013,168.938,2017,206.773,0.2239579017154223,2013,433.804,2024,2944.734,5.788167006297775,FALSE
GHA,Ghana,72,"Metal, machinery and related trades workers",722,"Blacksmiths, toolmakers and related trades workers",7224,"Metal polishers, wheel grinders and tool sharpeners",2,0.01545513066338908,0.06904761904761905,0,ensure equipment availability; quality standards; remove inadequate workpieces; remove processed workpiece; apply polishing lubricants; apply precision metalworking techniques; buffing motions; consult technical resources; cutting technologies; dispose of cutting waste material,2013,168.938,2017,206.773,0.2239579017154223,2013,433.804,2024,2944.734,5.788167006297775,FALSE
GHA,Ghana,72,"Metal, machinery and related trades workers",723,Machinery mechanics and repairers,7231,Motor vehicle mechanics and repairers,10,0.01611311173153204,0.01859774212715389,0,car controls; perform technical tasks with great care; types of vehicles; apply health and safety standards; maintain work area cleanliness; perform manual work autonomously; carry out repairs and maintenance of vehicle bodies; execute working instructions; follow procedures to control substances hazardous to health; identify vehicles service requirements,2013,168.938,2017,206.773,0.2239579017154223,2013,433.804,2024,2944.734,5.788167006297775,FALSE
GHA,Ghana,72,"Metal, machinery and related trades workers",723,Machinery mechanics and repairers,7232,Aircraft engine mechanics and repairers,5,0.01611311173153204,0.04617405582922825,0,use technical documentation; aircraft mechanics; common aviation safety regulations; mechanics; read engineering drawings; read standard blueprints; wear appropriate protective gear; airport safety regulations; electromechanics; engine components,2013,168.938,2017,206.773,0.2239579017154223,2013,433.804,2024,2944.734,5.788167006297775,FALSE
GHA,Ghana,72,"Metal, machinery and related trades workers",723,Machinery mechanics and repairers,7233,Agricultural and industrial machinery mechanics and repairers,17,0.01611311173153204,0.03063725490196078,0,mechanics; conduct routine machinery checks; operate soldering equipment; resolve equipment malfunctions; perform test run; use testing equipment; consult technical resources; record test data; read standard blueprints; troubleshoot,2013,168.938,2017,206.773,0.2239579017154223,2013,433.804,2024,2944.734,5.788167006297775,FALSE
GHA,Ghana,72,"Metal, machinery and related trades workers",723,Machinery mechanics and repairers,7234,Bicycle and related repairers,1,0.01611311173153204,0,0,apply company policies; assemble bicycles; bicycle mechanics; maintain braking system; maintain customer service; maintain equipment; maintain work area cleanliness; perform repairs on bicycles; purchase supplies; replace defect components,2013,168.938,2017,206.773,0.2239579017154223,2013,433.804,2024,2944.734,5.788167006297775,FALSE
GHA,Ghana,73,Handicraft and printing workers,731,Handicraft workers,7311,Precision-instrument makers and repairers,6,0.01271097259454932,0.015716374269005847,0,operate precision measuring equipment; quality standards; use precision tools; attach clock cases; attach clock dials; attach clock hands; blueprints; components of clocks; cut glass; ensure conformity to specifications,2013,87.245,2017,75.251,-0.13747492692991,2013,433.804,2024,2944.734,5.788167006297775,TRUE
GHA,Ghana,73,Handicraft and printing workers,731,Handicraft workers,7312,Musical instrument makers and tuners,13,0.01271097259454932,0.002958579881656804,0,maintain musical instruments; repair musical instruments; assemble musical instrument parts; musical instruments; musical instruments materials; apply a protective layer; create musical instrument parts; tuning techniques; metalworking; decorate musical instruments,2013,87.245,2017,75.251,-0.13747492692991,2013,433.804,2024,2944.734,5.788167006297775,FALSE
GHA,Ghana,73,Handicraft and printing workers,731,Handicraft workers,7313,Jewellery and precious-metal workers,10,0.01271097259454932,0,0,jewellery processes; use jewellery equipment; clean jewellery pieces; ensure conformance to jewel design specifications; create jewellery; mount stones in jewels; adjust jewellery; heat jewellery metals; select gems for jewellery; select metals for jewellery,2013,87.245,2017,75.251,-0.13747492692991,2013,433.804,2024,2944.734,5.788167006297775,FALSE
GHA,Ghana,73,Handicraft and printing workers,731,Handicraft workers,7314,Potters and related workers,3,0.01271097259454932,0.05555555555555555,0,types of pottery material; extract products from moulds; inspect quality of products; materials in porcelain manufacturing; materials used in stoneware manufacturing; quality standards; adjust clay burning level; apply glaze coating; ceramics glazes; conform with clay thickness,2013,87.245,2017,75.251,-0.13747492692991,2013,433.804,2024,2944.734,5.788167006297775,FALSE
GHA,Ghana,73,Handicraft and printing workers,731,Handicraft workers,7315,"Glass makers, cutters, grinders and finishers",2,0.01271097259454932,0.0625,0,cut glass; manipulate glass; adjust glass sheets; consult technical resources; create artwork; design objects to be crafted; design stained glass; ensure equipment availability; feed mirror machine; inspect glass sheet,2013,87.245,2017,75.251,-0.13747492692991,2013,433.804,2024,2944.734,5.788167006297775,FALSE
GHA,Ghana,73,Handicraft and printing workers,731,Handicraft workers,7316,"Sign writers, decorative painters, engravers and etchers",8,0.01271097259454932,0.01785714285714286,0,articulate artistic proposal; contextualise artistic work; create artwork; create original paintings; create sketches; develop visual elements; gather reference materials for artwork; intellectual property law; select artistic materials to create artworks; submit preliminary artwork,2013,87.245,2017,75.251,-0.13747492692991,2013,433.804,2024,2944.734,5.788167006297775,FALSE
GHA,Ghana,73,Handicraft and printing workers,731,Handicraft workers,7317,"Handicraft workers in wood, basketry and related materials",6,0.01271097259454932,0.01388888888888889,0,apply a protective layer; apply wood finishes; check quality of raw materials; maintain edged hand tools; manipulate wood; operate wood sawing equipment; prepare wicker material for weaving; sand wood; types of brushes; types of wood,2013,87.245,2017,75.251,-0.13747492692991,2013,433.804,2024,2944.734,5.788167006297775,FALSE
GHA,Ghana,73,Handicraft and printing workers,731,Handicraft workers,7318,"Handicraft workers in textile, leather and related materials",6,0.01271097259454932,0.024955436720142603,0,cut textiles; properties of textile materials; types of textile fibres; use textile technique for hand-made products; control textile process; manufacture textile floor coverings; produce textile designs; textile measurement; textile techniques; textile technologies,2013,87.245,2017,75.251,-0.13747492692991,2013,433.804,2024,2944.734,5.788167006297775,FALSE
GHA,Ghana,73,Handicraft and printing workers,731,Handicraft workers,7319,Handicraft workers not elsewhere classified,2,0.01271097259454932,0,0,advise on equipment maintenance; arrange equipment repairs; candle making techniques; construct moulds; control temperature; cool candles in baths; create solutions to problems; drip candles; dye candles; ensure conformity to specifications,2013,87.245,2017,75.251,-0.13747492692991,2013,433.804,2024,2944.734,5.788167006297775,FALSE
GHA,Ghana,73,Handicraft and printing workers,732,Printing trades workers,7321,Pre-press technicians,7,0.00303562285129105,0.38445251471595443,0,follow safety precautions in printing; printing techniques; Adobe Illustrator; Adobe Photoshop; GIMP (graphics editor software); Microsoft Visio; SketchBook Pro; Synfig; graphics editor software; lay out digital written content,2013,87.245,2017,75.251,-0.13747492692991,2013,433.804,2024,2944.734,5.788167006297775,FALSE
GHA,Ghana,73,Handicraft and printing workers,732,Printing trades workers,7322,Printers,10,0.00303562285129105,0.19079710494184177,0,follow safety precautions in printing; quality standards; supply machine; follow production schedule; monitor automated machines; perform test run; set up the controller of a machine; troubleshoot; printing on large scale machines; printing techniques,2013,87.245,2017,75.251,-0.13747492692991,2013,433.804,2024,2944.734,5.788167006297775,FALSE
GHA,Ghana,73,Handicraft and printing workers,732,Printing trades workers,7323,Print finishing and binding workers,4,0.00303562285129105,0.10952380952380952,0,monitor automated machines; quality standards; supply machine; troubleshoot; adjust cut sizes; follow production schedule; follow safety precautions in printing; lift stacks of paper; perform test run; set up machine controls,2013,87.245,2017,75.251,-0.13747492692991,2013,433.804,2024,2944.734,5.788167006297775,FALSE
GHA,Ghana,74,Electrical and electronic trades workers,741,Electrical equipment installers and repairers,7411,Building and related electricians,7,0.06502773427562798,0.03818018435444353,0,electrical wiring plans; electricity; inspect electrical supplies; install electrical and electronic equipment; follow health and safety procedures in construction; use measurement instruments; work ergonomically; building systems monitoring technology; install electric switches; install electricity sockets,2013,91.484,2017,131.73,0.43992392112281925,2013,433.804,2024,2944.734,5.788167006297775,TRUE
GHA,Ghana,74,Electrical and electronic trades workers,741,Electrical equipment installers and repairers,7412,Electrical mechanics and fitters,13,0.06502773427562798,0.03479460921709076,0,electricity; electronics; mechanics; troubleshoot; apply health and safety standards; electrical wiring plans; wear appropriate protective gear; maintain electrical equipment; perform test run; read standard blueprints,2013,91.484,2017,131.73,0.43992392112281925,2013,433.804,2024,2944.734,5.788167006297775,FALSE
GHA,Ghana,74,Electrical and electronic trades workers,741,Electrical equipment installers and repairers,7413,Electrical line installers and repairers,4,0.06502773427562798,0,0,electric current; electrical discharge; electrical power safety regulations; inspect underground power cables; install power lines; repair underground power cables; transmission towers; wear appropriate protective gear; work ergonomically; electricity,2013,91.484,2017,131.73,0.43992392112281925,2013,433.804,2024,2944.734,5.788167006297775,FALSE
GHA,Ghana,74,Electrical and electronic trades workers,742,Electronics and telecommunications installers and repairers,7421,Electronics mechanics and servicers,9,0.01465056716826975,0.19586551630568322,0,electronics; electrical wiring plans; maintain customer service; apply company policies; apply health and safety standards; create solutions to problems; maintain equipment; provide customer follow-up services; provide customer information related to repairs; repair equipment on site,2013,91.484,2017,131.73,0.43992392112281925,2013,433.804,2024,2944.734,5.788167006297775,FALSE
GHA,Ghana,74,Electrical and electronic trades workers,742,Electronics and telecommunications installers and repairers,7422,Information and communications technology installers and servicers,9,0.01465056716826975,0.4239486557856011,0,install electronic communication equipment; use repair manuals; electronics; install low voltage wiring; operate two-way radio systems; perform test run; repair wiring; solder electronics; ICT communications protocols; ICT network cable limitations,2013,91.484,2017,131.73,0.43992392112281925,2013,433.804,2024,2944.734,5.788167006297775,FALSE
GHA,Ghana,75,"Food processing, wood working, garment and other craft and related trades workers",751,Food processing and related trades workers,7511,"Butchers, fishmongers and related food preparers",10,0.04821580473725603,0,0,apply GMP; apply HACCP; ensure sanitation; apply requirements concerning manufacturing of food and beverages; mark differences in colours; tolerate strong smells; animal anatomy for food production; process livestock organs; maintain cutting equipment; split animal carcasses,2013,803.078,2017,1260.068,0.5690480874834076,2013,433.804,2024,2944.734,5.788167006297775,TRUE
GHA,Ghana,75,"Food processing, wood working, garment and other craft and related trades workers",751,Food processing and related trades workers,7512,"Bakers, pastry-cooks and confectionery makers",5,0.04821580473725603,0,0,apply GMP; apply HACCP; apply requirements concerning manufacturing of food and beverages; care for food aesthetic; ensure correct use of bakery equipment; knead food products; monitor temperature in farinaceous processes; operate mixing of food products; work according to recipe; administer ingredients in food production,2013,803.078,2017,1260.068,0.5690480874834076,2013,433.804,2024,2944.734,5.788167006297775,FALSE
GHA,Ghana,75,"Food processing, wood working, garment and other craft and related trades workers",751,Food processing and related trades workers,7513,Dairy-products makers,2,0.04821580473725603,0,0,apply requirements concerning manufacturing of food and beverages; dairy manufacturing specifications; follow hygienic procedures during food processing; food safety principles; adhere to organisational guidelines; administer ingredients in food production; analyse characteristics of food products at reception; apply GMP; apply HACCP; be at ease in unsafe environments,2013,803.078,2017,1260.068,0.5690480874834076,2013,433.804,2024,2944.734,5.788167006297775,FALSE
GHA,Ghana,75,"Food processing, wood working, garment and other craft and related trades workers",751,Food processing and related trades workers,7514,"Fruit, vegetable and related preservers",2,0.04821580473725603,0,0,apply GMP; apply HACCP; apply requirements concerning manufacturing of food and beverages; clean waste materials from machines; crush seeds; manage moisture of seeds; oil seed process; pump products; tend equipment for oil extraction; tend mixing oil machine,2013,803.078,2017,1260.068,0.5690480874834076,2013,433.804,2024,2944.734,5.788167006297775,FALSE
GHA,Ghana,75,"Food processing, wood working, garment and other craft and related trades workers",751,Food processing and related trades workers,7515,Food and beverage tasters and graders,5,0.04821580473725603,0.016666666666666666,0,apply requirements concerning manufacturing of food and beverages; apply GMP; apply HACCP; food and beverage industry; perform sensory evaluation of food products; coffee characteristics; evaluate coffee characteristics; grade coffee beans; handle flammable substances; mitigate waste of resources,2013,803.078,2017,1260.068,0.5690480874834076,2013,433.804,2024,2944.734,5.788167006297775,FALSE
GHA,Ghana,75,"Food processing, wood working, garment and other craft and related trades workers",751,Food processing and related trades workers,7516,Tobacco preparers and tobacco products makers,3,0.04821580473725603,0,0,apply GMP; apply HACCP; apply requirements concerning manufacturing of food and beverages; assess nicotine levels in tobacco leaves; assess sugar levels in tobacco leaves; assess the colour curing of tobacco leaves; curing methods for tobacco leaves; manufacturing of smoked tobacco products; manufacturing of smokeless tobacco products; variety of tobacco leaves,2013,803.078,2017,1260.068,0.5690480874834076,2013,433.804,2024,2944.734,5.788167006297775,FALSE
GHA,Ghana,75,"Food processing, wood working, garment and other craft and related trades workers",752,"Wood treaters, cabinet-makers and related trades workers",7521,Wood treaters,2,0.02627546711371912,0.03333333333333333,0,stack timber; types of wood; wear appropriate protective gear; wood moisture content; acclimatise timber; apply wood kiln drying technologies; clean wood surface; construction products; control kiln firing; dry wood,2013,803.078,2017,1260.068,0.5690480874834076,2013,433.804,2024,2944.734,5.788167006297775,FALSE
GHA,Ghana,75,"Food processing, wood working, garment and other craft and related trades workers",752,"Wood treaters, cabinet-makers and related trades workers",7522,Cabinet-makers and related workers,6,0.02627546711371912,0.04189814814814815,0,apply a protective layer; sand wood; create smooth wood surface; types of wood; clean wood surface; join wood elements; operate wood sawing equipment; technical drawings; apply wood finishes; create furniture frames,2013,803.078,2017,1260.068,0.5690480874834076,2013,433.804,2024,2944.734,5.788167006297775,FALSE
GHA,Ghana,75,"Food processing, wood working, garment and other craft and related trades workers",752,"Wood treaters, cabinet-makers and related trades workers",7523,Woodworking-machine tool setters and operators,6,0.02627546711371912,0.0952959077959078,0,quality standards; work safely with machines; monitor automated machines; remove inadequate workpieces; remove processed workpiece; set up the controller of a machine; supply machine; types of wood; wear appropriate protective gear; dispose of cutting waste material,2013,803.078,2017,1260.068,0.5690480874834076,2013,433.804,2024,2944.734,5.788167006297775,FALSE
GHA,Ghana,75,"Food processing, wood working, garment and other craft and related trades workers",753,Garment and related trades workers,7531,"Tailors, dressmakers, furriers and hatters",6,0.03390955403762691,0.031512605042016806,0,sew pieces of fabric; cut fabrics; distinguish accessories; distinguish fabrics; manufacture wearing apparel products; adapt to artists' creative demands; alter wearing apparel; apparel manufacturing technology; buttonholing; design wearing apparel,2013,803.078,2017,1260.068,0.5690480874834076,2013,433.804,2024,2944.734,5.788167006297775,FALSE
GHA,Ghana,75,"Food processing, wood working, garment and other craft and related trades workers",753,Garment and related trades workers,7532,Garment and related pattern-makers and cutters,7,0.03390955403762691,0.19563492063492063,0,CAD for garment manufacturing; create patterns for garments; make technical drawings of fashion pieces; standard sizing systems for clothing; coordinate manufacturing production activities; distinguish accessories; distinguish fabrics; grade patterns for wearing apparel; manufacturing of wearing apparel; prepare production prototypes,2013,803.078,2017,1260.068,0.5690480874834076,2013,433.804,2024,2944.734,5.788167006297775,FALSE
GHA,Ghana,75,"Food processing, wood working, garment and other craft and related trades workers",753,Garment and related trades workers,7533,"Sewing, embroidery and related workers",5,0.03390955403762691,0.04038461538461539,0,apparel manufacturing technology; decorate textile articles; distinguish accessories; distinguish fabrics; manufacture wearing apparel products; manufacturing of made-up textile articles; manufacturing of wearing apparel; operate garment manufacturing machines; sew pieces of fabric; sew textile-based articles,2013,803.078,2017,1260.068,0.5690480874834076,2013,433.804,2024,2944.734,5.788167006297775,FALSE
GHA,Ghana,75,"Food processing, wood working, garment and other craft and related trades workers",753,Garment and related trades workers,7534,Upholsterers and related workers,7,0.03390955403762691,0,0,fasten components; upholstery tools; align components; apply health and safety standards; apply preliminary treatment to workpieces; quality standards; read engineering drawings; read standard blueprints; troubleshoot; use power tools,2013,803.078,2017,1260.068,0.5690480874834076,2013,433.804,2024,2944.734,5.788167006297775,FALSE
GHA,Ghana,75,"Food processing, wood working, garment and other craft and related trades workers",753,Garment and related trades workers,7535,"Pelt dressers, tanners and fellmongers",2,0.03390955403762691,0.05,0,adapt to changing situations; execute working instructions; identify with the company's goals; physico-chemical properties of hides and skins; use communication techniques; work in textile manufacturing teams; apply colouring recipes; differentiate nuance of colours; identify defects on raw hides; leather chemistry,2013,803.078,2017,1260.068,0.5690480874834076,2013,433.804,2024,2944.734,5.788167006297775,FALSE
GHA,Ghana,75,"Food processing, wood working, garment and other craft and related trades workers",753,Garment and related trades workers,7536,Shoemakers and related workers,13,0.03390955403762691,0.05090326340326341,0,footwear quality; footwear components; footwear materials; apply stitching techniques; footwear manufacturing technology; apply pre-stitching techniques; apply assembling techniques for cemented footwear construction; apply basic rules of maintenance to leather goods and footwear machinery; apply footwear finishing techniques; create patterns for footwear,2013,803.078,2017,1260.068,0.5690480874834076,2013,433.804,2024,2944.734,5.788167006297775,FALSE
GHA,Ghana,75,"Food processing, wood working, garment and other craft and related trades workers",754,Other craft and related workers,7541,Underwater divers,3,0.02737551453457856,0,0,maintain diving equipment; check diving equipment; comply with legal requirements for diving operations; comply with the planned time for the depth of the dive; diving equipment; diving operation requirements; implement dive plans; interrupt diving operations when necessary; perform diving interventions; apply crisis management,2013,803.078,2017,1260.068,0.5690480874834076,2013,433.804,2024,2944.734,5.788167006297775,FALSE
GHA,Ghana,75,"Food processing, wood working, garment and other craft and related trades workers",754,Other craft and related workers,7542,Shotfirers and blasters,1,0.02737551453457856,0,0,check borehole depth; connect blasting circuit; electricity; examine area after blast; examine prospective blast area; explosives; follow health and safety procedures in construction; handle explosives; insert charges into drill holes; make independent operating decisions,2013,803.078,2017,1260.068,0.5690480874834076,2013,433.804,2024,2944.734,5.788167006297775,FALSE
GHA,Ghana,75,"Food processing, wood working, garment and other craft and related trades workers",754,Other craft and related workers,7543,Product graders and testers (excluding foods and beverages),28,0.02737551453457856,0.03445437948008714,0,inspect quality of products; quality assurance procedures; quality standards; conduct performance tests; monitor manufacturing quality standards; operate precision measuring equipment; read standard blueprints; use testing equipment; create solutions to problems; manage health and safety standards,2013,803.078,2017,1260.068,0.5690480874834076,2013,433.804,2024,2944.734,5.788167006297775,FALSE
GHA,Ghana,75,"Food processing, wood working, garment and other craft and related trades workers",754,Other craft and related workers,7544,Fumigators and other pest and weed controllers,2,0.02737551453457856,0,0,European pesticide legislation; chemical products; herbicides; pesticides; safe use of pesticides; spray pesticides; use personal protection equipment; agricultural chemicals; clean equipment; communicate with customers,2013,803.078,2017,1260.068,0.5690480874834076,2013,433.804,2024,2944.734,5.788167006297775,FALSE
GHA,Ghana,81,Stationary plant and machine operators,811,Mining and mineral processing plant operators,8111,Miners and quarriers,5,0.0270231657831206,0,0,troubleshoot; address problems critically; impact of geological factors on mining operations; operate mining tools; perform minor repairs to equipment; work ergonomically; health and safety hazards underground; operate hydraulic pumps; check borehole depth; chemistry,2013,114.189,2017,202.373,0.772263528010579,2013,644.866,2024,2594.554,3.0234002102762436,TRUE
GHA,Ghana,81,Stationary plant and machine operators,811,Mining and mineral processing plant operators,8112,Mineral and stone processing plant operators,4,0.0270231657831206,0.017857142857142856,0,troubleshoot; maneuver stone blocks; quality standards; supply machine; types of stone for working; measure materials; remove processed workpiece; supply machine with appropriate tools; collect samples; conduct inter-shift communication,2013,114.189,2017,202.373,0.772263528010579,2013,644.866,2024,2594.554,3.0234002102762436,FALSE
GHA,Ghana,81,Stationary plant and machine operators,811,Mining and mineral processing plant operators,8113,Well drillers and borers and related workers,9,0.0270231657831206,0,0,mechanics; react to events in time-critical environments; use rigging equipment; work ergonomically; work in drilling teams; connect oil well heads; guide drill pipes; inspect water wells; install oil rig; keep task records,2013,114.189,2017,202.373,0.772263528010579,2013,644.866,2024,2594.554,3.0234002102762436,FALSE
GHA,Ghana,81,Stationary plant and machine operators,811,Mining and mineral processing plant operators,8114,"Cement, stone and other mineral products machine operators",8,0.0270231657831206,0.02361111111111111,0,maintain moulds; supply machine; apply health and safety standards; cast concrete sections; discharge cement; feed concrete mixer; follow standards for machinery safety; measure materials; mix concrete; operate concrete casting machine,2013,114.189,2017,202.373,0.772263528010579,2013,644.866,2024,2594.554,3.0234002102762436,FALSE
GHA,Ghana,81,Stationary plant and machine operators,812,Metal processing and finishing plant operators,8121,Metal processing plant operators,7,0.01545588405239368,0.10209583833533413,0,monitor automated machines; quality standards; supply machine; troubleshoot; ensure equipment availability; monitor moving workpiece in a machine; perform test run; remove inadequate workpieces; remove processed workpiece; set up the controller of a machine,2013,114.189,2017,202.373,0.772263528010579,2013,644.866,2024,2594.554,3.0234002102762436,FALSE
GHA,Ghana,81,Stationary plant and machine operators,812,Metal processing and finishing plant operators,8122,"Metal finishing, plating and coating machine operators",12,0.01545588405239368,0.032667555326224056,0,ensure equipment availability; quality standards; remove inadequate workpieces; remove processed workpiece; wear appropriate protective gear; supply machine; types of metal; smooth burred surfaces; troubleshoot; health and safety in the workplace,2013,114.189,2017,202.373,0.772263528010579,2013,644.866,2024,2594.554,3.0234002102762436,FALSE
GHA,Ghana,81,Stationary plant and machine operators,813,Chemical and photographic products plant and machine operators,8131,Chemical products plant and machine operators,30,0.06593899038113922,0.01353091353091353,0,optimise production processes parameters; monitor valves; prepare chemical samples; write batch record documentation; measure chemical substance viscosity; troubleshoot; apply health and safety standards; control temperature; transfer chemicals; wear appropriate protective gear,2013,114.189,2017,202.373,0.772263528010579,2013,644.866,2024,2594.554,3.0234002102762436,FALSE
GHA,Ghana,81,Stationary plant and machine operators,813,Chemical and photographic products plant and machine operators,8132,Photographic products machine operators,2,0.06593899038113922,0.07738095238095238,0,develop film; handle chemicals; identify customer's needs; monitor film development baths; mount photographic film in processing machine; photographic processing techniques; post-processing of photographs; quality standards; remove film negatives from processing machine; remove photographic film from camera,2013,114.189,2017,202.373,0.772263528010579,2013,644.866,2024,2594.554,3.0234002102762436,FALSE
GHA,Ghana,81,Stationary plant and machine operators,814,"Rubber, plastic and paper products machine operators",8141,Rubber products machine operators,12,0.02013798876118745,0,0,measure materials; use personal protection equipment; operate latex transfer pump; optimise production processes parameters; process latex mixtures; adjust the rubber machines; analyse latex samples; apply health and safety standards; avoid contamination; bond rubber plies,2013,114.189,2017,202.373,0.772263528010579,2013,644.866,2024,2594.554,3.0234002102762436,FALSE
GHA,Ghana,81,Stationary plant and machine operators,814,"Rubber, plastic and paper products machine operators",8142,Plastic products machine operators,15,0.02013798876118745,0.11089698972051913,0,quality standards; set up the controller of a machine; troubleshoot; monitor automated machines; consult technical resources; optimise production processes parameters; use personal protection equipment; monitor gauge; supply machine; coating substances,2013,114.189,2017,202.373,0.772263528010579,2013,644.866,2024,2594.554,3.0234002102762436,FALSE
GHA,Ghana,81,Stationary plant and machine operators,814,"Rubber, plastic and paper products machine operators",8143,Paper products machine operators,8,0.02013798876118745,0.13181897759103642,0,monitor automated machines; perform test run; quality standards; supply machine; troubleshoot; wear appropriate protective gear; work safely with machines; set up the controller of a machine; monitor conveyor belt; types of paper,2013,114.189,2017,202.373,0.772263528010579,2013,644.866,2024,2594.554,3.0234002102762436,FALSE
GHA,Ghana,81,Stationary plant and machine operators,815,"Textile, fur and leather products machine operators",8151,"Fibre preparing, spinning and winding machine operators",7,0.02489694577654824,0.011904761904761904,0,tend spinning machines; measure yarn count; maintain work standards; adjust filament tension; convert textile fibres into sliver; cut filament; maintain equipment; manufacture staple yarns; set the operation speed of manufacturing machines; set up machine controls,2013,114.189,2017,202.373,0.772263528010579,2013,644.866,2024,2594.554,3.0234002102762436,FALSE
GHA,Ghana,81,Stationary plant and machine operators,815,"Textile, fur and leather products machine operators",8152,Weaving and knitting machine operators,8,0.02489694577654824,0.04261363636363637,0,control textile process; maintain work standards; evaluate textile characteristics; knitting machine technology; manufacture knitted textiles; manufacture textile floor coverings; manufacture weft knitted fabrics; measure yarn count; tend weaving machines; textile techniques,2013,114.189,2017,202.373,0.772263528010579,2013,644.866,2024,2594.554,3.0234002102762436,FALSE
GHA,Ghana,81,Stationary plant and machine operators,815,"Textile, fur and leather products machine operators",8153,Sewing machine operators,6,0.02489694577654824,0.01388888888888889,0,manufacture wearing apparel products; apparel manufacturing technology; distinguish accessories; distinguish fabrics; manufacturing of made-up textile articles; manufacturing of wearing apparel; sew textile-based articles; alter wearing apparel; coordinate manufacturing production activities; cut fabrics,2013,114.189,2017,202.373,0.772263528010579,2013,644.866,2024,2594.554,3.0234002102762436,FALSE
GHA,Ghana,81,Stationary plant and machine operators,815,"Textile, fur and leather products machine operators",8154,"Bleaching, dyeing and fabric cleaning machine operators",4,0.02489694577654824,0,0,dyeing technology; maintain work standards; textile chemistry; textile finishing technology; textile printing technology; apply colouring recipes; finish processing of man-made fibres; properties of textile materials; tend textile dyeing machines; use textile finishing machine technologies,2013,114.189,2017,202.373,0.772263528010579,2013,644.866,2024,2594.554,3.0234002102762436,FALSE
GHA,Ghana,81,Stationary plant and machine operators,815,"Textile, fur and leather products machine operators",8155,Fur and leather preparing machine operators,3,0.02489694577654824,0.023809523809523808,0,adapt to changing situations; execute working instructions; identify with the company's goals; use communication techniques; work in textile manufacturing teams; apply colouring recipes; prepare colour mixtures; spray finishing technology; apply basic rules of maintenance to leather goods and footwear machinery; characteristics of chemicals used for tanning,2013,114.189,2017,202.373,0.772263528010579,2013,644.866,2024,2594.554,3.0234002102762436,FALSE
GHA,Ghana,81,Stationary plant and machine operators,815,"Textile, fur and leather products machine operators",8156,Shoemaking and related machine operators,11,0.02489694577654824,0.05162110616656072,0,footwear components; footwear equipments; footwear machinery; footwear materials; footwear quality; footwear manufacturing technology; apply basic rules of maintenance to leather goods and footwear machinery; leather goods components; leather goods manufacturing processes; leather goods materials,2013,114.189,2017,202.373,0.772263528010579,2013,644.866,2024,2594.554,3.0234002102762436,FALSE
GHA,Ghana,81,Stationary plant and machine operators,815,"Textile, fur and leather products machine operators",8157,Laundry machine operators,3,0.02489694577654824,0,0,quality standards; collect items for laundry service; distinguish accessories; distinguish fabrics; handle linen in stock; identify cloth items; iron textiles; maintain customer service; read care labels; analyse goal progress,2013,114.189,2017,202.373,0.772263528010579,2013,644.866,2024,2594.554,3.0234002102762436,FALSE
GHA,Ghana,81,Stationary plant and machine operators,815,"Textile, fur and leather products machine operators",8159,"Textile, fur and leather products machine operators not elsewhere classified",8,0.02489694577654824,0.036616161616161616,0,control textile process; measure yarn count; properties of textile materials; braiding technology; develop specifications of technical textiles; distinguish accessories; distinguish fabrics; maintain work standards; nonwoven machine technology; sew textile-based articles,2013,114.189,2017,202.373,0.772263528010579,2013,644.866,2024,2594.554,3.0234002102762436,FALSE
GHA,Ghana,81,Stationary plant and machine operators,816,Food and related products machine operators,8160,Food and related products machine operators,55,0.05091408691222567,0.003533889620846141,0,apply GMP; apply HACCP; apply requirements concerning manufacturing of food and beverages; adhere to organisational guidelines; be at ease in unsafe environments; clean food and beverage machinery; carry out checks of production plant equipment; follow hygienic procedures during food processing; collect samples for analysis; ensure sanitation,2013,114.189,2017,202.373,0.772263528010579,2013,644.866,2024,2594.554,3.0234002102762436,FALSE
GHA,Ghana,81,Stationary plant and machine operators,817,Wood processing and papermaking plant operators,8171,Pulp and papermaking plant operators,8,0.04680097235478809,0.13195031555132172,0,set up the controller of a machine; wear appropriate protective gear; work safely with machines; monitor automated machines; quality standards; supply machine; types of pulp; troubleshoot; types of paper; concentrate pulp slurry,2013,114.189,2017,202.373,0.772263528010579,2013,644.866,2024,2594.554,3.0234002102762436,FALSE
GHA,Ghana,81,Stationary plant and machine operators,817,Wood processing and papermaking plant operators,8172,Wood processing plant operators,11,0.04680097235478809,0.0850753524550316,0,supply machine; troubleshoot; wear appropriate protective gear; work safely with machines; perform test run; quality standards; types of wood; adjust cut sizes; dispose of cutting waste material; remove inadequate workpieces,2013,114.189,2017,202.373,0.772263528010579,2013,644.866,2024,2594.554,3.0234002102762436,FALSE
GHA,Ghana,81,Stationary plant and machine operators,818,Other stationary plant and machine operators,8181,Glass and ceramics plant operators,12,0.05775032185448479,0.044152212166918045,0,optimise production processes parameters; measure materials; observe products' behaviour under processing conditions; inspect quality of products; monitor automated machines; quality standards; set up the controller of a machine; troubleshoot; consult technical resources; maintain furnace temperature,2013,114.189,2017,202.373,0.772263528010579,2013,644.866,2024,2594.554,3.0234002102762436,FALSE
GHA,Ghana,81,Stationary plant and machine operators,818,Other stationary plant and machine operators,8182,Steam engine and boiler operators,2,0.05775032185448479,0.041666666666666664,0,"monitor valves; adjust cylinder valves; conduct routine machinery checks; control steam flows; domestic cooling systems; heating, ventilation, air conditioning and refrigeration parts; hydraulics; mechanics; monitor automated machines; monitor gauge",2013,114.189,2017,202.373,0.772263528010579,2013,644.866,2024,2594.554,3.0234002102762436,FALSE
GHA,Ghana,81,Stationary plant and machine operators,818,Other stationary plant and machine operators,8183,"Packing, bottling and labelling machine operators",7,0.05775032185448479,0.006802721088435372,0,apply GMP; apply HACCP; apply requirements concerning manufacturing of food and beverages; check quality of products on the production line; work in conveyor belts in food manufacturing; carry out checks of production plant equipment; check quality of raw materials; clean food and beverage machinery; dispose non-food waste within the food industry; follow hygienic procedures during food processing,2013,114.189,2017,202.373,0.772263528010579,2013,644.866,2024,2594.554,3.0234002102762436,FALSE
GHA,Ghana,81,Stationary plant and machine operators,818,Other stationary plant and machine operators,8189,Stationary plant and machine operators not elsewhere classified,2,0.05775032185448479,0.03571428571428571,0,check quality of raw materials; dispose of cutting waste material; ensure conformity to specifications; ensure public safety and security; check quality of products on the production line; consult technical resources; edge banding; maintain edge banding machinery; maintain slitting machinery; measure parts of manufactured products,2013,114.189,2017,202.373,0.772263528010579,2013,644.866,2024,2594.554,3.0234002102762436,FALSE
GHA,Ghana,82,Assemblers,821,Assemblers,8211,Mechanical machinery assemblers,11,0.01819938293611257,0.02183111006640418,0,align components; quality standards; read standard blueprints; troubleshoot; fasten components; mechanics; use technical documentation; apply health and safety standards; read engineering drawings; use power tools,2013,3.995,2017,3.643,-0.0881101376720902,2013,644.866,2024,2594.554,3.0234002102762436,TRUE
GHA,Ghana,82,Assemblers,821,Assemblers,8212,Electrical and electronic equipment assemblers,14,0.01819938293611257,0.05505301928864341,0,read assembly drawings; ensure conformity to specifications; meet deadlines; quality standards; report defective manufacturing materials; align components; electronics; fasten components; remove defective products; measure parts of manufactured products,2013,3.995,2017,3.643,-0.0881101376720902,2013,644.866,2024,2594.554,3.0234002102762436,FALSE
GHA,Ghana,82,Assemblers,821,Assemblers,8219,Assemblers not elsewhere classified,11,0.01819938293611257,0.028122843340234644,0,quality standards; fasten components; use technical documentation; align components; assemble metal parts; perform pre-assembly quality checks; troubleshoot; apply a protective layer; apply health and safety standards; ensure conformity to specifications,2013,3.995,2017,3.643,-0.0881101376720902,2013,644.866,2024,2594.554,3.0234002102762436,FALSE
GHA,Ghana,83,Drivers and mobile plant operators,831,Locomotive engine drivers and related workers,8311,Locomotive engine drivers,1,0,0,0,act with a high level of safety awareness; adjust weight of cargo to capacity of freight transport vehicles; check train engines; communicate with customers; control train movement; ensure maintenance of trains; ensure trains run to schedule; focus on passengers; follow signalling instructions; handle stressful situations in the work place,2013,406.86,2017,419.868,0.03197168559209551,2013,644.866,2024,2594.554,3.0234002102762436,TRUE
GHA,Ghana,83,Drivers and mobile plant operators,831,Locomotive engine drivers and related workers,8312,"Railway brake, signal and switch operators",5,0,0.042676767676767674,0,enforce railway safety regulations; execute working instructions; operate railway switches; shunt inbound loads; shunt outbound loads; apply signalling control procedures; comply with railway safety standards; cooperate with colleagues; ensure compliance with railway regulation; follow switching instructions in rail operations,2013,406.86,2017,419.868,0.03197168559209551,2013,644.866,2024,2594.554,3.0234002102762436,FALSE
GHA,Ghana,83,Drivers and mobile plant operators,832,"Car, van and motorcycle drivers",8321,Motorcycle drivers,1,0.01135488070566978,0.07692307692307693,0,act reliably; analyse travel alternatives; communicate with customers; differentiate types of packages; drive in urban areas; drive two-wheeled vehicles; ensure the integrity of mail; establish daily priorities; geographic areas; interpret traffic signals,2013,406.86,2017,419.868,0.03197168559209551,2013,644.866,2024,2594.554,3.0234002102762436,FALSE
GHA,Ghana,83,Drivers and mobile plant operators,832,"Car, van and motorcycle drivers",8322,"Car, taxi and van drivers",7,0.01135488070566978,0.06291898577612863,0,drive vehicles; interpret traffic signals; road traffic laws; assist passengers; communicate with customers; follow verbal instructions; lift heavy weights; maintain vehicle appearance; control the performance of the vehicle; drive in urban areas,2013,406.86,2017,419.868,0.03197168559209551,2013,644.866,2024,2594.554,3.0234002102762436,FALSE
GHA,Ghana,83,Drivers and mobile plant operators,833,Heavy truck and bus drivers,8331,Bus and tram drivers,3,0.05384530095698256,0.051511318114733674,0,adhere to transportation work schedule; apply conflict management; assist disable passengers; assist passengers; clean road vehicles; communicate clearly with passengers; communicate with customers; drive in urban areas; ensure vehicle operability; ensure vehicles are equipped with accessibility equipment,2013,406.86,2017,419.868,0.03197168559209551,2013,644.866,2024,2594.554,3.0234002102762436,FALSE
GHA,Ghana,83,Drivers and mobile plant operators,833,Heavy truck and bus drivers,8332,Heavy truck and lorry drivers,9,0.05384530095698256,0.03377425044091711,0,drive vehicles; manoeuvre heavy trucks; operate GPS systems; interpret traffic signals; mechanical components of vehicles; vehicle cargo capacity; anticipate foreseeable problems on the road; control the performance of the vehicle; ensure vehicle operability; health and safety measures in transportation,2013,406.86,2017,419.868,0.03197168559209551,2013,644.866,2024,2594.554,3.0234002102762436,FALSE
GHA,Ghana,83,Drivers and mobile plant operators,834,Mobile plant operators,8341,Mobile farm and forestry plant operators,3,0.05317763757088714,0,0,advise client on technical possibilities; agronomy; assess felled timber quality; assess felled timber volume; carry out routine maintenance of wood cutting machinery; crop production principles; de-limb trees; drive agricultural machines; drive timber machine; evaluate employees work,2013,406.86,2017,419.868,0.03197168559209551,2013,644.866,2024,2594.554,3.0234002102762436,FALSE
GHA,Ghana,83,Drivers and mobile plant operators,834,Mobile plant operators,8342,Earthmoving and related plant operators,10,0.05317763757088714,0.03236111111111111,0,follow health and safety procedures in construction; use safety equipment in construction; work ergonomically; prevent damage to utility infrastructure; react to events in time-critical environments; inspect construction sites; keep heavy construction equipment in good condition; mechanical systems; mechanical tools; drive mobile heavy construction equipment,2013,406.86,2017,419.868,0.03197168559209551,2013,644.866,2024,2594.554,3.0234002102762436,FALSE
GHA,Ghana,83,Drivers and mobile plant operators,834,Mobile plant operators,8343,"Crane, hoist and related plant operators",5,0.05317763757088714,0.01176470588235294,0,crane load charts; follow health and safety procedures in construction; follow safety procedures when working at heights; inspect construction sites; inspect crane equipment; interpret 2D plans; interpret 3D plans; keep heavy construction equipment in good condition; mechanical systems; operate cranes,2013,406.86,2017,419.868,0.03197168559209551,2013,644.866,2024,2594.554,3.0234002102762436,FALSE
GHA,Ghana,83,Drivers and mobile plant operators,834,Mobile plant operators,8344,Lifting truck operators,1,0.05317763757088714,0.0625,0,apply company policies; apply techniques for stacking goods into containers; carry out stock rotation; conduct forklift inspections; ensure compliance with environmental legislation; estimate distances; execute working instructions; follow procedures to control substances hazardous to health; follow signalling instructions; follow stock control instructions,2013,406.86,2017,419.868,0.03197168559209551,2013,644.866,2024,2594.554,3.0234002102762436,FALSE
GHA,Ghana,83,Drivers and mobile plant operators,835,Ships’ deck crews and related workers,8350,Ships’ deck crews and related workers,7,0.03167317083573239,0.02965684839776849,0,moor vessels; unmoor vessels; secure ships using rope; assist anchoring operations; clean parts of vessels; clean ships; follow verbal instructions; maintain vessel engine room; swim; use different types of fire extinguishers,2013,406.86,2017,419.868,0.03197168559209551,2013,644.866,2024,2594.554,3.0234002102762436,FALSE
GHA,Ghana,91,Cleaners and helpers,911,"Domestic, hotel and office cleaners and helpers",9111,Domestic cleaners and helpers,1,0.05135124486805573,0,0,clean glass surfaces; clean household linens; clean rooms; clean surfaces; clean toilet facilities; cleaning techniques; ensure cleanliness of food preparation area; handle chemical cleaning agents; iron textiles; maintain cleaning equipment,2013,48.454,2017,71.968,0.48528501258926,2013,408.541,2024,2490.373,5.095772517323843,TRUE
GHA,Ghana,91,Cleaners and helpers,911,"Domestic, hotel and office cleaners and helpers",9112,"Cleaners and helpers in offices, hotels and other establishments",6,0.05135124486805573,0,0,perform cleaning duties; clean glass surfaces; cleaning industry health and safety measures; follow organisational guidelines in the cleaning industry; handle chemical cleaning agents; maintain cleaning equipment; maintain customer service; maintain inventory of cleaning supplies; manage routine waste; inform on toilet facilities malfunctions,2013,48.454,2017,71.968,0.48528501258926,2013,408.541,2024,2490.373,5.095772517323843,FALSE
GHA,Ghana,91,Cleaners and helpers,912,"Vehicle, window, laundry and other hand cleaning workers",9121,Hand launderers and pressers,2,0.04422573743694427,0,0,alter wearing apparel; clean household linens; collect items for laundry service; comply with food safety and hygiene; coordinate manufacturing production activities; distinguish accessories; distinguish fabrics; handle linen in stock; iron textiles; maintain inventory of cleaning supplies,2013,48.454,2017,71.968,0.48528501258926,2013,408.541,2024,2490.373,5.095772517323843,FALSE
GHA,Ghana,91,Cleaners and helpers,912,"Vehicle, window, laundry and other hand cleaning workers",9122,Vehicle cleaners,1,0.04422573743694427,0,0,car cleaning procedures; car controls; clean equipment; clean vehicle engine; clean vehicle exterior; clean vehicle interiors; ensure vehicle preparation for pick-up; execute working instructions; follow procedures to control substances hazardous to health; handle chemical cleaning agents,2013,48.454,2017,71.968,0.48528501258926,2013,408.541,2024,2490.373,5.095772517323843,FALSE
GHA,Ghana,91,Cleaners and helpers,912,"Vehicle, window, laundry and other hand cleaning workers",9123,Window cleaners,1,0.04422573743694427,0,0,clean glass surfaces; cleaning industry health and safety measures; complete report sheets of activity; dispose of non-hazardous waste; follow organisational guidelines in the cleaning industry; follow procedures to control substances hazardous to health; follow reporting procedures; handle chemical cleaning agents; maintain cleaning equipment; maintain inventory of cleaning supplies,2013,48.454,2017,71.968,0.48528501258926,2013,408.541,2024,2490.373,5.095772517323843,FALSE
GHA,Ghana,91,Cleaners and helpers,912,"Vehicle, window, laundry and other hand cleaning workers",9129,Other cleaning workers,4,0.04422573743694427,0,0,clean public areas; handle chemical cleaning agents; maintain cleaning equipment; amusement park emergency procedures; apply health and safety standards; clean amusement park facilities; clean glass surfaces; clean particular areas manually; clean sewerage systems; cleaning techniques,2013,48.454,2017,71.968,0.48528501258926,2013,408.541,2024,2490.373,5.095772517323843,FALSE
GHA,Ghana,92,"Agricultural, forestry and fishery labourers",921,"Agricultural, forestry and fishery labourers",9211,Crop farm labourers,2,0.11374943663873564,0.03571428571428571,0,apply health and safety when picking; carry picking work aids; drive agricultural machines; execute fertilisation; harvest crop; harvest grapes; manage canopy; manage data; operate hand pruning equipment; participate in vine maintenance,2013,100.628,2017,131.473,0.30652502285646155,2013,408.541,2024,2490.373,5.095772517323843,TRUE
GHA,Ghana,92,"Agricultural, forestry and fishery labourers",921,"Agricultural, forestry and fishery labourers",9212,Livestock farm labourers,4,0.11374943663873564,0.015625,0,animal welfare legislation; assist animal birth; biology; control animal movement; maintain pastures; maintain the farm; animal nutrition; breed stock; breed-specific behaviour of horses; clean stalls,2013,100.628,2017,131.473,0.30652502285646155,2013,408.541,2024,2490.373,5.095772517323843,FALSE
GHA,Ghana,92,"Agricultural, forestry and fishery labourers",921,"Agricultural, forestry and fishery labourers",9213,Mixed crop and livestock farm labourers,1,0.11374943663873564,0,0,agroforestry; cultivate crops for biomass; drive agricultural machines; execute disease and pest control activities; execute fertilisation; grow plants; harvest crop; maintain storage facilities; manage crop rotation; monitor fields,2013,100.628,2017,131.473,0.30652502285646155,2013,408.541,2024,2490.373,5.095772517323843,FALSE
GHA,Ghana,92,"Agricultural, forestry and fishery labourers",921,"Agricultural, forestry and fishery labourers",9214,Garden and horticultural labourers,2,0.11374943663873564,0,0,grow plants; nurse plants; prepare planting area; propagate plants; prune plants; use gardening equipment; drive agricultural machines; execute fertilisation; handling chemical products for soil and plants; harvest crop,2013,100.628,2017,131.473,0.30652502285646155,2013,408.541,2024,2490.373,5.095772517323843,FALSE
GHA,Ghana,92,"Agricultural, forestry and fishery labourers",921,"Agricultural, forestry and fishery labourers",9215,Forestry labourers,1,0.11374943663873564,0,0,act with a high level of safety awareness; assist forest survey crew; assist tree identification; build fences; carry out aerial tree rigging; climb trees; control tree diseases; de-limb trees; execute disease and pest control activities; maintain forestry equipment,2013,100.628,2017,131.473,0.30652502285646155,2013,408.541,2024,2490.373,5.095772517323843,FALSE
GHA,Ghana,92,"Agricultural, forestry and fishery labourers",921,"Agricultural, forestry and fishery labourers",9216,Fishery and aquaculture labourers,4,0.11374943663873564,0.012195121951219513,0,collect dead fish; collect live fish; rope manipulation; assess cage water quality; carry out fish transportation; carry out preparations for fish disease specialist; collect aquatic resources; collect biological data; collect fish samples for diagnosis; collect growth rate information,2013,100.628,2017,131.473,0.30652502285646155,2013,408.541,2024,2490.373,5.095772517323843,FALSE
GHA,Ghana,93,"Labourers in mining, construction, manufacturing and transport",931,Mining and construction labourers,9311,Mining and quarrying labourers,1,0.06154909317443304,0,0,address problems critically; clean waste materials from machines; conduct inter-shift communication; dispose of non-hazardous waste; excavation techniques; handle mining plant waste; maintain records of mining operations; perform minor repairs to equipment; troubleshoot; work ergonomically,2013,209.397,2017,107.262,-0.48775770426510406,2013,408.541,2024,2490.373,5.095772517323843,TRUE
GHA,Ghana,93,"Labourers in mining, construction, manufacturing and transport",931,Mining and construction labourers,9312,Civil engineering labourers,7,0.06154909317443304,0.01098901098901099,0,follow health and safety procedures in construction; inspect construction supplies; use safety equipment in construction; work ergonomically; inspect asphalt; inspect construction sites; perform drainage work; road traffic laws; transport construction supplies; work in a construction team,2013,209.397,2017,107.262,-0.48775770426510406,2013,408.541,2024,2490.373,5.095772517323843,FALSE
GHA,Ghana,93,"Labourers in mining, construction, manufacturing and transport",931,Mining and construction labourers,9313,Building construction labourers,1,0.06154909317443304,0,0,apply finish to concrete; check compatibility of materials; dig soil mechanically; discharge cement; follow health and safety procedures in construction; inspect construction supplies; inspect masonry work; install construction profiles; install wood elements in structures; mix concrete,2013,209.397,2017,107.262,-0.48775770426510406,2013,408.541,2024,2490.373,5.095772517323843,FALSE
GHA,Ghana,93,"Labourers in mining, construction, manufacturing and transport",932,Manufacturing labourers,9321,Hand packers,2,0.01136363636363635,0,0,pack goods; clothing industry; clothing sizes; comply with checklists; decorate textile articles; ensure correct goods labelling; follow written instructions; lift heavy weights; manufacture wearing apparel products; packaging processes,2013,209.397,2017,107.262,-0.48775770426510406,2013,408.541,2024,2490.373,5.095772517323843,FALSE
GHA,Ghana,93,"Labourers in mining, construction, manufacturing and transport",932,Manufacturing labourers,9329,Manufacturing labourers not elsewhere classified,2,0.01136363636363635,0,0,clean equipment; wear appropriate protective gear; apply health and safety standards; calculate materials to build equipment; clean building floors; clean surfaces; cleaning products; cleaning techniques; ensure integrity of hull; ensure vessel compliance with regulations,2013,209.397,2017,107.262,-0.48775770426510406,2013,408.541,2024,2490.373,5.095772517323843,FALSE
GHA,Ghana,93,"Labourers in mining, construction, manufacturing and transport",933,Transport and storage labourers,9331,Hand and pedal vehicle drivers,1,0.03497142687534712,0,0,act reliably; analyse travel alternatives; communicate with customers; differentiate types of packages; drive two-wheeled vehicles; ensure the integrity of mail; geographic areas; interpret traffic signals; obey traffic rules; road traffic laws,2013,209.397,2017,107.262,-0.48775770426510406,2013,408.541,2024,2490.373,5.095772517323843,FALSE
GHA,Ghana,93,"Labourers in mining, construction, manufacturing and transport",933,Transport and storage labourers,9332,Drivers of animal-drawn vehicles and machinery,1,0.03497142687534712,0,0,animal behaviour; assist passengers; communicate with customers; drive carriage; ensure passenger comfort; focus on passengers; harness horses to carriage; obey traffic rules; road traffic laws; tolerate sitting for long periods,2013,209.397,2017,107.262,-0.48775770426510406,2013,408.541,2024,2490.373,5.095772517323843,FALSE
GHA,Ghana,93,"Labourers in mining, construction, manufacturing and transport",933,Transport and storage labourers,9333,Freight handlers,9,0.03497142687534712,0.06030408648055707,0,stack goods; lift heavy weights; apply techniques for stacking goods into containers; dispatch order processing; implement efficiency plans for logistics operations; maintain physical condition of warehouse; maintain stock control systems; manage warehouse inventory; operate forklift; operate warehouse record systems,2013,209.397,2017,107.262,-0.48775770426510406,2013,408.541,2024,2490.373,5.095772517323843,FALSE
GHA,Ghana,93,"Labourers in mining, construction, manufacturing and transport",933,Transport and storage labourers,9334,Shelf fillers,1,0.03497142687534712,0,0,assess shelf life of food products; change shelf labels; check price accuracy on the shelf; comply with food safety and hygiene; ensure stock storage safety; examine merchandise; monitor stock level; stock shelves,2013,209.397,2017,107.262,-0.48775770426510406,2013,408.541,2024,2490.373,5.095772517323843,FALSE
GHA,Ghana,94,Food preparation assistants,941,Food preparation assistants,9411,Fast food preparers,2,0.0161290322580645,0,0,"comply with food safety and hygiene; use cooking techniques; check deliveries on receipt; clean surfaces; ensure cleanliness of food preparation area; execute opening and closing procedures; greet guests; handover the food preparation area; health, safety and hygiene legislation; maintain a safe, hygienic and secure working environment",2013,30.44,2017,26.945,-0.11481603153745075,2013,408.541,2024,2490.373,5.095772517323843,TRUE
GHA,Ghana,94,Food preparation assistants,941,Food preparation assistants,9412,Kitchen helpers,2,0.0161290322580645,0,0,"carry out stock rotation; clean kitchen equipment; clean surfaces; comply with food safety and hygiene; ensure cleanliness of food preparation area; handle chemical cleaning agents; handover the food preparation area; maintain a safe, hygienic and secure working environment; work in a hospitality team; comply with standard portion sizes",2013,30.44,2017,26.945,-0.11481603153745075,2013,408.541,2024,2490.373,5.095772517323843,FALSE
GHA,Ghana,95,Street and related sales and service workers,951,Street and related service workers,9510,Street and related service workers,1,0,0,0,deliver leaflets; demonstrate professional attitude to clients; distribute local information materials; geographic areas; hand out flyers; work in outdoor conditions,2013,63.209,2017,109.609,0.7340726795234854,2013,408.541,2024,2490.373,5.095772517323843,TRUE
GHA,Ghana,95,Street and related sales and service workers,952,Street vendors (excluding food),9520,Street vendors (excluding food),1,0.0178571428571428,0,0,adapt to different weather conditions; apply health and safety standards; assist customers; carry out active selling; consumer protection; demonstrate products' features; ensure client orientation; ensure product preparation; guarantee customer satisfaction; maintain work area cleanliness,2013,63.209,2017,109.609,0.7340726795234854,2013,408.541,2024,2490.373,5.095772517323843,FALSE
GHA,Ghana,96,Refuse workers and other elementary workers,961,Refuse workers,9611,Garbage and recycling collectors,1,0.514503017964927,0,0,"assess waste type; collect domestic waste; collect industrial waste; health, safety and hygiene legislation; maintain refuse collection equipment; maintain waste collection records; manage waste; waste and scrap products; waste management",2013,58.918,2017,95.127,0.6145660069927695,2013,408.541,2024,2490.373,5.095772517323843,TRUE
GHA,Ghana,96,Refuse workers and other elementary workers,961,Refuse workers,9612,Refuse sorters,2,0.514503017964927,0,0,"assess waste type; handle chemical cleaning agents; health, safety and hygiene legislation; manage waste; operate recycling processing equipment; waste and scrap products; waste management; collect broken appliances; communicate with waste collectors; dismantle broken appliances",2013,58.918,2017,95.127,0.6145660069927695,2013,408.541,2024,2490.373,5.095772517323843,FALSE
GHA,Ghana,96,Refuse workers and other elementary workers,961,Refuse workers,9613,Sweepers and related labourers,1,0.514503017964927,0,0,carry out pressure washing activities; clean equipment; clean public areas; clean public furniture; cleaning industry health and safety measures; cleaning techniques; clear out drains; discharge of collected waste; disinfect surfaces; empty community waste collection bins,2013,58.918,2017,95.127,0.6145660069927695,2013,408.541,2024,2490.373,5.095772517323843,FALSE
GHA,Ghana,96,Refuse workers and other elementary workers,962,Other elementary workers,9621,"Messengers, package deliverers and luggage porters",2,0.02091343783890361,0,0,assist clients with special needs; comply with food safety and hygiene; greet guests; maintain customer service; detect drug abuse; handle delivered packages; handle guest luggage; park guest's vehicle; screen clients,2013,58.918,2017,95.127,0.6145660069927695,2013,408.541,2024,2490.373,5.095772517323843,FALSE
GHA,Ghana,96,Refuse workers and other elementary workers,962,Other elementary workers,9622,Odd job persons,1,0.02091343783890361,0.05263157894736842,0,building construction principles; calculate costs of repair operations; carpentry; domestic heating systems; electrical wiring plans; electricity; energy conservation; fire safety regulations; maintain customer service; maintain records of maintenance interventions,2013,58.918,2017,95.127,0.6145660069927695,2013,408.541,2024,2490.373,5.095772517323843,FALSE
GHA,Ghana,96,Refuse workers and other elementary workers,962,Other elementary workers,9623,Meter readers and vending-machine collectors,2,0.02091343783890361,0.04545454545454546,0,adjust temperature gauges; carry out stock rotation; change shelf labels; company policies; ensure public safety and security; examine meters in connections; food hygiene rules; geographical routes; identify faults in utility meters; interpret traffic signals,2013,58.918,2017,95.127,0.6145660069927695,2013,408.541,2024,2490.373,5.095772517323843,FALSE
GHA,Ghana,96,Refuse workers and other elementary workers,962,Other elementary workers,9629,Elementary workers not elsewhere classified,7,0.02091343783890361,0,0,maintain customer service; communicate with customers; greet guests; amusement park emergency procedures; manage lost and found articles; monitor amusement park safety; allocate locker space; allocate numbers to clients' belongings; announce amusement park attractions; apply company policies,2013,58.918,2017,95.127,0.6145660069927695,2013,408.541,2024,2490.373,5.095772517323843,FALSE
IND,India,01,Commissioned armed forces officers,011,Commissioned armed forces officers,0110,Commissioned armed forces officers,12,0.00575396825396825,0.03869047619047619,0,military weaponry; devise military tactics; military combat techniques; ensure public safety and security; maintain operational communications; military drill; defend human rights; lead military troops; military code; ensure compliance with types of weapons,NA,NA,NA,NA,NA,NA,NA,NA,NA,NA,TRUE
IND,India,02,Non-commissioned armed forces officers,021,Non-commissioned armed forces officers,0210,Non-commissioned armed forces officers,4,0,0.08939393939393939,0,lead military troops; military weaponry; ensure compliance with types of weapons; identify security threats; manage troop deployment; military code; military combat techniques; military drill; assess danger in risk areas; devise military tactics,NA,NA,NA,NA,NA,NA,NA,NA,NA,NA,TRUE
IND,India,03,"Armed forces occupations, other ranks",031,"Armed forces occupations, other ranks",0310,"Armed forces occupations, other ranks",5,0.00166666666666666,0.1456892230576441,0,use different communication channels; handle surveillance equipment; surveillance methods; air force operations; collect real-time geolocation information; ensure compliance with types of weapons; geographic information systems; maintain operational communications; military drill; operate radar equipment,NA,NA,NA,NA,NA,NA,NA,NA,NA,NA,TRUE
IND,India,11,"Chief executives, senior officials and legislators",111,Legislators and senior officials,1111,Legislators,7,0.0042016806722689,0.01020408163265306,0,good governance; government policy implementation; analyse legislation; legislation procedure; perform political negotiation; constitutional law; manage government policy implementation; prepare legislation proposition; present legislation proposition; engage in debates,2018,1243.434,2024,10342.756,7.317897049622256,2022,41823.158,2024,44669.172,0.06804875901528037,TRUE
IND,India,11,"Chief executives, senior officials and legislators",111,Legislators and senior officials,1112,Senior government officials,9,0.0042016806722689,0.00854700854700855,0,government policy implementation; maintain relationships with government agencies; foreign affairs; represent national interests; assess risk factors; coordinate government activities in foreign institutions; create solutions to problems; develop professional network; diplomatic principles; foreign languages for international careers,2018,1243.434,2024,10342.756,7.317897049622256,2022,41823.158,2024,44669.172,0.06804875901528037,FALSE
IND,India,11,"Chief executives, senior officials and legislators",111,Legislators and senior officials,1114,Senior officials of special-interest organisations,1,0.0042016806722689,0,0,advise on drafting policies; advise on legislative acts; analyse issues; budgetary principles; communicate with media; communication principles; conduct public presentations; create solutions to problems; deal with pressure from unexpected circumstances; develop professional network,2018,1243.434,2024,10342.756,7.317897049622256,2022,41823.158,2024,44669.172,0.06804875901528037,FALSE
IND,India,11,"Chief executives, senior officials and legislators",112,Managing directors and chief executives,1120,Managing directors and chief executives,6,0.0500265816055289,0.012820512820512822,0,manage budgets; analyse business plans; apply strategic thinking; assume responsibility for the management of a business; business process modelling; company policies; conclude business agreements; develop professional network; establish collaborative relations; financial statements,2018,1243.434,2024,10342.756,7.317897049622256,2022,41823.158,2024,44669.172,0.06804875901528037,FALSE
IND,India,12,Administrative and commercial managers,121,Business services and administration managers,1211,Finance managers,5,0.0823875829937813,0,0,analyse market financial trends; create a financial plan; evaluate budgets; financial analysis; financial statements; manage budgets; analyse financial performance of a company; enforce financial policies; financial department processes; financial management,2018,26533.802,2024,3495.109,-0.8682771130952134,2022,41823.158,2024,44669.172,0.06804875901528037,TRUE
IND,India,12,Administrative and commercial managers,121,Business services and administration managers,1212,Human resource managers,6,0.0823875829937813,0.050333656701061234,0,human resources department processes; apply company policies; comply with legal regulations; coordinate operational activities; develop employee retention programs; develop training programmes; evaluate training; give constructive feedback; human resource management; identify necessary human resources,2018,26533.802,2024,3495.109,-0.8682771130952134,2022,41823.158,2024,44669.172,0.06804875901528037,FALSE
IND,India,12,Administrative and commercial managers,121,Business services and administration managers,1213,Policy and planning managers,13,0.0823875829937813,0.08079466536913346,0,corporate social responsibility; liaise with managers; strategic planning; develop company strategies; ensure compliance with policies; integrate strategic foundation in daily performance; manage staff; abide by business ethical code of conducts; business analysis; company policies,2018,26533.802,2024,3495.109,-0.8682771130952134,2022,41823.158,2024,44669.172,0.06804875901528037,FALSE
IND,India,12,Administrative and commercial managers,121,Business services and administration managers,1219,Business services and administration managers not elsewhere classified,14,0.0823875829937813,0.021804568570723305,0,follow company standards; liaise with managers; manage budgets; manage staff; strive for company growth; ensure equipment availability; manage supplies; adhere to organisational guidelines; corporate social responsibility; ensure equipment maintenance,2018,26533.802,2024,3495.109,-0.8682771130952134,2022,41823.158,2024,44669.172,0.06804875901528037,FALSE
IND,India,12,Administrative and commercial managers,122,"Sales, marketing and development managers",1221,Sales and marketing managers,16,0.0296640356338618,0.0976151496092706,0,perform market research; align efforts towards business development; analyse consumer buying trends; build business relationships; corporate social responsibility; create annual marketing budget; define measurable marketing objectives; integrate marketing strategies with the global strategy; plan marketing campaigns; analyse external factors of companies,2018,26533.802,2024,3495.109,-0.8682771130952134,2022,41823.158,2024,44669.172,0.06804875901528037,FALSE
IND,India,12,Administrative and commercial managers,122,"Sales, marketing and development managers",1222,Advertising and public relations managers,3,0.0296640356338618,0.03030303030303031,0,advise on public image; analyse external factors of companies; communication principles; corporate social responsibility; develop communications strategies; develop public relations strategies; diplomatic principles; forming of public opinion; integrate strategic foundation in daily performance; market research,2018,26533.802,2024,3495.109,-0.8682771130952134,2022,41823.158,2024,44669.172,0.06804875901528037,FALSE
IND,India,12,Administrative and commercial managers,122,"Sales, marketing and development managers",1223,Research and development managers,12,0.0296640356338618,0.05597739451906118,0,manage budgets; manage staff; develop new products; distinguish accessories; distinguish fabrics; industrial research and development; innovation processes; market research; perform market research; plan product management,2018,26533.802,2024,3495.109,-0.8682771130952134,2022,41823.158,2024,44669.172,0.06804875901528037,FALSE
IND,India,13,Production and specialised services managers,131,"Production managers in agriculture, forestry and fisheries",1311,Agricultural and forestry production managers,1,0.15848987962194622,0,0,agronomy; animal welfare legislation; conserve forests; de-limb trees; environmental legislation; environmental policy; forestry regulations; health and safety regulations; manage forests; monitor forest health,2018,780.124,2024,1854.805,1.3775771544010953,2022,41823.158,2024,44669.172,0.06804875901528037,TRUE
IND,India,13,Production and specialised services managers,131,"Production managers in agriculture, forestry and fisheries",1312,Aquaculture and fisheries production managers,3,0.15848987962194622,0.017094017094017092,0,animal welfare legislation; biosecurity; control aquatic production environment; develop stock health programmes; ensure aquaculture personnel health and safety; fish biology; fish grading; fish harvesting methods; fishing industry; aquaculture production planning software,2018,780.124,2024,1854.805,1.3775771544010953,2022,41823.158,2024,44669.172,0.06804875901528037,FALSE
IND,India,13,Production and specialised services managers,132,"Manufacturing, mining, construction, and distribution managers",1321,Manufacturing managers,21,0.0458292831389648,0.032473638770021615,0,manage staff; use IT tools; health and safety in the workplace; manage supplies; meet deadlines; use communication techniques; follow company standards; manage budgets; adhere to organisational guidelines; create manufacturing guidelines,2018,780.124,2024,1854.805,1.3775771544010953,2022,41823.158,2024,44669.172,0.06804875901528037,FALSE
IND,India,13,Production and specialised services managers,132,"Manufacturing, mining, construction, and distribution managers",1322,Mining managers,4,0.0458292831389648,0.011363636363636364,0,ensure compliance with safety legislation; identify process improvements; manage emergency procedures; address problems critically; deal with pressure from unexpected circumstances; impact of geological factors on mining operations; manage staff; mine safety legislation; mining engineering; monitor mine production,2018,780.124,2024,1854.805,1.3775771544010953,2022,41823.158,2024,44669.172,0.06804875901528037,FALSE
IND,India,13,Production and specialised services managers,132,"Manufacturing, mining, construction, and distribution managers",1323,Construction managers,3,0.0458292831389648,0,0,manage contracts; audit contractors; budgetary principles; check construction compliance; construction product regulation; contract law; ensure compliance with legal requirements; follow health and safety procedures in construction; green building practices; keep records of work progress,2018,780.124,2024,1854.805,1.3775771544010953,2022,41823.158,2024,44669.172,0.06804875901528037,FALSE
IND,India,13,Production and specialised services managers,132,"Manufacturing, mining, construction, and distribution managers",1324,"Supply, distribution and related managers",90,0.0458292831389648,0.04609737039192383,0,create solutions to problems; have computer literacy; ensure customs compliance; perform financial risk management in international trade; manage staff; supply chain management; analyse supply chain trends; maintain financial records; comprehend financial business terminology; control trade commercial documentation,2018,780.124,2024,1854.805,1.3775771544010953,2022,41823.158,2024,44669.172,0.06804875901528037,FALSE
IND,India,13,Production and specialised services managers,133,Information and communications technology service managers,1330,Information and communications technology service managers,13,0.02973484848484849,0.43397656588556077,0,define technology strategy; manage budgets; ICT market; ICT project management; ICT project management methodologies; decision support systems; monitor technology trends; attack vectors; business processes; coordinate technological activities,2018,780.124,2024,1854.805,1.3775771544010953,2022,41823.158,2024,44669.172,0.06804875901528037,FALSE
IND,India,13,Production and specialised services managers,134,Professional services managers,1341,Child care services managers,3,0.02840907547154232,0,0,implement care programmes for children; apply organisational techniques; child protection; contribute to the safeguarding of children; determine child welfare; manage staff; promote inclusion; promote the safeguarding of young people; support children's wellbeing; accept own accountability,2018,780.124,2024,1854.805,1.3775771544010953,2022,41823.158,2024,44669.172,0.06804875901528037,FALSE
IND,India,13,Production and specialised services managers,134,Professional services managers,1342,Health services managers,2,0.02840907547154232,0.10714285714285714,0,communicate in healthcare; contribute to public health campaigns; adhere to organisational guidelines; advise policy makers in healthcare; analyse goal progress; analyse large-scale data in healthcare; apply good clinical practices; apply organisational techniques; budgetary principles; clinical reports,2018,780.124,2024,1854.805,1.3775771544010953,2022,41823.158,2024,44669.172,0.06804875901528037,FALSE
IND,India,13,Production and specialised services managers,134,Professional services managers,1343,Aged care services managers,1,0.02840907547154232,0,0,address problems critically; adhere to organisational guidelines; advocate for others; advocate for social service users; analyse community needs; apply decision making within social work; apply holistic approach within social services; apply quality standards in social services; apply socially just working principles; budgetary principles,2018,780.124,2024,1854.805,1.3775771544010953,2022,41823.158,2024,44669.172,0.06804875901528037,FALSE
IND,India,13,Production and specialised services managers,134,Professional services managers,1344,Social welfare managers,4,0.02840907547154232,0,0,analyse community needs; accept own accountability; adhere to organisational guidelines; adolescent psychological development; advocate for others; advocate for social service users; apply decision making within social work; apply holistic approach within social services; apply quality standards in social services; apply socially just working principles,2018,780.124,2024,1854.805,1.3775771544010953,2022,41823.158,2024,44669.172,0.06804875901528037,FALSE
IND,India,13,Production and specialised services managers,134,Professional services managers,1345,Education managers,11,0.02840907547154232,0.01112523839796567,0,cooperate with education professionals; curriculum standards; curriculum objectives; assist in the organisation of school events; present reports; project management; write work-related reports; guarantee students' safety; education law; monitor educational developments,2018,780.124,2024,1854.805,1.3775771544010953,2022,41823.158,2024,44669.172,0.06804875901528037,FALSE
IND,India,13,Production and specialised services managers,134,Professional services managers,1346,Financial and insurance services branch managers,6,0.02840907547154232,0,0,advise on financial matters; analyse market financial trends; corporate social responsibility; enforce financial policies; financial analysis; financial management; financial statements; follow company standards; liaise with managers; manage staff,2018,780.124,2024,1854.805,1.3775771544010953,2022,41823.158,2024,44669.172,0.06804875901528037,FALSE
IND,India,13,Production and specialised services managers,134,Professional services managers,1349,Professional services managers not elsewhere classified,24,0.02840907547154232,0.07749522085434357,0,manage staff; manage budgets; corporate social responsibility; write work-related reports; build business relationships; lead a team; liaise with colleagues; liaise with managers; perform project management; project management,2018,780.124,2024,1854.805,1.3775771544010953,2022,41823.158,2024,44669.172,0.06804875901528037,FALSE
IND,India,14,"Hospitality, retail and other services managers",141,Hotel and restaurant managers,1411,Hotel managers,3,0.1104797979797975,0.03333333333333334,0,manage health and safety standards; manage staff; assist at check-in; comply with food safety and hygiene; create solutions to problems; handle customer complaints; implement marketing strategies; implement sales strategies; maintain customer service; manage budgets,2022,1623.842,2024,1369.317,-0.1567424663236941,2022,41823.158,2024,44669.172,0.06804875901528037,TRUE
IND,India,14,"Hospitality, retail and other services managers",141,Hotel and restaurant managers,1412,Restaurant managers,1,0.1104797979797975,0.02777777777777777,0,arrange special events; comply with food safety and hygiene; control of expenses; design indicators for food waste reduction; develop food waste reduction strategies; develop inclusive communication material; devise special promotions; ensure infrastructure accessibility; ensure maintenance of kitchen equipment; ensure portion control,2022,1623.842,2024,1369.317,-0.1567424663236941,2022,41823.158,2024,44669.172,0.06804875901528037,FALSE
IND,India,14,"Hospitality, retail and other services managers",142,Retail and wholesale trade managers,1420,Retail and wholesale trade managers,49,0.00760558850529628,0.015131717819486476,0,manage budgets; ensure compliance with purchasing and contracting regulations; manage staff; maximise sales revenues; monitor customer service; employment law; maintain relationship with customers; maintain relationship with suppliers; set sales goals; manage theft prevention,2022,1623.842,2024,1369.317,-0.1567424663236941,2022,41823.158,2024,44669.172,0.06804875901528037,FALSE
IND,India,14,"Hospitality, retail and other services managers",143,Other services managers,1431,"Sports, recreation and cultural centre managers",11,0.036908998006956,0.006743256743256742,0,manage budgets; follow company standards; manage staff; manage supplies; supervise daily information operations; corporate social responsibility; establish daily priorities; liaise with local authorities; represent the organisation; set organisational policies,2022,1623.842,2024,1369.317,-0.1567424663236941,2022,41823.158,2024,44669.172,0.06804875901528037,FALSE
IND,India,14,"Hospitality, retail and other services managers",143,Other services managers,1439,Services managers not elsewhere classified,8,0.036908998006956,0.031187996031746032,0,manage staff; create solutions to problems; manage budgets; comply with food safety and hygiene; corporate social responsibility; customer relationship management; follow company standards; identify customer's needs; measure customer feedback; recruit employees,2022,1623.842,2024,1369.317,-0.1567424663236941,2022,41823.158,2024,44669.172,0.06804875901528037,FALSE
IND,India,21,Science and engineering professionals,211,Physical and earth science professionals,2111,Physicists and astronomers,3,0.09957203274837712,0.13669978922011441,0,apply for research funding; apply research ethics and scientific integrity principles in research activities; apply scientific methods; communicate with a non-scientific audience; conduct research across disciplines; demonstrate disciplinary expertise; develop professional network with researchers and scientists; disseminate results to the scientific community; draft scientific or academic papers and technical documentation; evaluate research activities,2018,3059.585,2024,2215.29,-0.2759508233959835,2022,31747.402,2024,36140.715,0.13838338645789028,TRUE
IND,India,21,Science and engineering professionals,211,Physical and earth science professionals,2112,Meteorologists,5,0.09957203274837712,0.17163419913419914,0,analyse weather forecast; carry out meteorological research; conduct research across disciplines; meteorology; perform scientific research; review meteorological forecast data; use meteorological tools to forecast meteorological conditions; use specialised computer models for weather forecasting; apply for research funding; apply research ethics and scientific integrity principles in research activities,2018,3059.585,2024,2215.29,-0.2759508233959835,2022,31747.402,2024,36140.715,0.13838338645789028,FALSE
IND,India,21,Science and engineering professionals,211,Physical and earth science professionals,2113,Chemists,8,0.09957203274837712,0.06275045443278526,0,analytical chemistry; use chemical analysis equipment; apply for research funding; apply research ethics and scientific integrity principles in research activities; calibrate laboratory equipment; chemistry; communicate with a non-scientific audience; conduct research across disciplines; demonstrate disciplinary expertise; develop professional network with researchers and scientists,2018,3059.585,2024,2215.29,-0.2759508233959835,2022,31747.402,2024,36140.715,0.13838338645789028,FALSE
IND,India,21,Science and engineering professionals,211,Physical and earth science professionals,2114,Geologists and geophysicists,13,0.09957203274837712,0.11710905276464373,0,geology; apply for research funding; apply research ethics and scientific integrity principles in research activities; apply scientific methods; communicate with a non-scientific audience; conduct research across disciplines; demonstrate disciplinary expertise; develop professional network with researchers and scientists; disseminate results to the scientific community; draft scientific or academic papers and technical documentation,2018,3059.585,2024,2215.29,-0.2759508233959835,2022,31747.402,2024,36140.715,0.13838338645789028,FALSE
IND,India,21,Science and engineering professionals,212,"Mathematicians, actuaries and statisticians",2120,"Mathematicians, actuaries and statisticians",7,0.00418909001956947,0.20419642179040673,0,mathematics; statistics; apply for research funding; apply research ethics and scientific integrity principles in research activities; apply statistical analysis techniques; communicate with a non-scientific audience; conduct research across disciplines; demonstrate disciplinary expertise; develop professional network with researchers and scientists; disseminate results to the scientific community,2018,3059.585,2024,2215.29,-0.2759508233959835,2022,31747.402,2024,36140.715,0.13838338645789028,FALSE
IND,India,21,Science and engineering professionals,213,Life science professionals,2131,"Biologists, botanists, zoologists and related professionals",19,0.25118104817894576,0.07472634046047208,0,manage personal professional development; perform scientific research; apply for research funding; apply research ethics and scientific integrity principles in research activities; apply scientific methods; biology; communicate with a non-scientific audience; conduct research across disciplines; demonstrate disciplinary expertise; develop professional network with researchers and scientists,2018,3059.585,2024,2215.29,-0.2759508233959835,2022,31747.402,2024,36140.715,0.13838338645789028,FALSE
IND,India,21,Science and engineering professionals,213,Life science professionals,2132,"Farming, forestry and fisheries advisers",6,0.25118104817894576,0.03467599645819498,0,environmental legislation; advise on soil and water protection; agroecology; agronomy; consultation methods; crop production principles; cultivate crops for biomass; environmental legislation in agriculture and forestry; fish biology; fish identification and classification,2018,3059.585,2024,2215.29,-0.2759508233959835,2022,31747.402,2024,36140.715,0.13838338645789028,FALSE
IND,India,21,Science and engineering professionals,213,Life science professionals,2133,Environmental protection professionals,15,0.25118104817894576,0.05768672336034766,0,environmental legislation; analyse environmental data; develop environmental policy; habitat restoration; assess environmental impact; ecology; environmental policy; report on environmental issues; write work-related reports; advise on nature conservation,2018,3059.585,2024,2215.29,-0.2759508233959835,2022,31747.402,2024,36140.715,0.13838338645789028,FALSE
IND,India,21,Science and engineering professionals,214,Engineering professionals (excluding electrotechnology),2141,Industrial and production engineers,15,0.11661932326479588,0.07704497354497354,0,engineering principles; engineering processes; manufacturing processes; production processes; adjust engineering designs; approve engineering design; industrial engineering; technical drawings; use technical drawing software; perform scientific research,2018,3059.585,2024,2215.29,-0.2759508233959835,2022,31747.402,2024,36140.715,0.13838338645789028,FALSE
IND,India,21,Science and engineering professionals,214,Engineering professionals (excluding electrotechnology),2142,Civil engineers,11,0.11661932326479588,0.10739753176547726,0,engineering principles; technical drawings; approve engineering design; use technical drawing software; adjust engineering designs; engineering processes; ensure compliance with safety legislation; execute feasibility study; perform scientific research; civil engineering,2018,3059.585,2024,2215.29,-0.2759508233959835,2022,31747.402,2024,36140.715,0.13838338645789028,FALSE
IND,India,21,Science and engineering professionals,214,Engineering professionals (excluding electrotechnology),2143,Environmental engineers,6,0.11661932326479588,0.08988756341697518,0,adjust engineering designs; approve engineering design; engineering principles; engineering processes; environmental legislation; perform scientific research; technical drawings; use technical drawing software; assess environmental impact; carry out environmental audits,2018,3059.585,2024,2215.29,-0.2759508233959835,2022,31747.402,2024,36140.715,0.13838338645789028,FALSE
IND,India,21,Science and engineering professionals,214,Engineering professionals (excluding electrotechnology),2144,Mechanical engineers,26,0.11661932326479588,0.17464855559617573,0,engineering principles; use technical drawing software; adjust engineering designs; engineering processes; approve engineering design; perform scientific research; technical drawings; mechanical engineering; mechanics; mathematics,2018,3059.585,2024,2215.29,-0.2759508233959835,2022,31747.402,2024,36140.715,0.13838338645789028,FALSE
IND,India,21,Science and engineering professionals,214,Engineering professionals (excluding electrotechnology),2145,Chemical engineers,12,0.11661932326479588,0.03477067917707188,0,adjust engineering designs; engineering principles; engineering processes; perform scientific research; approve engineering design; analyse samples of food and beverages; analytical chemistry; apply GMP; apply HACCP; apply requirements concerning manufacturing of food and beverages,2018,3059.585,2024,2215.29,-0.2759508233959835,2022,31747.402,2024,36140.715,0.13838338645789028,FALSE
IND,India,21,Science and engineering professionals,214,Engineering professionals (excluding electrotechnology),2146,"Mining engineers, metallurgists and related professionals",13,0.11661932326479588,0.015695714541868386,0,prepare scientific reports; address problems critically; geology; troubleshoot; supervise staff; chemistry; ensure compliance with safety legislation; impact of geological factors on mining operations; metal and metal ore products; alloys of precious metals,2018,3059.585,2024,2215.29,-0.2759508233959835,2022,31747.402,2024,36140.715,0.13838338645789028,FALSE
IND,India,21,Science and engineering professionals,214,Engineering professionals (excluding electrotechnology),2149,Engineering professionals not elsewhere classified,41,0.11661932326479588,0.1436695863363957,0,engineering principles; engineering processes; perform scientific research; adjust engineering designs; approve engineering design; technical drawings; use technical drawing software; manage engineering project; perform project management; analyse test data,2018,3059.585,2024,2215.29,-0.2759508233959835,2022,31747.402,2024,36140.715,0.13838338645789028,FALSE
IND,India,21,Science and engineering professionals,215,Electrotechnology engineers,2151,Electrical engineers,10,0.05421888631058128,0.23813552939616417,0,electrical engineering; engineering principles; approve engineering design; use technical drawing software; adjust engineering designs; electricity; perform scientific research; design drawings; electricity principles; ensure safety in electrical power operations,2018,3059.585,2024,2215.29,-0.2759508233959835,2022,31747.402,2024,36140.715,0.13838338645789028,FALSE
IND,India,21,Science and engineering professionals,215,Electrotechnology engineers,2152,Electronics engineers,17,0.05421888631058128,0.30559685318456004,0,engineering principles; electronics; mathematics; adjust engineering designs; approve engineering design; use technical drawing software; design drawings; physics; environmental legislation; environmental threats,2018,3059.585,2024,2215.29,-0.2759508233959835,2022,31747.402,2024,36140.715,0.13838338645789028,FALSE
IND,India,21,Science and engineering professionals,215,Electrotechnology engineers,2153,Telecommunications engineers,2,0.05421888631058128,0.6,0,ICT communications protocols; define technical requirements; design process; electronics principles; microwave principles; procurement of ICT network equipment; provide ICT system training; telecom regulations; use session border controller; ICT network routing,2018,3059.585,2024,2215.29,-0.2759508233959835,2022,31747.402,2024,36140.715,0.13838338645789028,FALSE
IND,India,21,Science and engineering professionals,216,"Architects, planners, surveyors and designers",2161,Building architects,2,0.05944735918809828,0.056704980842911874,0,architectural design; architectural theory; architecture regulations; design building retrofitting solutions; develop architectural plans; draw blueprints; ensure infrastructure accessibility; identify customer's needs; integrate measures in architectural designs; integrated design,2018,3059.585,2024,2215.29,-0.2759508233959835,2022,31747.402,2024,36140.715,0.13838338645789028,FALSE
IND,India,21,Science and engineering professionals,216,"Architects, planners, surveyors and designers",2162,Landscape architects,2,0.05944735918809828,0,0,develop architectural plans; ecology; landscape analysis; landscape architecture; manage landscape design projects; advise on landscapes; advise supervisors; aesthetics; architecture regulations; create landscape designs,2018,3059.585,2024,2215.29,-0.2759508233959835,2022,31747.402,2024,36140.715,0.13838338645789028,FALSE
IND,India,21,Science and engineering professionals,216,"Architects, planners, surveyors and designers",2163,Product and garment designers,15,0.05944735918809828,0.07280610549031602,0,gather reference materials for artwork; portfolio management in textile manufacturing; create mood boards; develop design concept; draw sketches to develop textile articles; keep up to date on costume design; present artistic design proposals; properties of textile materials; use textile technique for hand-made products; aesthetics,2018,3059.585,2024,2215.29,-0.2759508233959835,2022,31747.402,2024,36140.715,0.13838338645789028,FALSE
IND,India,21,Science and engineering professionals,216,"Architects, planners, surveyors and designers",2164,Town and traffic planners,5,0.05944735918809828,0.16940440845704002,0,environmental policy; urban planning; build business relationships; urban planning law; advise on use of land; analyse transport business networks; analyse transportation costs; architecture regulations; civil engineering; develop urban transport studies,2018,3059.585,2024,2215.29,-0.2759508233959835,2022,31747.402,2024,36140.715,0.13838338645789028,FALSE
IND,India,21,Science and engineering professionals,216,"Architects, planners, surveyors and designers",2165,Cartographers and surveyors,6,0.05944735918809828,0.32828159041394334,0,cartography; mathematics; perform surveying calculations; geographic information systems; geomatics; collect mapping data; compare survey computations; create GIS reports; create thematic maps; document survey operations,2018,3059.585,2024,2215.29,-0.2759508233959835,2022,31747.402,2024,36140.715,0.13838338645789028,FALSE
IND,India,21,Science and engineering professionals,216,"Architects, planners, surveyors and designers",2166,Graphic and multimedia designers,16,0.05944735918809828,0.45391415507157024,0,computer graphics; finish project within budget; follow a brief; graphic design; adapt to type of media; analyse a script; follow work schedule; design graphics; ICT software specifications; copyright legislation,2018,3059.585,2024,2215.29,-0.2759508233959835,2022,31747.402,2024,36140.715,0.13838338645789028,FALSE
IND,India,22,Health professionals,221,Medical doctors,2211,Generalist medical practitioners,1,0,0.2,0,assess physical conditions of clients; demonstrate disciplinary expertise; interact professionally in research and professional environments; manage personal professional development; manage research data; monitor children's physical development; operate open source software; provide healthcare services to patients in general medical practice; synthesise information; think abstractly,2018,1588.259,2024,2219.414,0.3973879575056714,2022,31747.402,2024,36140.715,0.13838338645789028,TRUE
IND,India,22,Health professionals,221,Medical doctors,2212,Specialist medical practitioners,1,0,0.03225806451612903,0,Interpret diagnostic procedures for vascular surgery; cancer risks; conduct cancer screening tests; conduct preoperative investigations; conduct research on reproductive medicine; counsel patients on fertility treatments; delegate emergency care; demonstrate disciplinary expertise; demonstrate technical skills during neurological surgery; dermapathology,2018,1588.259,2024,2219.414,0.3973879575056714,2022,31747.402,2024,36140.715,0.13838338645789028,FALSE
IND,India,22,Health professionals,222,Nursing and midwifery professionals,2221,Nursing professionals,3,0.00776405391339631,0.036851185935854125,0,accept own accountability; advise on healthy lifestyles; analyse quality of nurse care; apply context specific clinical competences; apply nursing care in long-term care; apply person-centred care; comply with quality standards related to healthcare practice; coordinate care; deal with emergency care situations; delegate emergency care,2018,1588.259,2024,2219.414,0.3973879575056714,2022,31747.402,2024,36140.715,0.13838338645789028,FALSE
IND,India,22,Health professionals,222,Nursing and midwifery professionals,2222,Midwifery professionals,1,0.00776405391339631,0.0136986301369863,0,accept own accountability; address problems critically; adhere to organisational guidelines; advise on childbirth; advise on family planning; advise on pregnancies at risk; advise on pregnancy; anaesthetics; analgesics; apply context specific clinical competences,2018,1588.259,2024,2219.414,0.3973879575056714,2022,31747.402,2024,36140.715,0.13838338645789028,FALSE
IND,India,22,Health professionals,223,Traditional and complementary medicine professionals,2230,Traditional and complementary medicine professionals,5,0,0,0,develop therapeutic relationships; ensure safety of healthcare users; follow-up on healthcare users' treatment; apply context specific clinical competences; human anatomy; human physiology; maintain work area cleanliness; accept own accountability; comply with quality standards related to healthcare practice; empathise with the healthcare user,2018,1588.259,2024,2219.414,0.3973879575056714,2022,31747.402,2024,36140.715,0.13838338645789028,FALSE
IND,India,22,Health professionals,225,Veterinarians,2250,Veterinarians,11,0.06376434281572617,0.011401641836424444,0,anatomy of animals; apply animal hygiene practices; manage animal biosecurity; animal behaviour; animal welfare; animal welfare legislation; apply safe work practices in a veterinary setting; biosecurity related to animals; handle veterinary emergencies; monitor the welfare of animals,2018,1588.259,2024,2219.414,0.3973879575056714,2022,31747.402,2024,36140.715,0.13838338645789028,FALSE
IND,India,22,Health professionals,226,Other health professionals,2261,Dentists,4,0.02394168957531953,0.02241340850097339,0,accept own accountability; apply organisational techniques; communicate in healthcare; comply with legislation related to health care; contribute to continuity of health care; ensure safety of healthcare users; follow clinical guidelines; listen actively; manage infection control in the facility; promote inclusion,2018,1588.259,2024,2219.414,0.3973879575056714,2022,31747.402,2024,36140.715,0.13838338645789028,FALSE
IND,India,22,Health professionals,226,Other health professionals,2262,Pharmacists,6,0.02394168957531953,0.007719298245614035,0,accept own accountability; adhere to organisational guidelines; communicate in healthcare; comply with legislation related to health care; comply with quality standards related to healthcare practice; follow clinical guidelines; pharmaceutical chemistry; pharmaceutical technology; pharmacognosy; pharmacokinetics,2018,1588.259,2024,2219.414,0.3973879575056714,2022,31747.402,2024,36140.715,0.13838338645789028,FALSE
IND,India,22,Health professionals,226,Other health professionals,2263,Environmental and occupational health and hygiene professionals,5,0.02394168957531953,0.03833333333333333,0,advise on risk management; ensure compliance with environmental legislation; environmental legislation; perform risk analysis; advise on conflict management; advise on environmental risk management systems; advise on pollution prevention; advise on safety improvements; apply radiation protection procedures; assess ergonomics of the workplace,2018,1588.259,2024,2219.414,0.3973879575056714,2022,31747.402,2024,36140.715,0.13838338645789028,FALSE
IND,India,22,Health professionals,226,Other health professionals,2264,Physiotherapists,2,0.02394168957531953,0.0188034188034188,0,accept own accountability; adhere to health well-being and safety; adhere to organisational guidelines; adjust physiotherapy interventions; advise on healthcare users' informed consent; advocate health; apply context specific clinical competences; apply organisational techniques; collect healthcare user's general data; communicate in healthcare,2018,1588.259,2024,2219.414,0.3973879575056714,2022,31747.402,2024,36140.715,0.13838338645789028,FALSE
IND,India,22,Health professionals,226,Other health professionals,2265,Dieticians and nutritionists,2,0.02394168957531953,0.012345679012345675,0,dietetics; food science; identify nutritional properties of food; supervise food in healthcare; accept own accountability; adhere to organisational guidelines; advise food industry; advise on healthcare users' informed consent; advise on preparation of diet food; analyse trends in the food and beverage industries,2018,1588.259,2024,2219.414,0.3973879575056714,2022,31747.402,2024,36140.715,0.13838338645789028,FALSE
IND,India,22,Health professionals,226,Other health professionals,2266,Audiologists and speech therapists,2,0.02394168957531953,0.0386986301369863,0,accept own accountability; adhere to organisational guidelines; advise on healthcare users' informed consent; apply context specific clinical competences; apply organisational techniques; audiology; audiometry; communicate in healthcare; comply with legislation related to health care; comply with quality standards related to healthcare practice,2018,1588.259,2024,2219.414,0.3973879575056714,2022,31747.402,2024,36140.715,0.13838338645789028,FALSE
IND,India,22,Health professionals,226,Other health professionals,2267,Optometrists and ophthalmic opticians,2,0.02394168957531953,0.02674258109040717,0,accept own accountability; adhere to organisational guidelines; advise on healthcare users' informed consent; advise patients on vision improvement conditions; apply context specific clinical competences; apply organisational techniques; communicate in healthcare; comply with legislation related to health care; comply with quality standards related to healthcare practice; deal with emergency care situations,2018,1588.259,2024,2219.414,0.3973879575056714,2022,31747.402,2024,36140.715,0.13838338645789028,FALSE
IND,India,22,Health professionals,226,Other health professionals,2269,Health professionals not elsewhere classified,23,0.02394168957531953,0.03375458139885682,0,comply with legislation related to health care; apply context specific clinical competences; ensure safety of healthcare users; follow clinical guidelines; communicate in healthcare; comply with quality standards related to healthcare practice; interact with healthcare users; listen actively; work in multidisciplinary health teams; develop a collaborative therapeutic relationship,2018,1588.259,2024,2219.414,0.3973879575056714,2022,31747.402,2024,36140.715,0.13838338645789028,FALSE
IND,India,23,Teaching professionals,231,University and higher education teachers,2310,University and higher education teachers,45,0.00386034067531382,0.04676911213248861,0,assess students; prepare lesson content; apply teaching strategies; curriculum objectives; guarantee students' safety; apply intercultural teaching strategies; develop course outline; give constructive feedback; liaise with educational support staff; monitor developments in field of expertise,2018,5067.101,2024,11974.791,1.3632430062080862,2022,31747.402,2024,36140.715,0.13838338645789028,TRUE
IND,India,23,Teaching professionals,232,Vocational education teachers,2320,Vocational education teachers,25,0.01894009296681494,0.00760438156989881,0,assess students; assist students in their learning; apply intercultural teaching strategies; guarantee students' safety; apply teaching strategies; give constructive feedback; adapt teaching to student's capabilities; adapt training to labour market; curriculum objectives; prepare lesson content,2018,5067.101,2024,11974.791,1.3632430062080862,2022,31747.402,2024,36140.715,0.13838338645789028,FALSE
IND,India,23,Teaching professionals,233,Secondary education teachers,2330,Secondary education teachers,19,0.00602082382179837,0.01982042219887286,0,adapt teaching to student's capabilities; apply intercultural teaching strategies; apply teaching strategies; assess students; assign homework; assist students in their learning; compile course material; curriculum objectives; demonstrate when teaching; develop course outline,2018,5067.101,2024,11974.791,1.3632430062080862,2022,31747.402,2024,36140.715,0.13838338645789028,FALSE
IND,India,23,Teaching professionals,234,Primary school and early childhood teachers,2341,Primary school teachers,2,0,0,0,adapt teaching to student's capabilities; apply intercultural teaching strategies; apply teaching strategies; assess students; assessment processes; assign homework; assist students in their learning; assist students with equipment; curriculum objectives; demonstrate when teaching,2018,5067.101,2024,11974.791,1.3632430062080862,2022,31747.402,2024,36140.715,0.13838338645789028,FALSE
IND,India,23,Teaching professionals,234,Primary school and early childhood teachers,2342,Early childhood educators,3,0,0,0,adapt teaching to student's capabilities; apply intercultural teaching strategies; apply teaching strategies; assess students; assess the development of youth; assist children in developing personal skills; assist students in their learning; assist students with equipment; curriculum objectives; demonstrate when teaching,2018,5067.101,2024,11974.791,1.3632430062080862,2022,31747.402,2024,36140.715,0.13838338645789028,FALSE
IND,India,23,Teaching professionals,235,Other teaching professionals,2351,Education methods specialists,4,0.00151274268921327,0.02127659574468085,0,curriculum standards; monitor educational developments; cooperate with education professionals; evaluate education programmes; identify education needs; pedagogy; advise on teaching methods; curriculum objectives; ensure curriculum adherence; present reports,2018,5067.101,2024,11974.791,1.3632430062080862,2022,31747.402,2024,36140.715,0.13838338645789028,FALSE
IND,India,23,Teaching professionals,235,Other teaching professionals,2352,Special needs teachers,8,0.00151274268921327,0.003571428571428571,0,adapt teaching to student's capabilities; apply intercultural teaching strategies; apply teaching strategies; assess students; assist students in their learning; curriculum objectives; demonstrate when teaching; give constructive feedback; guarantee students' safety; prepare lesson content,2018,5067.101,2024,11974.791,1.3632430062080862,2022,31747.402,2024,36140.715,0.13838338645789028,FALSE
IND,India,23,Teaching professionals,235,Other teaching professionals,2353,Other language teachers,2,0.00151274268921327,0.01923076923076923,0,assess students; assessment processes; curriculum objectives; demonstrate when teaching; give constructive feedback; language teaching methods; manage student relationships; perform classroom management; prepare lesson content; teach languages,2018,5067.101,2024,11974.791,1.3632430062080862,2022,31747.402,2024,36140.715,0.13838338645789028,FALSE
IND,India,23,Teaching professionals,235,Other teaching professionals,2354,Other music teachers,1,0.00151274268921327,0,0,adapt teaching to student's capabilities; apply teaching strategies; assess students; assist students in their learning; bring out performers’ artistic potential; consult students on learning content; create a work environment where performers can develop their potential; demonstrate a technical foundation in musical instruments; demonstrate when teaching; develop a coaching style,2018,5067.101,2024,11974.791,1.3632430062080862,2022,31747.402,2024,36140.715,0.13838338645789028,FALSE
IND,India,23,Teaching professionals,235,Other teaching professionals,2355,Other arts teachers,6,0.00151274268921327,0,0,adapt teaching to student's capabilities; apply teaching strategies; assess students; assist students in their learning; consult students on learning content; demonstrate when teaching; develop a coaching style; encourage students to acknowledge their achievements; give constructive feedback; guarantee students' safety,2018,5067.101,2024,11974.791,1.3632430062080862,2022,31747.402,2024,36140.715,0.13838338645789028,FALSE
IND,India,23,Teaching professionals,235,Other teaching professionals,2356,Information technology trainers,2,0.00151274268921327,0.4641025641025641,0,apply teaching strategies; design web-based courses; develop digital educational materials; digital systems; technology education; Computer Assisted Language Learning; ICT hardware specifications; ICT software specifications; adapt teaching to student's capabilities; adapt teaching to target group,2018,5067.101,2024,11974.791,1.3632430062080862,2022,31747.402,2024,36140.715,0.13838338645789028,FALSE
IND,India,23,Teaching professionals,235,Other teaching professionals,2359,Teaching professionals not elsewhere classified,14,0.00151274268921327,0.15853174603174605,0,assessment processes; assess students; curriculum objectives; encourage students to acknowledge their achievements; apply teaching strategies; give constructive feedback; learning difficulties; listen actively; adapt teaching to student's capabilities; assist students in their learning,2018,5067.101,2024,11974.791,1.3632430062080862,2022,31747.402,2024,36140.715,0.13838338645789028,FALSE
IND,India,24,Business and administration professionals,241,Finance professionals,2411,Accountants,13,0.01783134106647644,0.004273504273504274,0,interpret financial statements; analyse financial performance of a company; financial department processes; financial statements; tax legislation; accounting department processes; accounting techniques; accounting entries; analyse financial risk; check accounting records,2018,5330.065,2024,3820.543,-0.28320892897178546,2022,31747.402,2024,36140.715,0.13838338645789028,TRUE
IND,India,24,Business and administration professionals,241,Finance professionals,2412,Financial and investment advisers,16,0.01783134106647644,0.006071428571428571,0,advise on financial matters; funding methods; financial markets; securities; analyse market financial trends; investment analysis; review investment portfolios; analyse financial risk; corporate social responsibility; create a financial plan,2018,5330.065,2024,3820.543,-0.28320892897178546,2022,31747.402,2024,36140.715,0.13838338645789028,FALSE
IND,India,24,Business and administration professionals,241,Finance professionals,2413,Financial analysts,6,0.01783134106647644,0.054807913503565675,0,actuarial science; analyse financial risk; analyse market financial trends; asset management; economics; fundamental analysis; modern portfolio theory; obtain financial information; provide support in financial calculation; quantitative analysis,2018,5330.065,2024,3820.543,-0.28320892897178546,2022,31747.402,2024,36140.715,0.13838338645789028,FALSE
IND,India,24,Business and administration professionals,242,Administration professionals,2421,Management and organisation analysts,8,0.04321980198863492,0.06012829082682024,0,apply change management; advise on efficiency improvements; business analysis; liaise with managers; align efforts towards business development; analyse external factors of companies; identify process improvements; identify undetected organisational needs; management consulting; perform business analysis,2018,5330.065,2024,3820.543,-0.28320892897178546,2022,31747.402,2024,36140.715,0.13838338645789028,FALSE
IND,India,24,Business and administration professionals,242,Administration professionals,2422,Policy administration professionals,32,0.04321980198863492,0.020364046872667563,0,government policy implementation; advise on legislative acts; manage government policy implementation; maintain relations with local representatives; create solutions to problems; liaise with local authorities; maintain relationships with government agencies; government policy; establish collaborative relations; provide improvement strategies,2018,5330.065,2024,3820.543,-0.28320892897178546,2022,31747.402,2024,36140.715,0.13838338645789028,FALSE
IND,India,24,Business and administration professionals,242,Administration professionals,2423,Personnel and careers professionals,7,0.04321980198863492,0.013729977116704805,0,employment law; job market offers; labour legislation; listen actively; company policies; develop professional network; document interviews; human resource management; interview people; observe confidentiality,2018,5330.065,2024,3820.543,-0.28320892897178546,2022,31747.402,2024,36140.715,0.13838338645789028,FALSE
IND,India,24,Business and administration professionals,242,Administration professionals,2424,Training and staff development professionals,2,0.04321980198863492,0,0,apply teaching strategies; coach employees; give constructive feedback; provide feedback to performers; adapt teaching to target group; adapt training to labour market; adult education; advise on efficiency improvements; apply intercultural teaching strategies; assessment processes,2018,5330.065,2024,3820.543,-0.28320892897178546,2022,31747.402,2024,36140.715,0.13838338645789028,FALSE
IND,India,24,Business and administration professionals,243,"Sales, marketing and public relations professionals",2431,Advertising and marketing professionals,21,0.02508245184466805,0.12926658572426217,0,advertising techniques; identify customer's needs; perform market research; copyright legislation; implement marketing strategies; implement sales strategies; manage staff; product comprehension; apply social media marketing; company policies,2018,5330.065,2024,3820.543,-0.28320892897178546,2022,31747.402,2024,36140.715,0.13838338645789028,FALSE
IND,India,24,Business and administration professionals,243,"Sales, marketing and public relations professionals",2432,Public relations professionals,11,0.02508245184466805,0.060987540189941555,0,advise on public relations; corporate social responsibility; perform public relations; use different communication channels; analyse election procedures; analyse external factors of companies; develop digital content; diplomatic principles; give interviews to media; protect client interests,2018,5330.065,2024,3820.543,-0.28320892897178546,2022,31747.402,2024,36140.715,0.13838338645789028,FALSE
IND,India,24,Business and administration professionals,243,"Sales, marketing and public relations professionals",2433,Technical and medical sales professionals (excluding ICT),13,0.02508245184466805,0.04533123048865177,0,characteristics of products; characteristics of services; implement sales strategies; prospect new customers; provide customer follow-up services; communicate with customers; contact customers; ensure compliance with legal requirements; guarantee customer satisfaction; implement customer follow-up,2018,5330.065,2024,3820.543,-0.28320892897178546,2022,31747.402,2024,36140.715,0.13838338645789028,FALSE
IND,India,24,Business and administration professionals,243,"Sales, marketing and public relations professionals",2434,Information and communications technology sales professionals,4,0.02508245184466805,0.1518236074270557,0,product comprehension; guarantee customer satisfaction; identify new business opportunities; implement customer follow-up; implement marketing strategies; implement sales strategies; keep records on sales; maintain relationship with customers; perform market research; produce sales reports,2018,5330.065,2024,3820.543,-0.28320892897178546,2022,31747.402,2024,36140.715,0.13838338645789028,FALSE
IND,India,25,Information and communications technology professionals,251,Software and applications developers and analysts,2511,Systems analysts,21,0.00883754767255653,0.5917387417442708,0,define technical requirements; digital systems; systems development life-cycle; provide ICT consulting advice; analyse business requirements; apply statistical analysis techniques; data science; execute analytical mathematical calculations; use an application-specific interface; analyse ICT system,2022,3532.346,2024,3940.218,0.1154677373054621,2022,31747.402,2024,36140.715,0.13838338645789028,TRUE
IND,India,25,Information and communications technology professionals,251,Software and applications developers and analysts,2512,Software developers,10,0.00883754767255653,0.824471249684548,0,ICT system programming; analyse software specifications; cloud technologies; computer programming; deploy cloud resource; design cloud architecture; design cloud networks; develop software prototype; integrated development environment software; automate cloud tasks,2022,3532.346,2024,3940.218,0.1154677373054621,2022,31747.402,2024,36140.715,0.13838338645789028,FALSE
IND,India,25,Information and communications technology professionals,251,Software and applications developers and analysts,2513,Web and multimedia developers,5,0.00883754767255653,0.7861614506351349,0,develop digital content; interpret technical texts; translate requirements into visual design; use markup languages; web programming; ICT debugging tools; World Wide Web Consortium standards; analyse software specifications; computer programming; conduct search engine optimisation,2022,3532.346,2024,3940.218,0.1154677373054621,2022,31747.402,2024,36140.715,0.13838338645789028,FALSE
IND,India,25,Information and communications technology professionals,251,Software and applications developers and analysts,2514,Applications programmers,7,0.00883754767255653,0.8097265221878225,0.009523809523809523,computer programming; ICT debugging tools; analyse software specifications; create flowchart diagram; debug software; develop software prototype; integrated development environment software; tools for software configuration management; use software design patterns; use software libraries,2022,3532.346,2024,3940.218,0.1154677373054621,2022,31747.402,2024,36140.715,0.13838338645789028,FALSE
IND,India,25,Information and communications technology professionals,251,Software and applications developers and analysts,2519,Software and applications developers and analysts not elsewhere classified,12,0.00883754767255653,0.7098020042679486,0,address problems critically; execute software tests; levels of software testing; provide software testing documentation; replicate customer software issues; report test findings; software anomalies; application usability; build business relationships; ICT process quality models,2022,3532.346,2024,3940.218,0.1154677373054621,2022,31747.402,2024,36140.715,0.13838338645789028,FALSE
IND,India,25,Information and communications technology professionals,252,Database and network professionals,2521,Database designers and administrators,5,0.0023319523865095,0.8575132275132276,0,database management systems; query languages; resource description framework query language; database development tools; information structure; balance database resources; create database diagrams; design database scheme; manage database; operate relational database management system,2022,3532.346,2024,3940.218,0.1154677373054621,2022,31747.402,2024,36140.715,0.13838338645789028,FALSE
IND,India,25,Information and communications technology professionals,252,Database and network professionals,2522,Systems administrators,3,0.0023319523865095,0.8276143790849673,0,digital systems; integrate system components; interpret technical texts; ICT infrastructure; ICT performance analysis methods; ICT system programming; ICT system user requirements; apply ICT system usage policies; implement ICT security policies; implement a firewall,2022,3532.346,2024,3940.218,0.1154677373054621,2022,31747.402,2024,36140.715,0.13838338645789028,FALSE
IND,India,25,Information and communications technology professionals,252,Database and network professionals,2523,Computer network professionals,3,0.0023319523865095,0.6617038119595664,0,ICT network routing; analyse business requirements; design computer network; forecast future ICT network needs; implement ICT network diagnostic tools; implement a virtual private network; network engineering; network standards; use an application-specific interface; ICT capacity planning strategies,2022,3532.346,2024,3940.218,0.1154677373054621,2022,31747.402,2024,36140.715,0.13838338645789028,FALSE
IND,India,25,Information and communications technology professionals,252,Database and network professionals,2529,Database and network professionals not elsewhere classified,9,0.0023319523865095,0.6920014698759986,0,security engineering; ICT network security risks; cyber attack counter-measures; ICT security standards; cyber security; attack vectors; ethical hacking principles; identify ICT security risks; manage IT security compliances; ICT safety,2022,3532.346,2024,3940.218,0.1154677373054621,2022,31747.402,2024,36140.715,0.13838338645789028,FALSE
IND,India,26,"Legal, social and cultural professionals",261,Legal professionals,2611,Lawyers,3,0.01014610892945528,0,0,analyse legal evidence; compile legal documents; court procedures; interpret law; legal case management; negotiate lawyer's fee; observe confidentiality; present arguments persuasively; present legal arguments; legal research,2022,2435.662,2024,3176.748,0.3042647132483901,2022,31747.402,2024,36140.715,0.13838338645789028,TRUE
IND,India,26,"Legal, social and cultural professionals",261,Legal professionals,2612,Judges,2,0.01014610892945528,0,0,civil law; civil process order; court procedures; hear legal arguments; interpret law; legal terminology; maintain court order; observe confidentiality; show impartiality; supervise court hearings,2022,2435.662,2024,3176.748,0.3042647132483901,2022,31747.402,2024,36140.715,0.13838338645789028,FALSE
IND,India,26,"Legal, social and cultural professionals",261,Legal professionals,2619,Legal professionals not elsewhere classified,12,0.01014610892945528,0.025252525252525256,0,observe confidentiality; provide legal advice; apply knowledge of human behaviour; compile legal documents; comply with legal regulations; facilitate official agreement; interpret law; private law; use communication techniques; adapt to changing situations,2022,2435.662,2024,3176.748,0.3042647132483901,2022,31747.402,2024,36140.715,0.13838338645789028,FALSE
IND,India,26,"Legal, social and cultural professionals",262,"Librarians, archivists and curators",2621,Archivists and curators,9,0.00853994490358126,0.1562601767001265,0,museum databases; cope with challenging demands; use ICT resources to solve work related tasks; conservation techniques; document museum collection; advise on loans of art work for exhibitions; art collections; assess museum object condition; collection management software; consult exhibition organisers,2022,2435.662,2024,3176.748,0.3042647132483901,2022,31747.402,2024,36140.715,0.13838338645789028,FALSE
IND,India,26,"Legal, social and cultural professionals",262,"Librarians, archivists and curators",2622,Librarians and related information professionals,2,0.00853994490358126,0.2725490196078431,0,assess informational needs; develop solutions to information issues; manage digital libraries; perform customer management; analyse information systems; analyse library users' queries; arrange interlibrary loans; buy new library items; classify library materials; collection management,2022,2435.662,2024,3176.748,0.3042647132483901,2022,31747.402,2024,36140.715,0.13838338645789028,FALSE
IND,India,26,"Legal, social and cultural professionals",263,Social and religious professionals,2631,Economists,6,0.00393871515819744,0.051435325903411,0,analyse economic trends; economics; advise on economic development; apply statistical analysis techniques; government policy implementation; advise on legislative acts; analyse market financial trends; apply scientific methods; assess risk factors; business analysis,2022,2435.662,2024,3176.748,0.3042647132483901,2022,31747.402,2024,36140.715,0.13838338645789028,FALSE
IND,India,26,"Legal, social and cultural professionals",263,Social and religious professionals,2632,"Sociologists, anthropologists and related professionals",10,0.00393871515819744,0.11925544449141195,0,apply research ethics and scientific integrity principles in research activities; conduct research across disciplines; demonstrate disciplinary expertise; develop professional network with researchers and scientists; disseminate results to the scientific community; draft scientific or academic papers and technical documentation; evaluate research activities; integrate gender dimension in research; interact professionally in research and professional environments; manage open publications,2022,2435.662,2024,3176.748,0.3042647132483901,2022,31747.402,2024,36140.715,0.13838338645789028,FALSE
IND,India,26,"Legal, social and cultural professionals",263,Social and religious professionals,2633,"Philosophers, historians and political scientists",4,0.00393871515819744,0.10263692768506633,0,apply for research funding; apply research ethics and scientific integrity principles in research activities; apply scientific methods; communicate with a non-scientific audience; conduct research across disciplines; demonstrate disciplinary expertise; develop professional network with researchers and scientists; disseminate results to the scientific community; draft scientific or academic papers and technical documentation; evaluate research activities,2022,2435.662,2024,3176.748,0.3042647132483901,2022,31747.402,2024,36140.715,0.13838338645789028,FALSE
IND,India,26,"Legal, social and cultural professionals",263,Social and religious professionals,2634,Psychologists,6,0.00393871515819744,0.028320555602964557,0,listen actively; psychology; comply with legislation related to health care; counsel clients; diagnose psychiatric symptoms; ensure safety of healthcare users; follow clinical guidelines; health care occupation-specific ethics; interact with healthcare users; interpret psychological tests,2022,2435.662,2024,3176.748,0.3042647132483901,2022,31747.402,2024,36140.715,0.13838338645789028,FALSE
IND,India,26,"Legal, social and cultural professionals",263,Social and religious professionals,2635,Social work and counselling professionals,36,0.00393871515819744,0.01349099839043115,0,accept own accountability; apply quality standards in social services; apply socially just working principles; assess social service users' situation; communicate professionally with colleagues in other fields; communicate with social service users; cooperate at inter-professional level; deliver social services in diverse cultural communities; demonstrate leadership in social service cases; follow health and safety precautions in social care practices,2022,2435.662,2024,3176.748,0.3042647132483901,2022,31747.402,2024,36140.715,0.13838338645789028,FALSE
IND,India,26,"Legal, social and cultural professionals",263,Social and religious professionals,2636,Religious professionals,4,0.00393871515819744,0.02857142857142857,0,interpret religious texts; promote religious activities; foster dialogue in society; observe confidentiality; perform religious ceremonies; provide charity services; provide social counselling; provide spiritual counselling; represent religious institution; respond to enquiries,2022,2435.662,2024,3176.748,0.3042647132483901,2022,31747.402,2024,36140.715,0.13838338645789028,FALSE
IND,India,26,"Legal, social and cultural professionals",264,"Authors, journalists and linguists",2641,Authors and related writers,9,0,0.07237654320987655,0,copyright legislation; consult information sources; literature; writing techniques; develop creative ideas; grammar; perform background research on writing subject; spelling; use specific writing techniques; apply grammar and spelling rules,2022,2435.662,2024,3176.748,0.3042647132483901,2022,31747.402,2024,36140.715,0.13838338645789028,FALSE
IND,India,26,"Legal, social and cultural professionals",264,"Authors, journalists and linguists",2642,Journalists,18,0,0.149943372021938,0,consult information sources; copyright legislation; develop professional network; editorial standards; follow ethical code of conduct of journalists; follow the news; build contacts to maintain news flow; participate in editorial meetings; writing techniques; grammar,2022,2435.662,2024,3176.748,0.3042647132483901,2022,31747.402,2024,36140.715,0.13838338645789028,FALSE
IND,India,26,"Legal, social and cultural professionals",264,"Authors, journalists and linguists",2643,"Translators, interpreters and other linguists",9,0,0.09438334438334438,0,grammar; spelling; apply grammar and spelling rules; consult information sources; linguistics; speak different languages; translate language concepts; translate texts; develop a translation strategy; master language rules,2022,2435.662,2024,3176.748,0.3042647132483901,2022,31747.402,2024,36140.715,0.13838338645789028,FALSE
IND,India,26,"Legal, social and cultural professionals",265,Creative and performing artists,2651,Visual artists,11,0.01098834160085735,0.08674124417206999,0,intellectual property law; labour legislation; art history; contextualise artistic work; develop an artistic framework; gather reference materials for artwork; select artistic materials to create artworks; create artwork; define artistic approach; maintain an artistic portfolio,2022,2435.662,2024,3176.748,0.3042647132483901,2022,31747.402,2024,36140.715,0.13838338645789028,FALSE
IND,India,26,"Legal, social and cultural professionals",265,Creative and performing artists,2652,"Musicians, singers and composers",10,0.01098834160085735,0.05380366677563474,0,musical theory; read musical score; analyse own performance; develop musical ideas; musical genres; musical instruments; study music; transpose music; write musical scores; interact with an audience,2022,2435.662,2024,3176.748,0.3042647132483901,2022,31747.402,2024,36140.715,0.13838338645789028,FALSE
IND,India,26,"Legal, social and cultural professionals",265,Creative and performing artists,2653,Dancers and choreographers,4,0.01098834160085735,0,0,describe artistic experience; develop the physical language; intellectual property law; labour legislation; maintain safe working conditions in performing arts; manage artistic career; understand the emotional dimension of a performance; work with broad variety of personalities; work with respect for own safety; create a work environment where performers can develop their potential,2022,2435.662,2024,3176.748,0.3042647132483901,2022,31747.402,2024,36140.715,0.13838338645789028,FALSE
IND,India,26,"Legal, social and cultural professionals",265,Creative and performing artists,2654,"Film, stage and related directors and producers",17,0.01098834160085735,0.08476572447160682,0,analyse a script; consult with production director; manage budgets; adapt designers’ work to the performance venue; film production process; finish project within budget; develop professional network; manage staff; consult with motion picture producer; copyright legislation,2022,2435.662,2024,3176.748,0.3042647132483901,2022,31747.402,2024,36140.715,0.13838338645789028,FALSE
IND,India,26,"Legal, social and cultural professionals",265,Creative and performing artists,2655,Actors,2,0.01098834160085735,0.03125,0,acting techniques; adapt to acting roles; follow directions of the artistic director; study roles from scripts; work with an artistic team; act for an audience; adapt to type of media; analyse a script; analyse own performance; analyse the original actor's way of speaking,2022,2435.662,2024,3176.748,0.3042647132483901,2022,31747.402,2024,36140.715,0.13838338645789028,FALSE
IND,India,26,"Legal, social and cultural professionals",265,Creative and performing artists,2656,"Announcers on radio, television and other media",3,0.01098834160085735,0.11122577686045178,0,audiovisual equipment; pronunciation techniques; breathing techniques; consult information sources; develop professional network; follow the news; grammar; memorise lines; present during live broadcasts; read pre-drafted texts,2022,2435.662,2024,3176.748,0.3042647132483901,2022,31747.402,2024,36140.715,0.13838338645789028,FALSE
IND,India,26,"Legal, social and cultural professionals",265,Creative and performing artists,2659,Creative and performing artists not elsewhere classified,9,0.01098834160085735,0,0,interact with an audience; analyse own performance; attend rehearsals; manage feedback; perform live; study roles from scripts; work with an artistic team; follow time cues; interact with fellow actors; art history,2022,2435.662,2024,3176.748,0.3042647132483901,2022,31747.402,2024,36140.715,0.13838338645789028,FALSE
IND,India,31,Science and engineering associate professionals,311,Physical and engineering science technicians,3111,Chemical and physical science technicians,14,0.08060998764207936,0.07925249793170874,0,apply safety procedures in laboratory; perform laboratory tests; assist scientific research; execute analytical mathematical calculations; laboratory techniques; mathematics; operate scientific measuring equipment; apply scientific methods; apply statistical analysis techniques; collect samples,2018,2174.971,2024,3537.817,0.6266042167918561,2022,23158.88,2024,26037.321,0.12429102789081332,TRUE
IND,India,31,Science and engineering associate professionals,311,Physical and engineering science technicians,3112,Civil engineering technicians,24,0.08060998764207936,0.03287619713535045,0,follow health and safety procedures in construction; energy conservation; use safety equipment in construction; inspect construction supplies; advise on heating systems energy efficiency; analyse energy consumption; construction methods; energy efficiency; energy performance of buildings; keep records of work progress,2018,2174.971,2024,3537.817,0.6266042167918561,2022,23158.88,2024,26037.321,0.12429102789081332,FALSE
IND,India,31,Science and engineering associate professionals,311,Physical and engineering science technicians,3113,Electrical engineering technicians,6,0.08060998764207936,0.05707400016862932,0,adjust engineering designs; electrical engineering; read standard blueprints; troubleshoot; align components; apply soldering techniques; assist scientific research; battery formation; design drawings; electrical equipment regulations,2018,2174.971,2024,3537.817,0.6266042167918561,2022,23158.88,2024,26037.321,0.12429102789081332,FALSE
IND,India,31,Science and engineering associate professionals,311,Physical and engineering science technicians,3114,Electronics engineering technicians,11,0.08060998764207936,0.15116145218417945,0,inspect quality of products; read engineering drawings; adjust engineering designs; align components; assist scientific research; electronics; fasten components; liaise with engineers; prepare production prototypes; record test data,2018,2174.971,2024,3537.817,0.6266042167918561,2022,23158.88,2024,26037.321,0.12429102789081332,FALSE
IND,India,31,Science and engineering associate professionals,311,Physical and engineering science technicians,3115,Mechanical engineering technicians,25,0.08060998764207936,0.07194062414062415,0,read engineering drawings; engineering processes; mechanics; read standard blueprints; record test data; adjust engineering designs; create solutions to problems; liaise with engineers; use testing equipment; electromechanics,2018,2174.971,2024,3537.817,0.6266042167918561,2022,23158.88,2024,26037.321,0.12429102789081332,FALSE
IND,India,31,Science and engineering associate professionals,311,Physical and engineering science technicians,3116,Chemical engineering technicians,5,0.08060998764207936,0.02719298245614035,0,apply safety procedures in laboratory; calibrate laboratory equipment; laboratory techniques; perform laboratory tests; perform product testing; prepare chemical samples; run laboratory simulations; test chemical samples; use ICT systems; work safely with chemicals,2018,2174.971,2024,3537.817,0.6266042167918561,2022,23158.88,2024,26037.321,0.12429102789081332,FALSE
IND,India,31,Science and engineering associate professionals,311,Physical and engineering science technicians,3117,Mining and metallurgical technicians,5,0.08060998764207936,0.025,0,collect samples; maintain records of mining operations; troubleshoot; impact of geological factors on mining operations; perform sample testing; test raw minerals; work ergonomically; address problems critically; alloys of precious metals; analyse experimental laboratory data,2018,2174.971,2024,3537.817,0.6266042167918561,2022,23158.88,2024,26037.321,0.12429102789081332,FALSE
IND,India,31,Science and engineering associate professionals,311,Physical and engineering science technicians,3118,Draughtspersons,17,0.08060998764207936,0.37902864366539823,0,use technical drawing software; create technical plans; design drawings; mathematics; technical drawings; use CAD software; CAD software; manual draughting techniques; liaise with engineers; use CADD software,2018,2174.971,2024,3537.817,0.6266042167918561,2022,23158.88,2024,26037.321,0.12429102789081332,FALSE
IND,India,31,Science and engineering associate professionals,311,Physical and engineering science technicians,3119,Physical and engineering science technicians not elsewhere classified,26,0.08060998764207936,0.07007630353589638,0,create solutions to problems; record test data; adjust engineering designs; communicate commercial and technical issues in foreign languages; inspect quality of products; reduce environmental impact of footwear manufacturing; use IT tools; analyse test data; apply footwear and leather goods quality control techniques; read engineering drawings,2018,2174.971,2024,3537.817,0.6266042167918561,2022,23158.88,2024,26037.321,0.12429102789081332,FALSE
IND,India,31,Science and engineering associate professionals,312,"Mining, manufacturing and construction supervisors",3121,Mining supervisors,2,0.05474839654070304,0.04545454545454546,0,maintain records of mining operations; mine safety legislation; communicate mine equipment information; deal with pressure from unexpected circumstances; electricity; ensure compliance with safety legislation; evaluate mine development projects; impact of geological factors on mining operations; inspect mine safety conditions; manage emergency procedures,2018,2174.971,2024,3537.817,0.6266042167918561,2022,23158.88,2024,26037.321,0.12429102789081332,FALSE
IND,India,31,Science and engineering associate professionals,312,"Mining, manufacturing and construction supervisors",3122,Manufacturing supervisors,29,0.05474839654070304,0.013833483585004882,0,evaluate employees work; liaise with managers; follow production schedule; keep records of work progress; create solutions to problems; oversee production requirements; report on production results; coordinate communication within a team; plan shifts of employees; read standard blueprints,2018,2174.971,2024,3537.817,0.6266042167918561,2022,23158.88,2024,26037.321,0.12429102789081332,FALSE
IND,India,31,Science and engineering associate professionals,312,"Mining, manufacturing and construction supervisors",3123,Construction supervisors,28,0.05474839654070304,0.0042688792688792675,0,follow health and safety procedures in construction; evaluate employees work; plan shifts of employees; supervise staff; work in a construction team; ensure compliance with construction project deadline; inspect construction supplies; keep records of work progress; manage health and safety standards; process incoming construction supplies,2018,2174.971,2024,3537.817,0.6266042167918561,2022,23158.88,2024,26037.321,0.12429102789081332,FALSE
IND,India,31,Science and engineering associate professionals,313,Process control technicians,3131,Power production plant operators,12,0.16631771262619352,0.05873320919276802,0,electrical power safety regulations; electricity; electric current; electric generators; monitor electric generators; respond to electrical power contingencies; maintain electrical equipment; apply health and safety standards; wear appropriate protective gear; ensure equipment maintenance,2018,2174.971,2024,3537.817,0.6266042167918561,2022,23158.88,2024,26037.321,0.12429102789081332,FALSE
IND,India,31,Science and engineering associate professionals,313,Process control technicians,3132,Incinerator and water treatment plant operators,7,0.16631771262619352,0,0,ensure compliance with environmental legislation; maintain water treatment equipment; measure water quality parameters; monitor water quality; perform water treatments; collect samples; document analysis results; ensure compliance with waste legislative regulations; interpret scientific data to assess water quality; maintain specified water characteristics,2018,2174.971,2024,3537.817,0.6266042167918561,2022,23158.88,2024,26037.321,0.12429102789081332,FALSE
IND,India,31,Science and engineering associate professionals,313,Process control technicians,3133,Chemical processing plant controllers,6,0.16631771262619352,0.04814814814814815,0,optimise production processes parameters; ensure correct gas pressure; operate gas extraction equipment; test gas purity; use chemical analysis equipment; basic chemicals; ensure equipment maintenance; fuel gas; handle gas cylinders; maintain equipment,2018,2174.971,2024,3537.817,0.6266042167918561,2022,23158.88,2024,26037.321,0.12429102789081332,FALSE
IND,India,31,Science and engineering associate professionals,313,Process control technicians,3134,Petroleum and natural gas refining plant operators,5,0.16631771262619352,0.057777777777777775,0,manage emergency procedures; troubleshoot; coordinate remote communications; electronics; ensure compliance with safety legislation; chemistry; conduct inter-shift communication; monitor equipment condition; set equipment controls; verify oil circulation,2018,2174.971,2024,3537.817,0.6266042167918561,2022,23158.88,2024,26037.321,0.12429102789081332,FALSE
IND,India,31,Science and engineering associate professionals,313,Process control technicians,3135,Metal production process controllers,1,0.16631771262619352,0,0,admit basic metals to furnace; ensure public safety and security; maintain furnace temperature; manage emergency procedures; measure furnace temperature; operate furnace; prevent damage in a furnace; record furnace operations; troubleshoot; work in metal manufacture teams,2018,2174.971,2024,3537.817,0.6266042167918561,2022,23158.88,2024,26037.321,0.12429102789081332,FALSE
IND,India,31,Science and engineering associate professionals,313,Process control technicians,3139,Process control technicians not elsewhere classified,4,0.16631771262619352,0.18344155844155846,0,monitor automated machines; set up machine controls; adjust manufacturing equipment; perform machine maintenance; wear appropriate protective gear; analyse supply chain strategies; apparel manufacturing technology; apply assembly techniques; automation technology; create patterns for garments,2018,2174.971,2024,3537.817,0.6266042167918561,2022,23158.88,2024,26037.321,0.12429102789081332,FALSE
IND,India,31,Science and engineering associate professionals,314,Life science technicians and related associate professionals,3141,Life science technicians (excluding medical),7,0.15224417708719104,0.006493506493506493,0,laboratory techniques; maintain laboratory equipment; perform laboratory tests; analyse experimental laboratory data; apply safety procedures in laboratory; apply scientific methods; biology; calibrate laboratory equipment; perform scientific research; assist in the production of laboratory documentation,2018,2174.971,2024,3537.817,0.6266042167918561,2022,23158.88,2024,26037.321,0.12429102789081332,FALSE
IND,India,31,Science and engineering associate professionals,314,Life science technicians and related associate professionals,3142,Agricultural technicians,4,0.15224417708719104,0,0,inspect aquaculture equipment; monitor water quality; advise on aquaculture products supply chain; advise on fertiliser and herbicide; advise on grape quality improvement; advise on nitrate pollution; advise on plant mineral nutrition; advise on wine quality improvement; analyse environmental data; analyse scientific data,2018,2174.971,2024,3537.817,0.6266042167918561,2022,23158.88,2024,26037.321,0.12429102789081332,FALSE
IND,India,31,Science and engineering associate professionals,314,Life science technicians and related associate professionals,3143,Forestry technicians,1,0.15224417708719104,0,0,apply forest legislation; apply prescribed herbicides; conduct reforestation surveys; coordinate timber sales; de-limb trees; ecosystem management; environmental policy; fire-fighting systems; forest ecology; habitat restoration,2018,2174.971,2024,3537.817,0.6266042167918561,2022,23158.88,2024,26037.321,0.12429102789081332,FALSE
IND,India,31,Science and engineering associate professionals,315,Ship and aircraft controllers and technicians,3151,Ships’ engineers,4,0.02206314452441854,0.04275932400932401,0,Global Maritime Distress and Safety System; maintain vessel engine room; maintain vessel inventory; operate vessel engine room; use maritime English; International Convention for the Prevention of Pollution from Ships; electrical systems used in transportation; engine components; international regulations for preventing collisions at sea; manage vessel engines and systems,2018,2174.971,2024,3537.817,0.6266042167918561,2022,23158.88,2024,26037.321,0.12429102789081332,FALSE
IND,India,31,Science and engineering associate professionals,315,Ship and aircraft controllers and technicians,3152,Ships' deck officers and pilots,6,0.02206314452441854,0.05906776661493643,0,supervise loading of cargo; use water navigation devices; conduct water navigation; ensure vessel security; plot shipping navigation routes; principles of cargo stowage; steer vessels; supervise unloading of cargo; vessel points of sail; vessel safety equipment,2018,2174.971,2024,3537.817,0.6266042167918561,2022,23158.88,2024,26037.321,0.12429102789081332,FALSE
IND,India,31,Science and engineering associate professionals,315,Ship and aircraft controllers and technicians,3153,Aircraft pilots and related associate professionals,11,0.02206314452441854,0.1590774336344102,0,aircraft flight control systems; common aviation safety regulations; operate cockpit control panels; air transport law; aviation meteorology; civil aviation regulations; comply with air traffic control operations; ensure compliance with civil aviation regulations; ensure ongoing compliance with regulations; geographic areas,2018,2174.971,2024,3537.817,0.6266042167918561,2022,23158.88,2024,26037.321,0.12429102789081332,FALSE
IND,India,31,Science and engineering associate professionals,315,Ship and aircraft controllers and technicians,3154,Air traffic controllers,6,0.02206314452441854,0.10011574074074073,0,use different communication channels; apply airport standards and regulations; apply technical communication skills; common aviation safety regulations; air traffic control operations; air transport law; airport planning; communicate verbal instructions; ensure client orientation; ensure compliance with legal requirements,2018,2174.971,2024,3537.817,0.6266042167918561,2022,23158.88,2024,26037.321,0.12429102789081332,FALSE
IND,India,31,Science and engineering associate professionals,315,Ship and aircraft controllers and technicians,3155,Air traffic safety electronics technicians,1,0.02206314452441854,0.20833333333333337,0,air transport law; aircraft flight control systems; airport electrical systems; airport safety regulations; assist in the conducting of flight checks; carry out preventive airport maintenance; common aviation safety regulations; comply with air traffic control operations; electrical systems used in transportation; electronics,2018,2174.971,2024,3537.817,0.6266042167918561,2022,23158.88,2024,26037.321,0.12429102789081332,FALSE
IND,India,32,Health associate professionals,321,Medical and pharmaceutical technicians,3211,Medical imaging and therapeutic equipment technicians,2,0.00230414746543778,0.02830188679245283,0,communicate in healthcare; comply with legislation related to health care; comply with quality standards related to healthcare practice; contribute to continuity of health care; health care legislation; human anatomy; hygiene in a health care setting; medical terminology; perform transcranial magnetic stimulation; adhere to organisational code of ethics,2018,1499.519,2024,2872.37,0.9155275791770561,2022,23158.88,2024,26037.321,0.12429102789081332,TRUE
IND,India,32,Health associate professionals,321,Medical and pharmaceutical technicians,3212,Medical and pathology laboratory technicians,1,0.00230414746543778,0,0,apply safety procedures in laboratory; archive healthcare users' records; automated analysers in the medical laboratory; blood type classification; calibrate laboratory equipment; check the received biological samples; communicate in healthcare; conduct routine blood testing; examine cell specimens microscopically; identify patients' medical records,2018,1499.519,2024,2872.37,0.9155275791770561,2022,23158.88,2024,26037.321,0.12429102789081332,FALSE
IND,India,32,Health associate professionals,321,Medical and pharmaceutical technicians,3213,Pharmaceutical technicians and assistants,2,0.00230414746543778,0.05764966740576497,0,manage healthcare users' data; accept own accountability; adhere to organisational guidelines; advise on healthcare users' informed consent; apply good clinical practices; apply organisational techniques; check for medication expiry terms; check information on prescriptions; clinical reports; clinical science,2018,1499.519,2024,2872.37,0.9155275791770561,2022,23158.88,2024,26037.321,0.12429102789081332,FALSE
IND,India,32,Health associate professionals,321,Medical and pharmaceutical technicians,3214,Medical and dental prosthetic technicians,2,0.00230414746543778,0,0,adhere to organisational guidelines; advise customers on hearing aids; advise on rehabilitation exercises; answer patients' questions; archive healthcare users' records; biomechanics; collect healthcare user's general data; communicate in healthcare; comply with legislation related to health care; comply with quality standards related to healthcare practice,2018,1499.519,2024,2872.37,0.9155275791770561,2022,23158.88,2024,26037.321,0.12429102789081332,FALSE
IND,India,32,Health associate professionals,322,Nursing and midwifery associate professionals,3222,Midwifery associate professionals,1,0,0,0,advise on family planning; advise on pregnancies at risk; advise on pregnancy; assist on pregnancy abnormality; care for the new-born infant; childbirth; communicate with nursing staff; comply with legislation related to health care; comply with quality standards related to healthcare practice; contribute to continuity of health care,2018,1499.519,2024,2872.37,0.9155275791770561,2022,23158.88,2024,26037.321,0.12429102789081332,FALSE
IND,India,32,Health associate professionals,323,Traditional and complementary medicine associate professionals,3230,Traditional and complementary medicine associate professionals,1,0,0,0,acupuncture methods; advise on mental health; apply a holistic approach in care; apply aromatherapy; apply context specific clinical competences; characteristics of plants; collect healthcare user's general data; communicate in healthcare; develop a collaborative therapeutic relationship; develop therapeutic relationships,2018,1499.519,2024,2872.37,0.9155275791770561,2022,23158.88,2024,26037.321,0.12429102789081332,FALSE
IND,India,32,Health associate professionals,324,Veterinary technicians and assistants,3240,Veterinary technicians and assistants,6,0.02992345229516689,0,0,animal welfare legislation; apply safe work practices in a veterinary setting; handle veterinary emergencies; manage animal biosecurity; monitor the welfare of animals; anatomy of animals; animal behaviour; animal welfare; biosecurity related to animals; physiology of animals,2018,1499.519,2024,2872.37,0.9155275791770561,2022,23158.88,2024,26037.321,0.12429102789081332,FALSE
IND,India,32,Health associate professionals,325,Other health associate professionals,3251,Dental assistants and therapists,1,0.07007834005666401,0.02777777777777777,0,accept own accountability; apply context specific clinical competences; apply organisational techniques; assist the dentist during the dental treatment procedure; communicate in healthcare; comply with legislation related to health care; contribute to continuity of health care; deal with emergency care situations; deal with patients' anxiety; develop a collaborative therapeutic relationship,2018,1499.519,2024,2872.37,0.9155275791770561,2022,23158.88,2024,26037.321,0.12429102789081332,FALSE
IND,India,32,Health associate professionals,325,Other health associate professionals,3252,Medical records and health information technicians,5,0.07007834005666401,0.24333333333333332,0,use electronic health records management system; health records management; medical terminology; archive healthcare users' records; clinical coding; communicate in healthcare; document management; follow clinical guidelines; identify patients' medical records; maintain healthcare user data confidentiality,2018,1499.519,2024,2872.37,0.9155275791770561,2022,23158.88,2024,26037.321,0.12429102789081332,FALSE
IND,India,32,Health associate professionals,325,Other health associate professionals,3253,Community health workers,2,0.07007834005666401,0,0,acute care; adapt teaching to target group; advise on safety measures; apply decision making within social work; apply knowledge of human behaviour; apply quality standards in social services; apply teaching strategies; assess social service users' situation; assess students; assist students with equipment,2018,1499.519,2024,2872.37,0.9155275791770561,2022,23158.88,2024,26037.321,0.12429102789081332,FALSE
IND,India,32,Health associate professionals,325,Other health associate professionals,3254,Dispensing opticians,2,0.07007834005666401,0.00943396226415094,0,comply with optical prescriptions; cut lenses for eyeglasses; handle contact lenses; maintain records of clients' prescriptions; maintain relationship with suppliers; operate optical measuring equipment; optical glass characteristics; perform frames' repairs; prepare optical laboratory activities; sell optical products,2018,1499.519,2024,2872.37,0.9155275791770561,2022,23158.88,2024,26037.321,0.12429102789081332,FALSE
IND,India,32,Health associate professionals,325,Other health associate professionals,3255,Physiotherapy technicians and assistants,4,0.07007834005666401,0.006097560975609755,0,empathise with the healthcare user; provide health education; develop therapeutic relationships; ensure safety of healthcare users; human anatomy; identify customer's needs; listen actively; maintain work area cleanliness; accept own accountability; apply context specific clinical competences,2018,1499.519,2024,2872.37,0.9155275791770561,2022,23158.88,2024,26037.321,0.12429102789081332,FALSE
IND,India,32,Health associate professionals,325,Other health associate professionals,3256,Medical assistants,1,0.07007834005666401,0.04347826086956521,0,accept own accountability; adhere to organisational guidelines; administrative tasks in a medical environment; advise on healthcare users' informed consent; anaesthetics; answer patients' questions; apply context specific clinical competences; apply organisational techniques; assist in epilepsy surgery; communicate in healthcare,2018,1499.519,2024,2872.37,0.9155275791770561,2022,23158.88,2024,26037.321,0.12429102789081332,FALSE
IND,India,32,Health associate professionals,325,Other health associate professionals,3257,Environmental and occupational health inspectors and associates,10,0.07007834005666401,0.018560545839957605,0,"write inspection reports; audit techniques; conduct workplace audits; ensure compliance with waste legislative regulations; health, safety and hygiene legislation; manage health and safety standards; monitor employee's health; monitor legislation developments; waste management; adhere to OHSAS 18001",2018,1499.519,2024,2872.37,0.9155275791770561,2022,23158.88,2024,26037.321,0.12429102789081332,FALSE
IND,India,32,Health associate professionals,325,Other health associate professionals,3258,Ambulance workers,2,0.07007834005666401,0.028665028665028666,0,adhere to organisational guidelines; communicate in healthcare; comply with legislation related to health care; comply with quality standards related to healthcare practice; emergency cases; empathise with the healthcare user; first aid; human anatomy; hygiene in a health care setting; listen actively,2018,1499.519,2024,2872.37,0.9155275791770561,2022,23158.88,2024,26037.321,0.12429102789081332,FALSE
IND,India,32,Health associate professionals,325,Other health associate professionals,3259,Health associate professionals not elsewhere classified,7,0.07007834005666401,0.05942750632405805,0,comply with legislation related to health care; communicate in healthcare; comply with quality standards related to healthcare practice; medical informatics; empathise with the healthcare user; ensure safety of healthcare users; health care legislation; human anatomy; hygiene in a health care setting; infection control,2018,1499.519,2024,2872.37,0.9155275791770561,2022,23158.88,2024,26037.321,0.12429102789081332,FALSE
IND,India,33,Business and administration associate professionals,331,Financial and mathematical associate professionals,3311,Securities and finance dealers and brokers,13,0.00785920713301548,0.009332579185520362,0,analyse market financial trends; economics; financial markets; actuarial science; forecast economic trends; analyse economic trends; financial jurisdiction; financial products; handle financial transactions; securities,2018,6627.804,2024,3692.196,-0.44292317636429807,2022,23158.88,2024,26037.321,0.12429102789081332,TRUE
IND,India,33,Business and administration associate professionals,331,Financial and mathematical associate professionals,3312,Credit and loans officers,9,0.00785920713301548,0.03926767676767677,0,obtain financial information; analyse financial risk; advise on financial matters; analyse loans; analyse the credit history of potential customers; banking activities; credit control processes; maintain credit history of clients; provide support in financial calculation; actuarial science,2018,6627.804,2024,3692.196,-0.44292317636429807,2022,23158.88,2024,26037.321,0.12429102789081332,FALSE
IND,India,33,Business and administration associate professionals,331,Financial and mathematical associate professionals,3313,Accounting associate professionals,3,0.00785920713301548,0,0,accounting department processes; accounting entries; accounting techniques; attach accounting certificates to accounting transactions; bookkeeping regulations; depreciation; follow the statutory obligations; identify accounting errors; maintain financial records; prepare trial accounting balances,2018,6627.804,2024,3692.196,-0.44292317636429807,2022,23158.88,2024,26037.321,0.12429102789081332,FALSE
IND,India,33,Business and administration associate professionals,331,Financial and mathematical associate professionals,3314,"Statistical, mathematical and related associate professionals",2,0.00785920713301548,0.30000000000000004,0,apply statistical analysis techniques; statistical analysis system software; statistics; actuarial science; analyse market financial trends; apply scientific methods; calculate insurance rate; carry out statistical forecasts; compile statistical data for insurance purposes; conduct quantitative research,2018,6627.804,2024,3692.196,-0.44292317636429807,2022,23158.88,2024,26037.321,0.12429102789081332,FALSE
IND,India,33,Business and administration associate professionals,331,Financial and mathematical associate professionals,3315,Valuers and loss assessors,8,0.00785920713301548,0,0,insurance law; actuarial science; analyse claim files; claims procedures; collect property financial information; interview insurance claimants; obtain financial information; organise a damage assessment; principles of insurance; property law,2018,6627.804,2024,3692.196,-0.44292317636429807,2022,23158.88,2024,26037.321,0.12429102789081332,FALSE
IND,India,33,Business and administration associate professionals,332,Sales and purchasing agents and brokers,3321,Insurance representatives,4,0.02715933545573431,0.014705882352941175,0,actuarial science; insurance law; principles of insurance; types of insurance; analyse financial risk; claims procedures; analyse insurance risk; create insurance policies; obtain financial information; property law,2018,6627.804,2024,3692.196,-0.44292317636429807,2022,23158.88,2024,26037.321,0.12429102789081332,FALSE
IND,India,33,Business and administration associate professionals,332,Sales and purchasing agents and brokers,3322,Commercial sales representatives,3,0.02715933545573431,0.020833333333333336,0,answer requests for quotation; carry out sales analysis; characteristics of products; characteristics of services; identify customer's needs; sales strategies; assess customers; identify energy needs; inform customers on energy consumption fees; manage contracts,2018,6627.804,2024,3692.196,-0.44292317636429807,2022,23158.88,2024,26037.321,0.12429102789081332,FALSE
IND,India,33,Business and administration associate professionals,332,Sales and purchasing agents and brokers,3323,Buyers,9,0.02715933545573431,0.02092731829573935,0,identify suppliers; maintain relationship with suppliers; negotiate buying conditions; track price trends; communicate price changes; manage budgets; manage contracts; manage purchasing cycle; perform procurement processes; adhere to organisational guidelines,2018,6627.804,2024,3692.196,-0.44292317636429807,2022,23158.88,2024,26037.321,0.12429102789081332,FALSE
IND,India,33,Business and administration associate professionals,332,Sales and purchasing agents and brokers,3324,Trade brokers,41,0.02715933545573431,0.04942478964357627,0,negotiate sale of commodities; identify customer's needs; negotiate buying conditions; negotiate sales contracts; plan transport operations; assess supplier risks; build business relationships; comprehend financial business terminology; have computer literacy; identify new business opportunities,2018,6627.804,2024,3692.196,-0.44292317636429807,2022,23158.88,2024,26037.321,0.12429102789081332,FALSE
IND,India,33,Business and administration associate professionals,333,Business services agents,3331,Clearing and forwarding agents,40,0.02866816660257812,0.044004384551699124,0,international import export regulations; communicate with shipment forwarders; plan transport operations; administer multi-modal logistics; apply conflict management; apply export strategies; apply import strategies; build rapport with people from different cultural backgrounds; create import-export commercial documentation; create solutions to problems,2018,6627.804,2024,3692.196,-0.44292317636429807,2022,23158.88,2024,26037.321,0.12429102789081332,FALSE
IND,India,33,Business and administration associate professionals,333,Business services agents,3332,Conference and event planners,5,0.02866816660257812,0,0,arrange special events; confer with event staff; consult exhibition organisers; coordinate events; evaluate events; inspect event facilities; maintain customer service; maintain event records; monitor event activities; negotiate contracts with event providers,2018,6627.804,2024,3692.196,-0.44292317636429807,2022,23158.88,2024,26037.321,0.12429102789081332,FALSE
IND,India,33,Business and administration associate professionals,333,Business services agents,3333,Employment agents and contractors,1,0.02866816660257812,0,0,apply knowledge of human behaviour; communicate by telephone; develop professional network; document interviews; employment law; ensure gender equality in the workplace; hire human resources; interview people; job market offers; labour legislation,2018,6627.804,2024,3692.196,-0.44292317636429807,2022,23158.88,2024,26037.321,0.12429102789081332,FALSE
IND,India,33,Business and administration associate professionals,333,Business services agents,3334,Real estate agents and property managers,8,0.02866816660257812,0,0,property law; compare property values; real estate market; analyse financial performance of a company; analyse insurance risk; collect property financial information; corporate social responsibility; financial analysis; follow company standards; inform on renting agreements,2018,6627.804,2024,3692.196,-0.44292317636429807,2022,23158.88,2024,26037.321,0.12429102789081332,FALSE
IND,India,33,Business and administration associate professionals,333,Business services agents,3339,Business services agents not elsewhere classified,8,0.02866816660257812,0.004807692307692307,0,contract law; manage contracts; develop professional network; employment law; prospect new customers; protect client interests; adapt communication style according to recipient; adapt to artists' creative demands; advertise auction sales; advertising techniques,2018,6627.804,2024,3692.196,-0.44292317636429807,2022,23158.88,2024,26037.321,0.12429102789081332,FALSE
IND,India,33,Business and administration associate professionals,334,Administrative and specialised secretaries,3341,Office supervisors,7,0.00367647058823529,0.19325063358676803,0,call quality assurance management; present reports; analyse staff capacity; create solutions to problems; forecast workload; perform data analysis; write work-related reports; analyse call performance trends; call routing; call-centre technologies,2018,6627.804,2024,3692.196,-0.44292317636429807,2022,23158.88,2024,26037.321,0.12429102789081332,FALSE
IND,India,33,Business and administration associate professionals,334,Administrative and specialised secretaries,3342,Legal secretaries,2,0.00367647058823529,0,0,act discreetly; check official documents; communicate by telephone; compile legal documents; legal department processes; legal terminology; manage personnel agenda; meet deadlines for preparing legal cases; observe confidentiality; officiate civil partnerships,2018,6627.804,2024,3692.196,-0.44292317636429807,2022,23158.88,2024,26037.321,0.12429102789081332,FALSE
IND,India,33,Business and administration associate professionals,334,Administrative and specialised secretaries,3343,Administrative and executive secretaries,12,0.00367647058823529,0.15084341811887578,0,perform business research; use spreadsheets software; use office systems; company policies; disseminate messages to people; draft corporate emails; liaise with managers; observe confidentiality; office software; perform clerical duties,2018,6627.804,2024,3692.196,-0.44292317636429807,2022,23158.88,2024,26037.321,0.12429102789081332,FALSE
IND,India,33,Business and administration associate professionals,334,Administrative and specialised secretaries,3344,Medical secretaries,3,0.00367647058823529,0.1603174603174603,0,apply organisational techniques; maintain healthcare user data confidentiality; administrative tasks in a medical environment; align efforts towards business development; analyse business plans; analyse business processes; analyse financial risk; answer patients' questions; apply grammar and spelling rules; archive healthcare users' records,2018,6627.804,2024,3692.196,-0.44292317636429807,2022,23158.88,2024,26037.321,0.12429102789081332,FALSE
IND,India,33,Business and administration associate professionals,335,Regulatory government associate professionals,3351,Customs and border inspectors,3,0.03833186290082837,0,0,check official documents; identify security threats; advise on customs regulations; advise on licencing procedures; apply company policies; apply immigration law; check methods; check travel documentation; comply with legal regulations; conduct research interview,2018,6627.804,2024,3692.196,-0.44292317636429807,2022,23158.88,2024,26037.321,0.12429102789081332,FALSE
IND,India,33,Business and administration associate professionals,335,Regulatory government associate professionals,3352,Government tax and excise officials,2,0.03833186290082837,0,0,calculate tax; collect tax; handle financial transactions; inspect tax returns; inspect taxation documents; tax legislation; accounting techniques; advise on tax policy; assess debtor's financial situation; assess seizable goods,2018,6627.804,2024,3692.196,-0.44292317636429807,2022,23158.88,2024,26037.321,0.12429102789081332,FALSE
IND,India,33,Business and administration associate professionals,335,Regulatory government associate professionals,3353,Government social benefits officials,3,0.03833186290082837,0.04945054945054945,0,government social security programmes; protect client interests; social security law; advise on social security benefits; apply technical communication skills; conduct research interview; ensure information transparency; investigate social security applications; actuarial science; administer appointments,2018,6627.804,2024,3692.196,-0.44292317636429807,2022,23158.88,2024,26037.321,0.12429102789081332,FALSE
IND,India,33,Business and administration associate professionals,335,Regulatory government associate professionals,3354,Government licensing officials,3,0.03833186290082837,0,0,advise on licencing procedures; assess licence applications; check official documents; correspond with licence applicants; licences regulation; apply immigration law; apply technical communication skills; assess breaches of licence agreements; comply with legal regulations; fraud detection,2018,6627.804,2024,3692.196,-0.44292317636429807,2022,23158.88,2024,26037.321,0.12429102789081332,FALSE
IND,India,33,Business and administration associate professionals,335,Regulatory government associate professionals,3355,Police inspectors and detectives,3,0.03833186290082837,0,0,examine crime scenes; handle case evidence; analyse legal evidence; criminology; develop investigation strategy; ensure law application; form operational strategies for law enforcement; hear witness accounts; investigation research methods; law enforcement,2018,6627.804,2024,3692.196,-0.44292317636429807,2022,23158.88,2024,26037.321,0.12429102789081332,FALSE
IND,India,33,Business and administration associate professionals,335,Regulatory government associate professionals,3359,Regulatory government associate professionals not elsewhere classified,8,0.03833186290082837,0.006578947368421052,0,undertake inspections; perform inspections required by international conventions; adjust weight of cargo to capacity of freight transport vehicles; analyse business processes; communicate health and safety measures; communicate with customers; conduct environmental surveys; consumer protection; enforce sanitation procedures; ensure compliance with legal requirements,2018,6627.804,2024,3692.196,-0.44292317636429807,2022,23158.88,2024,26037.321,0.12429102789081332,FALSE
IND,India,34,"Legal, social, cultural and related associate professionals",341,"Legal, social and religious associate professionals",3411,Legal and related associate professionals,10,0.00190700104493207,0.026666666666666665,0,compile legal documents; court procedures; comply with legal regulations; legal research; legal terminology; assist judge; civil law; civil process order; handle case evidence; legal case management,2018,4846.251,2024,1064.669,-0.7803108010707659,2022,23158.88,2024,26037.321,0.12429102789081332,TRUE
IND,India,34,"Legal, social, cultural and related associate professionals",341,"Legal, social and religious associate professionals",3412,Social work associate professionals,18,0.00190700104493207,0.00505050505050505,0,listen actively; contribute to protecting individuals from harm; relate empathetically; apply person-centred care; apply quality standards in social services; assess social service users' situation; maintain records of work with service users; manage social crisis; protect vulnerable social service users; accept own accountability,2018,4846.251,2024,1064.669,-0.7803108010707659,2022,23158.88,2024,26037.321,0.12429102789081332,FALSE
IND,India,34,"Legal, social, cultural and related associate professionals",341,"Legal, social and religious associate professionals",3413,Religious associate professionals,2,0.00190700104493207,0,0,establish collaborative relations; observe confidentiality; promote religious activities; build community relations; guide conversion; interpret religious texts; mentor individuals; monasticism; perform religious ceremonies; prayer,2018,4846.251,2024,1064.669,-0.7803108010707659,2022,23158.88,2024,26037.321,0.12429102789081332,FALSE
IND,India,34,"Legal, social, cultural and related associate professionals",342,Sports and fitness workers,3421,Athletes and sports players,1,0.03088353509382677,0,0,adapt lifestyle for sports performance; apply sport games rules; assess performance in sport events; develop strong attitudes in sports; implement relevant tactical skills to perform at the highest level in sport; implement relevant technical skills to perform at the highest level in sport; manage sporting career; participate in sport events; participate in training sessions; work to develop physical ability to perform at the highest level in sport,2018,4846.251,2024,1064.669,-0.7803108010707659,2022,23158.88,2024,26037.321,0.12429102789081332,FALSE
IND,India,34,"Legal, social, cultural and related associate professionals",342,Sports and fitness workers,3422,"Sports coaches, instructors and officials",13,0.03088353509382677,0,0,instruct in sport; plan sports instruction programme; apply risk management in sports; adapt teaching to target group; assess performance in sport events; demonstrate when teaching; organise training; personalise sports programme; give constructive feedback; adapt teaching to student's capabilities,2018,4846.251,2024,1064.669,-0.7803108010707659,2022,23158.88,2024,26037.321,0.12429102789081332,FALSE
IND,India,34,"Legal, social, cultural and related associate professionals",342,Sports and fitness workers,3423,Fitness and recreation instructors and program leaders,14,0.03088353509382677,0,0,animate in the outdoors; assess risk in the outdoors; communicate in an outdoor setting; correct potentially harmful movements; evaluate outdoor activities; give feedback on changing circumstances; implement risk management for outdoors; manage feedback; manage groups outdoors; manage outdoor resources,2018,4846.251,2024,1064.669,-0.7803108010707659,2022,23158.88,2024,26037.321,0.12429102789081332,FALSE
IND,India,34,"Legal, social, cultural and related associate professionals",343,"Artistic, cultural and culinary associate professionals",3431,Photographers,2,0.01556141291963098,0.06971153846153846,0,select photographic equipment; set up photographic equipment; adapt to type of media; apply grammar and spelling rules; build contacts to maintain news flow; consult information sources; copyright legislation; create artificial light; create digital images; design an artificial lighting system,2018,4846.251,2024,1064.669,-0.7803108010707659,2022,23158.88,2024,26037.321,0.12429102789081332,FALSE
IND,India,34,"Legal, social, cultural and related associate professionals",343,"Artistic, cultural and culinary associate professionals",3432,Interior designers and decorators,8,0.01556141291963098,0.053242995430495425,0,meet deadlines; work ergonomically; adapt to artists' creative demands; keep up with trends; prevent fire in a performance environment; understand artistic concepts; use personal protection equipment; work safely with chemicals; work with respect for own safety; adapt sets,2018,4846.251,2024,1064.669,-0.7803108010707659,2022,23158.88,2024,26037.321,0.12429102789081332,FALSE
IND,India,34,"Legal, social, cultural and related associate professionals",343,"Artistic, cultural and culinary associate professionals",3433,"Gallery, museum and library technicians",3,0.01556141291963098,0.28985507246376807,0,advise on art handling; analyse big data; anatomy of animals; animal positions; animal species; animal welfare legislation; assess museum object condition; business intelligence; clean animal body parts; clean carcasses,2018,4846.251,2024,1064.669,-0.7803108010707659,2022,23158.88,2024,26037.321,0.12429102789081332,FALSE
IND,India,34,"Legal, social, cultural and related associate professionals",343,"Artistic, cultural and culinary associate professionals",3434,Chefs,5,0.01556141291963098,0.03463345864661654,0,comply with food safety and hygiene; types of whisks; use cooking techniques; use reheating techniques; food waste monitoring systems; handover the food preparation area; manage staff; plan menus; use culinary finishing techniques; use resource-efficient technologies in hospitality,2018,4846.251,2024,1064.669,-0.7803108010707659,2022,23158.88,2024,26037.321,0.12429102789081332,FALSE
IND,India,34,"Legal, social, cultural and related associate professionals",343,"Artistic, cultural and culinary associate professionals",3435,Other artistic and cultural associate professionals,32,0.01556141291963098,0.04205220735281817,0,work with respect for own safety; use personal protection equipment; work ergonomically; adapt to artists' creative demands; understand artistic concepts; prevent fire in a performance environment; work safely with machines; work safely with mobile electrical systems under supervision; follow safety procedures when working at heights; prepare personal work environment,2018,4846.251,2024,1064.669,-0.7803108010707659,2022,23158.88,2024,26037.321,0.12429102789081332,FALSE
IND,India,35,Information and communications technicians,351,Information and communications technology operations and user support technicians,3511,Information and communications technology operations technicians,1,0,0.9285714285714286,0,administer ICT system; analyse ICT system; balance database resources; database management systems; develop contingency plans for emergencies; keep up with the latest information systems solutions; maintain ICT server; maintain database performance; maintain database security; manage database,2022,565.475,2024,509.507,-0.0989751978425218,2022,23158.88,2024,26037.321,0.12429102789081332,TRUE
IND,India,35,Information and communications technicians,351,Information and communications technology operations and user support technicians,3512,Information and communications technology user support technicians,4,0,0.5732736572890025,0,keep up to date on product knowledge; use ICT hardware; ICT networking hardware; attack vectors; characteristics of products; characteristics of services; communicate with customers; create solutions to problems; procurement of ICT network equipment; product comprehension,2022,565.475,2024,509.507,-0.0989751978425218,2022,23158.88,2024,26037.321,0.12429102789081332,FALSE
IND,India,35,Information and communications technicians,351,Information and communications technology operations and user support technicians,3513,Computer network and systems technicians,2,0,0.5788461538461538,0,ICT network cable limitations; ICT network routing; ICT network security risks; ICT networking hardware; adjust ICT system capacity; analyse network bandwidth requirements; analyse network configuration and performance; apply technical communication skills; common aviation safety regulations; communicate in air traffic services,2022,565.475,2024,509.507,-0.0989751978425218,2022,23158.88,2024,26037.321,0.12429102789081332,FALSE
IND,India,35,Information and communications technicians,351,Information and communications technology operations and user support technicians,3514,Web technicians,1,0,0.8695652173913043,0,apply ICT system usage policies; apply tools for content development; authoring software; develop digital content; digital communication and collaboration; digital systems; domain name service; graphics editor software; implement front-end website design; maintain ICT server,2022,565.475,2024,509.507,-0.0989751978425218,2022,23158.88,2024,26037.321,0.12429102789081332,FALSE
IND,India,35,Information and communications technicians,352,Telecommunications and broadcasting technicians,3521,Broadcasting and audiovisual technicians,13,0,0.29476321595427035,0,use technical documentation; work ergonomically; keep up with trends; adapt to artists' creative demands; coordinate audio system programmes; plan audiovisual recording; prevent fire in a performance environment; use audio reproduction software; work safely with chemicals; work safely with mobile electrical systems under supervision,2022,565.475,2024,509.507,-0.0989751978425218,2022,23158.88,2024,26037.321,0.12429102789081332,FALSE
IND,India,35,Information and communications technicians,352,Telecommunications and broadcasting technicians,3522,Telecommunications engineering technicians,1,0,0.64,0,ICT communications protocols; ICT system user requirements; analog electronics theory; apply ICT system usage policies; apply system organisational policies; calibrate electronic instruments; direct inward dialing; electromagnetism; electronics principles; install monitors for process control,2022,565.475,2024,509.507,-0.0989751978425218,2022,23158.88,2024,26037.321,0.12429102789081332,FALSE
IND,India,41,General and keyboard clerks,411,General office clerks,4110,General office clerks,2,0,0.14160839160839161,0,perform office routine activities; align content with form; apply grammar and spelling rules; communicate by telephone; communicate with customers; company policies; complete membership administration; customer service; deliver correspondence; develop professional network,2018,6080.066,2024,5652.061,-0.07039479505650105,2022,20860.809,2024,24388.406,0.1691016393467769,TRUE
IND,India,41,General and keyboard clerks,412,Secretaries (general),4120,Secretaries (general),1,0,0.2727272727272727,0,administer appointments; communicate by telephone; communicate schedules to the people concerned; company policies; disseminate internal communications; disseminate messages to people; draft corporate emails; file documents; fill out forms; handle mail,2018,6080.066,2024,5652.061,-0.07039479505650105,2022,20860.809,2024,24388.406,0.1691016393467769,FALSE
IND,India,41,General and keyboard clerks,413,Keyboard operators,4131,Typists and word processing operators,1,0,0.2307692307692308,0,align content with form; apply grammar and spelling rules; company policies; decode handwritten texts; draft corporate emails; liaise with typists; pose questions referring to documents; provide written content; transcription methods; type error-free documents,2018,6080.066,2024,5652.061,-0.07039479505650105,2022,20860.809,2024,24388.406,0.1691016393467769,FALSE
IND,India,41,General and keyboard clerks,413,Keyboard operators,4132,Data entry clerks,1,0,0.8,0,apply information security policies; apply statistical analysis techniques; database; documentation types; maintain data entry requirements; perform data cleansing; process data; query languages; resource description framework query language; use word processing software,2018,6080.066,2024,5652.061,-0.07039479505650105,2022,20860.809,2024,24388.406,0.1691016393467769,FALSE
IND,India,42,Customer services clerks,421,"Tellers, money collectors and related clerks",4211,Bank tellers and related clerks,2,0,0,0,communicate with customers; customer service; handle financial transactions; process payments; assist customers; banking activities; characteristics of products; characteristics of services; convert currency; deliver correspondence,2018,1442.325,2024,1541.281,0.06860867002929291,2022,20860.809,2024,24388.406,0.1691016393467769,TRUE
IND,India,42,Customer services clerks,421,"Tellers, money collectors and related clerks",4212,"Bookmakers, croupiers and related gaming workers",9,0,0.07283950617283949,0,follow ethical code of conduct of gambling; casino game rules; casino policies; communicate with customers; follow safety precautions in a gaming room; games rules; maintain customer service; monitor casino finances; show good manners with players; communicate gambling rules,2018,1442.325,2024,1541.281,0.06860867002929291,2022,20860.809,2024,24388.406,0.1691016393467769,FALSE
IND,India,42,Customer services clerks,421,"Tellers, money collectors and related clerks",4213,Pawnbrokers and money-lenders,1,0,0.0625,0,analyse financial risk; assess customer credibility; collect customer data; communicate with customers; debt collection techniques; debt systems; decide on loan applications; determine resale value of items; estimate value of used goods; handle financial transactions,2018,1442.325,2024,1541.281,0.06860867002929291,2022,20860.809,2024,24388.406,0.1691016393467769,FALSE
IND,India,42,Customer services clerks,421,"Tellers, money collectors and related clerks",4214,Debt-collectors and related workers,2,0,0.02631578947368421,0,debt collection techniques; debt systems; maintain client debt records; perform debt investigation; analyse financial risk; assess customers; calculate debt costs; communicate with customers; create cooperation modalities; create solutions to problems,2018,1442.325,2024,1541.281,0.06860867002929291,2022,20860.809,2024,24388.406,0.1691016393467769,FALSE
IND,India,42,Customer services clerks,422,Client information workers,4221,Travel consultants and clerks,9,0.03365175022963136,0.05034164766469666,0,maintain customer service; apply foreign languages in tourism; communicate with customers; geographical areas relevant to tourism; handle personal identifiable information; identify customer's needs; process booking; provide tourism related information; assist clients with special needs; build a network of suppliers in tourism,2018,1442.325,2024,1541.281,0.06860867002929291,2022,20860.809,2024,24388.406,0.1691016393467769,FALSE
IND,India,42,Customer services clerks,422,Client information workers,4222,Contact centre information clerks,2,0.03365175022963136,0.2184873949579832,0,characteristics of products; characteristics of services; guarantee customer satisfaction; adapt to changing situations; answer incoming calls; collect customer data; communicate by telephone; communicate with customers; create solutions to problems; customer insight,2018,1442.325,2024,1541.281,0.06860867002929291,2022,20860.809,2024,24388.406,0.1691016393467769,FALSE
IND,India,42,Customer services clerks,422,Client information workers,4223,Telephone switchboard operators,2,0.03365175022963136,0.2932330827067669,0,adhere to organisational guidelines; answer emergency calls; answer incoming calls; communicate by telephone; communicate verbal instructions; comply with legislation related to health care; comply with quality standards related to healthcare practice; dispatch ambulance; electronic communication; listen actively,2018,1442.325,2024,1541.281,0.06860867002929291,2022,20860.809,2024,24388.406,0.1691016393467769,FALSE
IND,India,42,Customer services clerks,422,Client information workers,4224,Hotel receptionists,3,0.03365175022963136,0,0,assist at check-in; comply with food safety and hygiene; greet guests; handle customer complaints; maintain customer service; assist clients with special needs; deal with arrivals in accommodation; deal with departures in accommodation; handle financial transactions; maintain customer records,2018,1442.325,2024,1541.281,0.06860867002929291,2022,20860.809,2024,24388.406,0.1691016393467769,FALSE
IND,India,42,Customer services clerks,422,Client information workers,4225,Enquiry clerks,1,0.03365175022963136,0.125,0,apply conflict management; apply knowledge of human behaviour; communicate with customers; control of expenses; create solutions to problems; customer service; determine charges for customer services; ensure client orientation; guarantee customer satisfaction; have computer literacy,2018,1442.325,2024,1541.281,0.06860867002929291,2022,20860.809,2024,24388.406,0.1691016393467769,FALSE
IND,India,42,Customer services clerks,422,Client information workers,4226,Receptionists (general),3,0.03365175022963136,0.07846153846153846,0,communicate by telephone; maintain reception area; adhere to organisational guidelines; administer appointments; communicate with customers; customer service; administrative tasks in a medical environment; animal welfare; animal welfare legislation; answer patients' questions,2018,1442.325,2024,1541.281,0.06860867002929291,2022,20860.809,2024,24388.406,0.1691016393467769,FALSE
IND,India,42,Customer services clerks,422,Client information workers,4227,Survey and market research interviewers,2,0.03365175022963136,0.06349206349206349,0,adhere to questionnaires; capture people's attention; communication; document interviews; information confidentiality; interview techniques; prepare survey report; respond to enquiries; survey techniques; tabulate survey results,2018,1442.325,2024,1541.281,0.06860867002929291,2022,20860.809,2024,24388.406,0.1691016393467769,FALSE
IND,India,42,Customer services clerks,422,Client information workers,4229,Client information workers not elsewhere classified,1,0.03365175022963136,0,0,assist at check-in; assist clients with special needs; comply with food safety and hygiene; greet guests; handle customer complaints; identify customer's needs; maintain customer service; maintain relationship with customers; provide tourism related information,2018,1442.325,2024,1541.281,0.06860867002929291,2022,20860.809,2024,24388.406,0.1691016393467769,FALSE
IND,India,43,Numerical and material recording clerks,431,Numerical clerks,4311,Accounting and bookkeeping clerks,2,0,0.041666666666666664,0,allocate bills; bookkeeping regulations; file documents; fill out forms; financial capability; financial department processes; follow up accounts receivables; handle financial transactions; handle mail; maintain credit history of clients,2022,1350.294,2024,1645.792,0.21883974897318642,2022,20860.809,2024,24388.406,0.1691016393467769,TRUE
IND,India,43,Numerical and material recording clerks,431,Numerical clerks,4312,"Statistical, finance and insurance clerks",8,0,0.09843071015671634,0,perform clerical duties; maintain records of financial transactions; electronic communication; handle financial transactions; office software; banking activities; customer service; handle paperwork; provide financial product information; use office systems,2022,1350.294,2024,1645.792,0.21883974897318642,2022,20860.809,2024,24388.406,0.1691016393467769,FALSE
IND,India,43,Numerical and material recording clerks,431,Numerical clerks,4313,Payroll clerks,1,0,0,0,calculate wages; carry out financial transactions; check payrolls; examine budgets; manage payroll; mathematics; prepare paychecks; procure time sheet approval; trace financial transactions,2022,1350.294,2024,1645.792,0.21883974897318642,2022,20860.809,2024,24388.406,0.1691016393467769,FALSE
IND,India,43,Numerical and material recording clerks,432,Material-recording and transport clerks,4321,Stock clerks,6,0.04143232607689721,0.14595312095312096,0,manage inventory; manage warehouse operations; use IT tools; identify software for warehouse management; keep inventory of goods in production; perform warehousing operations; use a warehouse management system; use spreadsheets software; adapt to changing situations; adhere to organisational guidelines,2022,1350.294,2024,1645.792,0.21883974897318642,2022,20860.809,2024,24388.406,0.1691016393467769,FALSE
IND,India,43,Numerical and material recording clerks,432,Material-recording and transport clerks,4322,Production clerks,1,0.04143232607689721,0,0,analyse production processes for improvement; communicate production plan; coordinate operational activities; create solutions to problems; keep records of work progress; liaise with managers; manage resources; manage teamwork; oversee production requirements; plan manufacturing processes,2022,1350.294,2024,1645.792,0.21883974897318642,2022,20860.809,2024,24388.406,0.1691016393467769,FALSE
IND,India,43,Numerical and material recording clerks,432,Material-recording and transport clerks,4323,Transport clerks,21,0.04143232607689721,0.04977688223363256,0,use different communication channels; apply company policies; communicate verbal instructions; ensure public safety and security; match vessels to shipping routes; supervise loading of cargo; supervise unloading of cargo; types of maritime vessels; vessel traffic services; apply airport standards and regulations,2022,1350.294,2024,1645.792,0.21883974897318642,2022,20860.809,2024,24388.406,0.1691016393467769,FALSE
IND,India,44,Other clerical support workers,441,Other clerical support workers,4411,Library clerks,1,0.0108695652173913,0.15384615384615383,0,analyse library users' queries; arrange interlibrary loans; assess informational needs; classify library materials; copyright legislation; display library material; instruct library users in digital literacy; maintain library equipment; maintain library inventory; manage library users queries,2022,1684.037,2024,2155.427,0.2799166526626197,2022,20860.809,2024,24388.406,0.1691016393467769,TRUE
IND,India,44,Other clerical support workers,441,Other clerical support workers,4412,Mail carriers and sorting clerks,2,0.0108695652173913,0.12708333333333333,0,differentiate types of packages; ensure the integrity of mail; establish daily priorities; handle mail; maintain privacy of service users; operate mailing information systems; organise mail deliveries; act reliably; analyse travel alternatives; apply information security policies,2022,1684.037,2024,2155.427,0.2799166526626197,2022,20860.809,2024,24388.406,0.1691016393467769,FALSE
IND,India,44,Other clerical support workers,441,Other clerical support workers,4413,"Coding, proof-reading and related clerks",1,0.0108695652173913,0.07692307692307693,0,apply grammar and spelling rules; copyright legislation; follow newspaper house style; follow work schedule; grammar; master language rules; proofread text; reproduce documents; rewrite manuscripts; spelling,2022,1684.037,2024,2155.427,0.2799166526626197,2022,20860.809,2024,24388.406,0.1691016393467769,FALSE
IND,India,44,Other clerical support workers,441,Other clerical support workers,4415,Filing and copying clerks,1,0.0108695652173913,0.2307692307692308,0,digitization; ensure information transparency; ensure proper document management; facilitate access to information; file documents; fill out forms; information confidentiality; keep task records; organise business documents; perform clerical duties,2022,1684.037,2024,2155.427,0.2799166526626197,2022,20860.809,2024,24388.406,0.1691016393467769,FALSE
IND,India,44,Other clerical support workers,441,Other clerical support workers,4416,Personnel clerks,1,0.0108695652173913,0,0,administer appointments; apply company policies; assess character; communicate by telephone; document interviews; fix meetings; hire human resources; identify with the company's goals; job market offers; listen actively,2022,1684.037,2024,2155.427,0.2799166526626197,2022,20860.809,2024,24388.406,0.1691016393467769,FALSE
IND,India,44,Other clerical support workers,441,Other clerical support workers,4419,Clerical support workers not elsewhere classified,2,0.0108695652173913,0.16666666666666666,0,advertising techniques; apply grammar and spelling rules; communicate commercial and technical issues in foreign languages; company policies; develop creative ideas; develop digital content; digital media; ensure proper document management; file documents; grammar,2022,1684.037,2024,2155.427,0.2799166526626197,2022,20860.809,2024,24388.406,0.1691016393467769,FALSE
IND,India,51,Personal service workers,511,"Travel attendants, conductors and guides",5111,Travel attendants and travel stewards,5,0.08005250203665552,0,0,assist passengers; comply with food safety and hygiene; greet guests; handle financial transactions; maintain customer service; serve food in table service; communicate verbal instructions; deliver outstanding service; follow verbal instructions; handle customer complaints,2018,10946.86,2024,11033.767,0.007938988897272755,2022,13348.885,2024,14849.184,0.11239133455715583,TRUE
IND,India,51,Personal service workers,511,"Travel attendants, conductors and guides",5112,Transport conductors,4,0.08005250203665552,0.03170289855072463,0,provide information to passengers; answer questions about the train transport service; assist disable passengers; assist passengers; assist passengers in emergency situations; communicate clearly with passengers; handle petty cash; apply tramway regulations; check carriages; check tickets throughout carriages,2018,10946.86,2024,11033.767,0.007938988897272755,2022,13348.885,2024,14849.184,0.11239133455715583,FALSE
IND,India,51,Personal service workers,511,"Travel attendants, conductors and guides",5113,Travel guides,4,0.08005250203665552,0,0,conduct educational activities; assemble visitor supplies; collect visitor fees; create solutions to problems; educate people about nature; engage local communities in the management of natural protected areas; ensure health and safety of visitors; escort visitors to places of interest; inform visitors at tour sites; local geography,2018,10946.86,2024,11033.767,0.007938988897272755,2022,13348.885,2024,14849.184,0.11239133455715583,FALSE
IND,India,51,Personal service workers,512,Cooks,5120,Cooks,5,0.0201290322580645,0,0,"comply with food safety and hygiene; ensure cleanliness of food preparation area; handover the food preparation area; maintain a safe, hygienic and secure working environment; maintain kitchen equipment at correct temperature; receive kitchen supplies; store raw food materials; use cooking techniques; use culinary finishing techniques; use food cutting tools",2018,10946.86,2024,11033.767,0.007938988897272755,2022,13348.885,2024,14849.184,0.11239133455715583,FALSE
IND,India,51,Personal service workers,513,Waiters and bartenders,5131,Waiters,7,0.00444444444444444,0,0,maintain customer service; assist customers; comply with food safety and hygiene; assist VIP guests; check dining room cleanliness; prepare alcoholic beverages; serve wines; train employees; advise guests on menus for special events; analyse trends in the food and beverage industries,2018,10946.86,2024,11033.767,0.007938988897272755,2022,13348.885,2024,14849.184,0.11239133455715583,FALSE
IND,India,51,Personal service workers,513,Waiters and bartenders,5132,Bartenders,3,0.00444444444444444,0,0,comply with food safety and hygiene; execute opening and closing procedures; handover the service area; maintain customer service; upsell products; clear the bar at closing time; display spirits; enforce alcohol drinking laws; handle bar equipment; handle glassware,2018,10946.86,2024,11033.767,0.007938988897272755,2022,13348.885,2024,14849.184,0.11239133455715583,FALSE
IND,India,51,Personal service workers,514,"Hairdressers, beauticians and related workers",5141,Hairdressers,5,0.00217864923747276,0,0,hair; work ergonomically; work safely with chemicals; dye hair; hair products; maintain customer service; maintain equipment; style hair; use equipment for hair care; advise on hair style,2018,10946.86,2024,11033.767,0.007938988897272755,2022,13348.885,2024,14849.184,0.11239133455715583,FALSE
IND,India,51,Personal service workers,514,"Hairdressers, beauticians and related workers",5142,Beauticians and related workers,12,0.00217864923747276,0.0021929824561403508,0,maintain customer service; identify customer's needs; work ergonomically; cosmetics; advise customers on usage of cosmetics; maintain equipment; cosmetics industry; skin types; conform to cosmetics regulatory requirements; cosmetic skin treatment,2018,10946.86,2024,11033.767,0.007938988897272755,2022,13348.885,2024,14849.184,0.11239133455715583,FALSE
IND,India,51,Personal service workers,515,Building and housekeeping supervisors,5151,"Cleaning and housekeeping supervisors in offices, hotels and other establishments",2,0.03300551398955653,0,0,comply with food safety and hygiene; handle customer complaints; maintain customer service; assess cleanliness of areas; assist at check-in; coordinate redecoration of hospitality establishment; ensure cross-department cooperation; explain features in accommodation venue; greet guests; handle guest luggage,2018,10946.86,2024,11033.767,0.007938988897272755,2022,13348.885,2024,14849.184,0.11239133455715583,FALSE
IND,India,51,Personal service workers,515,Building and housekeeping supervisors,5152,Domestic housekeepers,3,0.03300551398955653,0,0,greet guests; identify customer's needs; maintain personal hygiene standards; perform cleaning duties; arrange tables; assist at check-in; buy groceries; check dining room cleanliness; clean rooms; clean surfaces,2018,10946.86,2024,11033.767,0.007938988897272755,2022,13348.885,2024,14849.184,0.11239133455715583,FALSE
IND,India,51,Personal service workers,515,Building and housekeeping supervisors,5153,Building caretakers,3,0.03300551398955653,0,0,register information on arrivals and departures; Bible texts; accounting techniques; canon law; collect mail; comply with legal regulations; disseminate messages to people; energy conservation; ensure equipment availability; ensure private property security,2018,10946.86,2024,11033.767,0.007938988897272755,2022,13348.885,2024,14849.184,0.11239133455715583,FALSE
IND,India,51,Personal service workers,516,Other personal services workers,5161,"Astrologers, fortune-tellers and related workers",4,0.02341215756957677,0.05,0,maintain customer service; manage personal professional development; prospect new customers; rhetoric; develop professional network; give advice on personal matters; maintain privacy of service users; occultism; use consulting techniques; assess character,2018,10946.86,2024,11033.767,0.007938988897272755,2022,13348.885,2024,14849.184,0.11239133455715583,FALSE
IND,India,51,Personal service workers,516,Other personal services workers,5162,Companions and valets,1,0.02341215756957677,0,0,accompany people; clean rooms; clean surfaces; communicate with customers; empathise with the healthcare user; iron textiles; keep company; listen actively; make the beds; prepare ready-made dishes,2018,10946.86,2024,11033.767,0.007938988897272755,2022,13348.885,2024,14849.184,0.11239133455715583,FALSE
IND,India,51,Personal service workers,516,Other personal services workers,5163,Undertakers and embalmers,4,0.02341215756957677,0,0,promote human rights; show diplomacy; administer appointments; advise on funeral services; apply health and safety standards; cooperate with funeral directors; greet guests; maintain customer service; maintain inventory of tools; maintain personal hygiene standards,2018,10946.86,2024,11033.767,0.007938988897272755,2022,13348.885,2024,14849.184,0.11239133455715583,FALSE
IND,India,51,Personal service workers,516,Other personal services workers,5164,Pet groomers and animal care workers,15,0.02341215756957677,0.002564102564102564,0,monitor the welfare of animals; control animal movement; animal welfare legislation; apply animal hygiene practices; assess animal behaviour; provide first aid to animals; signs of animal illness; animal behaviour; animal welfare; manage animal biosecurity,2018,10946.86,2024,11033.767,0.007938988897272755,2022,13348.885,2024,14849.184,0.11239133455715583,FALSE
IND,India,51,Personal service workers,516,Other personal services workers,5165,Driving instructors,6,0.02341215756957677,0.035377689942907325,0,adapt teaching to student's capabilities; apply teaching strategies; assist students in their learning; curriculum objectives; encourage students to acknowledge their achievements; give constructive feedback; guarantee students' safety; health and safety measures in transportation; interpret traffic signals; monitor developments in field of expertise,2018,10946.86,2024,11033.767,0.007938988897272755,2022,13348.885,2024,14849.184,0.11239133455715583,FALSE
IND,India,51,Personal service workers,516,Other personal services workers,5169,Personal services workers not elsewhere classified,3,0.02341215756957677,0,0,maintain customer service; maintain relationship with customers; accompany people; advise on dating; assess character; assist VIP guests; assist customers; assist guest departure; deal with aggressive behaviour; develop professional network,2018,10946.86,2024,11033.767,0.007938988897272755,2022,13348.885,2024,14849.184,0.11239133455715583,FALSE
IND,India,52,Sales workers,521,Street and market salespersons,5211,Stall and market salespersons,1,0.0259136212624584,0,0,adapt to different weather conditions; arrange permit for market stall; assist customers; consumer protection; guarantee customer satisfaction; maintain work area cleanliness; operate cash register; organise product display; process payments; product comprehension,2018,22433.08,2024,43181.252,0.9248918115568614,2022,13348.885,2024,14849.184,0.11239133455715583,TRUE
IND,India,52,Sales workers,521,Street and market salespersons,5212,Street food salespersons,1,0.0259136212624584,0,0,adapt to different weather conditions; arrange permit for market stall; assist customers; consumer protection; execute chilling processes to food products; food authentication techniques; food legislation; food storage; guarantee customer satisfaction; maintain work area cleanliness,2018,22433.08,2024,43181.252,0.9248918115568614,2022,13348.885,2024,14849.184,0.11239133455715583,FALSE
IND,India,52,Sales workers,522,Shop salespersons,5221,Shop keepers,1,0.00193234765819965,0.04,0,analyse data for policy decisions in trade; build business relationships; commercial law; control of expenses; develop business case; ensure compliance with purchasing and contracting regulations; guarantee customer satisfaction; handle financial overviews of the store; identify suppliers; implement marketing strategies,2018,22433.08,2024,43181.252,0.9248918115568614,2022,13348.885,2024,14849.184,0.11239133455715583,FALSE
IND,India,52,Sales workers,522,Shop salespersons,5222,Shop supervisors,2,0.00193234765819965,0.025,0,apply company policies; control of expenses; manage budgets; manage staff; monitor customer service; oversee promotional sales prices; recruit employees; train employees; create solutions to problems; develop financial statistics reports,2018,22433.08,2024,43181.252,0.9248918115568614,2022,13348.885,2024,14849.184,0.11239133455715583,FALSE
IND,India,52,Sales workers,522,Shop salespersons,5223,Shop sales assistants,44,0.00193234765819965,0.042371819955421414,0,identify customer's needs; provide customer follow-up services; characteristics of products; characteristics of services; carry out order intake; examine merchandise; guarantee customer satisfaction; operate cash register; organise product display; process refunds,2018,22433.08,2024,43181.252,0.9248918115568614,2022,13348.885,2024,14849.184,0.11239133455715583,FALSE
IND,India,52,Sales workers,523,Cashiers and ticket clerks,5230,Cashiers and ticket clerks,3,0,0.015873015873015872,0,apply numeracy skills; operate cash register; process payments; communicate with customers; issue sales invoices; process refunds; provide customer follow-up services; use different communication channels; assist clients with special needs; cancellation policies of service providers,2018,22433.08,2024,43181.252,0.9248918115568614,2022,13348.885,2024,14849.184,0.11239133455715583,FALSE
IND,India,52,Sales workers,524,Other sales workers,5241,Fashion and other models,2,0.00156739811912225,0,0,attend castings; harmonise body movements; maintain an artistic portfolio; maintain personal hygiene standards; pose in front of a camera; adapt to artists' creative demands; collaborate on costume and make-up for performances; define artistic vision; develop professional network; express yourself physically,2018,22433.08,2024,43181.252,0.9248918115568614,2022,13348.885,2024,14849.184,0.11239133455715583,FALSE
IND,India,52,Sales workers,524,Other sales workers,5242,Sales demonstrators,1,0.00156739811912225,0,0,assist customers; characteristics of products; characteristics of services; demonstrate products' features; ensure client orientation; ensure product preparation; establish customer rapport; hand out product samples; keep promotions records; maintain work area cleanliness,2018,22433.08,2024,43181.252,0.9248918115568614,2022,13348.885,2024,14849.184,0.11239133455715583,FALSE
IND,India,52,Sales workers,524,Other sales workers,5243,Door to door salespersons,1,0.00156739811912225,0,0,achieve sales targets; adapt to different weather conditions; apply health and safety standards; assist customers; carry out active selling; demonstrate products' features; ensure client orientation; guarantee customer satisfaction; identify customer's needs; implement customer follow-up,2018,22433.08,2024,43181.252,0.9248918115568614,2022,13348.885,2024,14849.184,0.11239133455715583,FALSE
IND,India,52,Sales workers,524,Other sales workers,5244,Contact centre salespersons,1,0.00156739811912225,0.17647058823529413,0,adapt to changing situations; characteristics of products; characteristics of services; communicate by telephone; create solutions to problems; credit card payments; guarantee customer satisfaction; handle tasks independently; have computer literacy; keep task records,2018,22433.08,2024,43181.252,0.9248918115568614,2022,13348.885,2024,14849.184,0.11239133455715583,FALSE
IND,India,52,Sales workers,524,Other sales workers,5245,Service station attendants,1,0.00156739811912225,0.03125,0,apply numeracy skills; calculate fuel sales from pumps; carry out active selling; carry out order intake; carry out products preparation; characteristics of products; characteristics of services; demonstrate products' features; e-commerce systems; ensure compliance with legal requirements,2018,22433.08,2024,43181.252,0.9248918115568614,2022,13348.885,2024,14849.184,0.11239133455715583,FALSE
IND,India,52,Sales workers,524,Other sales workers,5246,Food service counter attendants,2,0.00156739811912225,0,0,comply with food safety and hygiene; clean kitchen equipment; ensure food quality; execute opening and closing procedures; follow hygienic procedures during food processing; follow procedures to control substances hazardous to health; food allergies; food authentication techniques; food legislation; food preservation,2018,22433.08,2024,43181.252,0.9248918115568614,2022,13348.885,2024,14849.184,0.11239133455715583,FALSE
IND,India,52,Sales workers,524,Other sales workers,5249,Sales workers not elsewhere classified,14,0.00156739811912225,0.08809099802888623,0,have computer literacy; achieve sales targets; apply numeracy skills; communicate with customers; financial capability; handle rental overdues; identify customer's needs; perform multiple tasks at the same time; process data; process payments,2018,22433.08,2024,43181.252,0.9248918115568614,2022,13348.885,2024,14849.184,0.11239133455715583,FALSE
IND,India,53,Personal care workers,531,Child care workers and teachers’ aides,5311,Child care workers,6,0,0,0,communicate with youth; supervise children; maintain relations with children's parents; attend to children's basic physical needs; play with children; workplace sanitation; assist children in developing personal skills; assist children with homework; handle chemical cleaning agents; adhere to organisational guidelines,2022,846.728,2024,1000.844,0.182013586417362,2022,13348.885,2024,14849.184,0.11239133455715583,TRUE
IND,India,53,Personal care workers,531,Child care workers and teachers’ aides,5312,Teachers’ aides,4,0,0,0,assist students in their learning; encourage students to acknowledge their achievements; give constructive feedback; guarantee students' safety; handle children's problems; perform playground surveillance; provide lesson materials; provide teacher support; support children's wellbeing; support the positiveness of youths,2022,846.728,2024,1000.844,0.182013586417362,2022,13348.885,2024,14849.184,0.11239133455715583,FALSE
IND,India,53,Personal care workers,532,Personal care workers in health services,5321,Health care assistants,2,0.00277777777777776,0.03125,0,accept own accountability; advise on healthcare users' informed consent; communicate with nursing staff; comply with legislation related to health care; comply with quality standards related to healthcare practice; contribute to continuity of health care; empathise with the healthcare user; ensure safety of healthcare users; follow clinical guidelines; identify abnormalities,2022,846.728,2024,1000.844,0.182013586417362,2022,13348.885,2024,14849.184,0.11239133455715583,FALSE
IND,India,53,Personal care workers,532,Personal care workers in health services,5322,Home-based personal care workers,1,0.00277777777777776,0,0,accompany people; apply first response; assist clients with special needs; assist disable passengers; assist social service users with physical disabilities; buy groceries; disability care; disability types; evaluate older adults' ability to take care of themselves; first response,2022,846.728,2024,1000.844,0.182013586417362,2022,13348.885,2024,14849.184,0.11239133455715583,FALSE
IND,India,53,Personal care workers,532,Personal care workers in health services,5329,Personal care workers in health services not elsewhere classified,3,0.00277777777777776,0.02188034188034188,0,communicate in healthcare; comply with legislation related to health care; use technical equipment for sterilisation; adhere to organisational guidelines; comply with quality standards related to healthcare practice; ensure safety of healthcare users; follow clinical guidelines; human anatomy; hygiene in a health care setting; infection control,2022,846.728,2024,1000.844,0.182013586417362,2022,13348.885,2024,14849.184,0.11239133455715583,FALSE
IND,India,54,Protective services workers,541,Protective services workers,5411,Fire-fighters,5,0.03605328963784841,0,0,ensure public safety and security; extinguish fires; fire prevention procedures; fire safety regulations; fire-fighting systems; first aid; hydraulics; manage emergency care situations; manage major incidents; use different types of fire extinguishers,2022,4122.583,2024,5180.325,0.2565726390469277,2022,13348.885,2024,14849.184,0.11239133455715583,TRUE
IND,India,54,Protective services workers,541,Protective services workers,5412,Police officers,1,0.03605328963784841,0,0,apply first response; comply with legal regulations; comply with the principles of self-defence; detain offenders; ensure compliance with types of weapons; ensure law application; first response; handle case evidence; identify security threats; instruct public,2022,4122.583,2024,5180.325,0.2565726390469277,2022,13348.885,2024,14849.184,0.11239133455715583,FALSE
IND,India,54,Protective services workers,541,Protective services workers,5413,Prison guards,2,0.03605328963784841,0,0,correctional procedures; escort defendants; identify security threats; illegal substances; law enforcement; legal use-of-force; patrol areas; restrain individuals; undertake inspections; apply knowledge of human behaviour,2022,4122.583,2024,5180.325,0.2565726390469277,2022,13348.885,2024,14849.184,0.11239133455715583,FALSE
IND,India,54,Protective services workers,541,Protective services workers,5414,Security guards,10,0.03605328963784841,0.03408882783882784,0,identify security threats; liaise with security authorities; practice vigilance; security threats; detain offenders; ensure public safety and security; perform security checks; comply with the principles of self-defence; check official documents; check tickets at venue entry,2022,4122.583,2024,5180.325,0.2565726390469277,2022,13348.885,2024,14849.184,0.11239133455715583,FALSE
IND,India,54,Protective services workers,541,Protective services workers,5419,Protective services workers not elsewhere classified,10,0.03605328963784841,0.007692307692307693,0,patrol areas; animal welfare legislation; assist emergency services; comply with legal regulations; control crowd; ensure law application; ensure public safety and security; escort pedestrians across streets; estimate damage; first aid,2022,4122.583,2024,5180.325,0.2565726390469277,2022,13348.885,2024,14849.184,0.11239133455715583,FALSE
IND,India,61,Market-oriented skilled agricultural workers,611,Market gardeners and crop growers,6111,Field crop and vegetable growers,1,0.22778924553140897,0,0,agroecology; agroforestry; agronomical production principles; assign duties to agriculture workers; crop production principles; ecology; ensure soil fertility; environmental legislation in agriculture and forestry; execute disease and pest control activities; execute fertilisation,2018,98870.59,2024,153371.533,0.551235134735213,2022,14137.524,2024,11954.235,-0.15443220467742436,TRUE
IND,India,61,Market-oriented skilled agricultural workers,611,Market gardeners and crop growers,6112,Tree and shrub crop growers,7,0.22778924553140897,0.009065934065934065,0,supervise hygiene procedures in agricultural settings; environmental legislation in agriculture and forestry; health and safety regulations; pest control in plants; control grape quality; execute disease and pest control activities; execute fertilisation; fertilisation principles; monitor winemaking process; operate hand pruning equipment,2018,98870.59,2024,153371.533,0.551235134735213,2022,14137.524,2024,11954.235,-0.15443220467742436,FALSE
IND,India,61,Market-oriented skilled agricultural workers,611,Market gardeners and crop growers,6113,"Gardeners, horticultural and nursery growers",6,0.22778924553140897,0.00803329461866047,0,execute disease and pest control activities; pest control in plants; plant disease control; plant species; environmental legislation in agriculture and forestry; horticulture principles; grow plants; perform pest control; perform weed control operations; prepare planting area,2018,98870.59,2024,153371.533,0.551235134735213,2022,14137.524,2024,11954.235,-0.15443220467742436,FALSE
IND,India,61,Market-oriented skilled agricultural workers,611,Market gardeners and crop growers,6114,Mixed crop growers,1,0.22778924553140897,0,0,agroforestry; agronomical production principles; assign duties to agriculture workers; crop production principles; cultivate crops for biomass; ecology; ensure soil fertility; environmental legislation in agriculture and forestry; execute disease and pest control activities; fertilisation principles,2018,98870.59,2024,153371.533,0.551235134735213,2022,14137.524,2024,11954.235,-0.15443220467742436,FALSE
IND,India,61,Market-oriented skilled agricultural workers,612,Animal producers,6121,Livestock and dairy producers,6,0.01883830035487628,0,0,animal welfare legislation; assist animal birth; livestock species; manage livestock; provide nutrition to animals; select livestock; administer drugs to facilitate breeding; administer treatment to animals; animal nutrition; apply animal hygiene practices,2018,98870.59,2024,153371.533,0.551235134735213,2022,14137.524,2024,11954.235,-0.15443220467742436,FALSE
IND,India,61,Market-oriented skilled agricultural workers,612,Animal producers,6122,Poultry producers,2,0.01883830035487628,0,0,animal welfare legislation; apply animal hygiene practices; administer drugs to facilitate breeding; administer treatment to animals; animal nutrition; assist animal birth; assist in transportation of animals; biosecurity; breed poultry; care for juvenile animals,2018,98870.59,2024,153371.533,0.551235134735213,2022,14137.524,2024,11954.235,-0.15443220467742436,FALSE
IND,India,61,Market-oriented skilled agricultural workers,612,Animal producers,6123,Apiarists and sericulturists,1,0.01883830035487628,0,0,administer drugs to facilitate breeding; administer treatment to animals; animal nutrition; animal welfare legislation; apply animal hygiene practices; assist in transportation of animals; breed insects; care for juvenile animals; control animal movement; create animal records,2018,98870.59,2024,153371.533,0.551235134735213,2022,14137.524,2024,11954.235,-0.15443220467742436,FALSE
IND,India,61,Market-oriented skilled agricultural workers,612,Animal producers,6129,Animal producers not elsewhere classified,1,0.01883830035487628,0,0,administer drugs to facilitate breeding; administer treatment to animals; animal nutrition; animal welfare legislation; apply animal hygiene practices; assist animal birth; assist in transportation of animals; breed rabbits; care for juvenile animals; control animal movement,2018,98870.59,2024,153371.533,0.551235134735213,2022,14137.524,2024,11954.235,-0.15443220467742436,FALSE
IND,India,61,Market-oriented skilled agricultural workers,613,Mixed crop and animal producers,6130,Mixed crop and animal producers,2,0.26986076986076946,0,0,agricultural business management; agronomical production principles; assign duties to agriculture workers; manage farm supplies; operate farm equipment; supervise hygiene procedures in agricultural settings; assess new farming technologies; crop production principles; cultivate crops for biomass; drive agricultural machines,2018,98870.59,2024,153371.533,0.551235134735213,2022,14137.524,2024,11954.235,-0.15443220467742436,FALSE
IND,India,62,"Market-oriented skilled forestry, fishery and hunting workers",621,Forestry and related workers,6210,Forestry and related workers,1,0.512195121951219,0,0,"assist forest visitors; de-limb trees; develop forestry strategies; enforce park rules; environmental legislation; forest conservation; habitat restoration; health, safety and hygiene legislation; make decisions regarding forestry management; monitor forest health",2018,4312.767,2024,2296.98,-0.46739993141294206,2022,14137.524,2024,11954.235,-0.15443220467742436,TRUE
IND,India,62,"Market-oriented skilled forestry, fishery and hunting workers",622,"Fishery workers, hunters and trappers",6221,Aquaculture workers,11,0.08570595233870197,0.02938579671897505,0,fish biology; control aquatic production environment; ensure aquaculture personnel health and safety; monitor fish health status; preserve fish samples for diagnosis; apply fish treatments; biosecurity; carry out preparations for fish disease specialist; collect broodstock; monitor aquaculture feeding behaviour,2018,4312.767,2024,2296.98,-0.46739993141294206,2022,14137.524,2024,11954.235,-0.15443220467742436,FALSE
IND,India,62,"Market-oriented skilled forestry, fishery and hunting workers",622,"Fishery workers, hunters and trappers",6222,Inland and coastal waters fishery workers,1,0.08570595233870197,0.06818181818181818,0,Global Maritime Distress and Safety System; International Convention for the Prevention of Pollution from Ships; apply fishing maneuvres; assess stability of vessels; assess trim of vessels; assessment of risks and threats; code of Conduct for Responsible Fisheries; communicate using the global maritime distress and safety system; conduct water navigation; coordinate fire fighting,2018,4312.767,2024,2296.98,-0.46739993141294206,2022,14137.524,2024,11954.235,-0.15443220467742436,FALSE
IND,India,62,"Market-oriented skilled forestry, fishery and hunting workers",622,"Fishery workers, hunters and trappers",6223,Deep-sea fishery workers,3,0.08570595233870197,0.044466403162055336,0,code of Conduct for Responsible Fisheries; deterioration of fish products; fisheries legislation; fishing gear; international regulations for preventing collisions at sea; maintain safe navigation watches; quality of fish products; risks associated with undertaking fishing operations; support vessel manoeuvres; swim,2018,4312.767,2024,2296.98,-0.46739993141294206,2022,14137.524,2024,11954.235,-0.15443220467742436,FALSE
IND,India,62,"Market-oriented skilled forestry, fishery and hunting workers",622,"Fishery workers, hunters and trappers",6224,Hunters and trappers,1,0.08570595233870197,0,0,European firearms-control legislation; acquire licences for the use of weapons; animal hunting; camouflage; comply with wildlife hazard management programmes; dispose of dead animals; ensure compliance with environmental legislation; hunt animals; manage game management plans; monitor wildlife,2018,4312.767,2024,2296.98,-0.46739993141294206,2022,14137.524,2024,11954.235,-0.15443220467742436,FALSE
IND,India,71,"Building and related trades workers, excluding electricians",711,Building frame and related trades workers,7111,House builders,1,0.06856303087856466,0,0,building codes; building materials industry; check compatibility of materials; check construction compliance; create floor plan template; create smooth wood surface; design floor; follow health and safety procedures in construction; follow safety procedures when working at heights; inspect concrete structures,2018,16526.938,2024,16140.651,-0.023373174147564325,2022,13306.875,2024,15860.405,0.19189554271758025,TRUE
IND,India,71,"Building and related trades workers, excluding electricians",711,Building frame and related trades workers,7112,Bricklayers and related workers,1,0.06856303087856466,0,0,check straightness of brick; discharge cement; finish mortar joints; follow health and safety procedures in construction; follow safety procedures when working at heights; inspect construction supplies; install construction profiles; interpret 2D plans; interpret 3D plans; lay bricks,2018,16526.938,2024,16140.651,-0.023373174147564325,2022,13306.875,2024,15860.405,0.19189554271758025,FALSE
IND,India,71,"Building and related trades workers, excluding electricians",711,Building frame and related trades workers,7113,"Stonemasons, stone cutters, splitters and carvers",2,0.06856303087856466,0,0,inspect stone surface; adjust cut sizes; building codes; clean engraved areas; cool workpiece; create cutting plan; engrave patterns; ensure equipment availability; follow health and safety procedures in construction; inspect construction supplies,2018,16526.938,2024,16140.651,-0.023373174147564325,2022,13306.875,2024,15860.405,0.19189554271758025,FALSE
IND,India,71,"Building and related trades workers, excluding electricians",711,Building frame and related trades workers,7114,"Concrete placers, concrete finishers and related workers",2,0.06856303087856466,0,0,follow health and safety procedures in construction; screed concrete; transport construction supplies; use measurement instruments; work ergonomically; apply proofing membranes; blast surface; clean wood surface; grind terrazzo; grout terrazzo,2018,16526.938,2024,16140.651,-0.023373174147564325,2022,13306.875,2024,15860.405,0.19189554271758025,FALSE
IND,India,71,"Building and related trades workers, excluding electricians",711,Building frame and related trades workers,7115,Carpenters and joiners,7,0.06856303087856466,0,0,follow health and safety procedures in construction; inspect construction supplies; use measurement instruments; use safety equipment in construction; work ergonomically; apply wood finishes; install construction profiles; interpret 2D plans; interpret 3D plans; manipulate glass,2018,16526.938,2024,16140.651,-0.023373174147564325,2022,13306.875,2024,15860.405,0.19189554271758025,FALSE
IND,India,71,"Building and related trades workers, excluding electricians",711,Building frame and related trades workers,7119,Building frame and related trades workers not elsewhere classified,5,0.06856303087856466,0,0,work ergonomically; follow health and safety procedures in construction; follow safety procedures when working at heights; use safety equipment in construction; work in a construction team; build scaffolding; construct working platform; inspect construction supplies; use technical documentation; assemble performance equipment,2018,16526.938,2024,16140.651,-0.023373174147564325,2022,13306.875,2024,15860.405,0.19189554271758025,FALSE
IND,India,71,"Building and related trades workers, excluding electricians",712,Building finishers and related trades workers,7121,Roofers,1,0.11520213049441053,0,0,apply roll roofing; construct wood roofs; follow health and safety procedures in construction; follow safety procedures when working at heights; inspect construction supplies; inspect roofs; install gutters; install insulation material; install roof flashing; interpret 2D plans,2018,16526.938,2024,16140.651,-0.023373174147564325,2022,13306.875,2024,15860.405,0.19189554271758025,FALSE
IND,India,71,"Building and related trades workers, excluding electricians",712,Building finishers and related trades workers,7122,Floor layers and tile setters,4,0.11520213049441053,0,0,follow health and safety procedures in construction; inspect construction supplies; transport construction supplies; use measurement instruments; work ergonomically; interpret 2D plans; interpret 3D plans; lay underlayment; apply floor adhesive; create floor plan template,2018,16526.938,2024,16140.651,-0.023373174147564325,2022,13306.875,2024,15860.405,0.19189554271758025,FALSE
IND,India,71,"Building and related trades workers, excluding electricians",712,Building finishers and related trades workers,7123,Plasterers,2,0.11520213049441053,0,0,follow health and safety procedures in construction; inspect construction supplies; place drywall; transport construction supplies; use measurement instruments; work ergonomically; apply adhesive wall coating; apply proofing membranes; clean painting equipment; cut wall chases,2018,16526.938,2024,16140.651,-0.023373174147564325,2022,13306.875,2024,15860.405,0.19189554271758025,FALSE
IND,India,71,"Building and related trades workers, excluding electricians",712,Building finishers and related trades workers,7124,Insulation workers,1,0.11520213049441053,0,0,airtight construction; apply adhesive wall coating; apply house wrap; apply insulation strips; apply proofing membranes; cut insulation material to size; energy conservation; environmental indoor quality; follow health and safety procedures in construction; follow safety procedures when working at heights,2018,16526.938,2024,16140.651,-0.023373174147564325,2022,13306.875,2024,15860.405,0.19189554271758025,FALSE
IND,India,71,"Building and related trades workers, excluding electricians",712,Building finishers and related trades workers,7125,Glaziers,2,0.11520213049441053,0,0,adjust glass sheets; apply health and safety standards; apply primer; clean vehicle exterior; cut glass; examine damaged windshields; follow health and safety procedures in construction; handle broken glass sheets; inspect construction supplies; inspect glass sheet,2018,16526.938,2024,16140.651,-0.023373174147564325,2022,13306.875,2024,15860.405,0.19189554271758025,FALSE
IND,India,71,"Building and related trades workers, excluding electricians",712,Building finishers and related trades workers,7126,Plumbers and pipe fitters,14,0.11520213049441053,0.006493506493506495,0,use measurement instruments; follow health and safety procedures in construction; apply health and safety standards; inspect construction supplies; use safety equipment in construction; work ergonomically; check water pressure; detect flaws in pipeline infrastructure; inspect pipelines; lay pipe installation,2018,16526.938,2024,16140.651,-0.023373174147564325,2022,13306.875,2024,15860.405,0.19189554271758025,FALSE
IND,India,71,"Building and related trades workers, excluding electricians",712,Building finishers and related trades workers,7127,Air conditioning and refrigeration mechanics,1,0.11520213049441053,0,0,"apply proofing membranes; conduct routine machinery checks; consult technical resources; domestic cooling systems; electric heating systems; electrical wiring plans; electricity; fluid mechanics; heating, ventilation, air conditioning and refrigeration parts; hydraulics",2018,16526.938,2024,16140.651,-0.023373174147564325,2022,13306.875,2024,15860.405,0.19189554271758025,FALSE
IND,India,71,"Building and related trades workers, excluding electricians",713,"Painters, building structure cleaners and related trades workers",7131,Painters and related workers,3,0.14748897100146108,0,0,clean painting equipment; dispose of hazardous waste; dispose of non-hazardous waste; follow health and safety procedures in construction; inspect construction supplies; protect surfaces during construction work; remove paint; snap chalk line; transport construction supplies; types of paint,2018,16526.938,2024,16140.651,-0.023373174147564325,2022,13306.875,2024,15860.405,0.19189554271758025,FALSE
IND,India,71,"Building and related trades workers, excluding electricians",713,"Painters, building structure cleaners and related trades workers",7132,Spray painters and varnishers,3,0.14748897100146108,0,0,ensure equipment availability; quality standards; apply health and safety standards; apply preliminary treatment to workpieces; apply spraying techniques; dispose of hazardous waste; health and safety in the workplace; keep records of work progress; lacquer paint applications; remove inadequate workpieces,2018,16526.938,2024,16140.651,-0.023373174147564325,2022,13306.875,2024,15860.405,0.19189554271758025,FALSE
IND,India,71,"Building and related trades workers, excluding electricians",713,"Painters, building structure cleaners and related trades workers",7133,Building structure cleaners,5,0.14748897100146108,0,0,assess contamination; avoid contamination; remove contaminants; use personal protection equipment; check chimney's conditions; cleaning industry health and safety measures; contamination exposure regulations; disinfect surfaces; domestic heating systems; enforce safety procedures when working at heights,2018,16526.938,2024,16140.651,-0.023373174147564325,2022,13306.875,2024,15860.405,0.19189554271758025,FALSE
IND,India,72,"Metal, machinery and related trades workers",721,"Sheet and structural metal workers, moulders and welders, and related workers",7211,Metal moulders and coremakers,4,0.01130206012488514,0,0,troubleshoot; assemble metal parts; construct moulds; ensure mould uniformity; fill moulds; handle metal work orders; insert mould structures; maintain moulds; move filled moulds; repair mould defects,2018,8203.602,2024,8193.098,-0.0012804131648513437,2022,13306.875,2024,15860.405,0.19189554271758025,TRUE
IND,India,72,"Metal, machinery and related trades workers",721,"Sheet and structural metal workers, moulders and welders, and related workers",7212,Welders and flamecutters,8,0.01130206012488514,0.05226474305421673,0,ensure equipment availability; operate welding equipment; types of metal; apply precision metalworking techniques; ensure correct metal temperature; monitor gauge; perform test run; quality standards; remove processed workpiece; wear appropriate protective gear,2018,8203.602,2024,8193.098,-0.0012804131648513437,2022,13306.875,2024,15860.405,0.19189554271758025,FALSE
IND,India,72,"Metal, machinery and related trades workers",721,"Sheet and structural metal workers, moulders and welders, and related workers",7213,Sheet-metal workers,4,0.01130206012488514,0.020833333333333336,0,types of metal; wear appropriate protective gear; apply arc welding techniques; apply precision metalworking techniques; ensure correct metal temperature; manufacturing of heating equipment; operate precision measuring equipment; perform test run; smooth burred surfaces; align components,2018,8203.602,2024,8193.098,-0.0012804131648513437,2022,13306.875,2024,15860.405,0.19189554271758025,FALSE
IND,India,72,"Metal, machinery and related trades workers",721,"Sheet and structural metal workers, moulders and welders, and related workers",7214,Structural-metal preparers and erectors,4,0.01130206012488514,0,0,align components; apply health and safety standards; follow health and safety procedures in construction; prepare pieces for joining; rivet types; types of metal; use power tools; use safety equipment in construction; adjust engineering designs; apply arc welding techniques,2018,8203.602,2024,8193.098,-0.0012804131648513437,2022,13306.875,2024,15860.405,0.19189554271758025,FALSE
IND,India,72,"Metal, machinery and related trades workers",721,"Sheet and structural metal workers, moulders and welders, and related workers",7215,Riggers and cable splicers,7,0.01130206012488514,0.019789734075448363,0,work ergonomically; follow safety procedures when working at heights; use personal protection equipment; use technical documentation; work safely with machines; work with respect for own safety; assemble performance equipment; assemble truss constructions; organise resources for artistic production; store performance equipment,2018,8203.602,2024,8193.098,-0.0012804131648513437,2022,13306.875,2024,15860.405,0.19189554271758025,FALSE
IND,India,72,"Metal, machinery and related trades workers",722,"Blacksmiths, toolmakers and related trades workers",7221,"Blacksmiths, hammersmiths and forging press workers",5,0.01545513066338908,0.058333333333333334,0,ensure correct metal temperature; forging processes; types of metal; wear appropriate protective gear; ensure equipment availability; monitor automated machines; perform test run; quality standards; remove inadequate workpieces; remove processed workpiece,2018,8203.602,2024,8193.098,-0.0012804131648513437,2022,13306.875,2024,15860.405,0.19189554271758025,FALSE
IND,India,72,"Metal, machinery and related trades workers",722,"Blacksmiths, toolmakers and related trades workers",7222,Toolmakers and related workers,5,0.01545513066338908,0.06153846153846153,0,consult technical resources; maintain customer service; mechanics; operate precision measuring equipment; perform test run; precision mechanics; read standard blueprints; accurise guns; adjust cut sizes; apply bluing techniques,2018,8203.602,2024,8193.098,-0.0012804131648513437,2022,13306.875,2024,15860.405,0.19189554271758025,FALSE
IND,India,72,"Metal, machinery and related trades workers",722,"Blacksmiths, toolmakers and related trades workers",7223,Metal working machine tool setters and operators,34,0.01545513066338908,0.13135154061014717,0,remove processed workpiece; supply machine; remove inadequate workpieces; ensure equipment availability; monitor automated machines; quality standards; perform test run; troubleshoot; types of metal; set up the controller of a machine,2018,8203.602,2024,8193.098,-0.0012804131648513437,2022,13306.875,2024,15860.405,0.19189554271758025,FALSE
IND,India,72,"Metal, machinery and related trades workers",722,"Blacksmiths, toolmakers and related trades workers",7224,"Metal polishers, wheel grinders and tool sharpeners",2,0.01545513066338908,0.06904761904761905,0,ensure equipment availability; quality standards; remove inadequate workpieces; remove processed workpiece; apply polishing lubricants; apply precision metalworking techniques; buffing motions; consult technical resources; cutting technologies; dispose of cutting waste material,2018,8203.602,2024,8193.098,-0.0012804131648513437,2022,13306.875,2024,15860.405,0.19189554271758025,FALSE
IND,India,72,"Metal, machinery and related trades workers",723,Machinery mechanics and repairers,7231,Motor vehicle mechanics and repairers,10,0.01611311173153204,0.01859774212715389,0,car controls; perform technical tasks with great care; types of vehicles; apply health and safety standards; maintain work area cleanliness; perform manual work autonomously; carry out repairs and maintenance of vehicle bodies; execute working instructions; follow procedures to control substances hazardous to health; identify vehicles service requirements,2018,8203.602,2024,8193.098,-0.0012804131648513437,2022,13306.875,2024,15860.405,0.19189554271758025,FALSE
IND,India,72,"Metal, machinery and related trades workers",723,Machinery mechanics and repairers,7232,Aircraft engine mechanics and repairers,5,0.01611311173153204,0.04617405582922825,0,use technical documentation; aircraft mechanics; common aviation safety regulations; mechanics; read engineering drawings; read standard blueprints; wear appropriate protective gear; airport safety regulations; electromechanics; engine components,2018,8203.602,2024,8193.098,-0.0012804131648513437,2022,13306.875,2024,15860.405,0.19189554271758025,FALSE
IND,India,72,"Metal, machinery and related trades workers",723,Machinery mechanics and repairers,7233,Agricultural and industrial machinery mechanics and repairers,17,0.01611311173153204,0.03063725490196078,0,mechanics; conduct routine machinery checks; operate soldering equipment; resolve equipment malfunctions; perform test run; use testing equipment; consult technical resources; record test data; read standard blueprints; troubleshoot,2018,8203.602,2024,8193.098,-0.0012804131648513437,2022,13306.875,2024,15860.405,0.19189554271758025,FALSE
IND,India,72,"Metal, machinery and related trades workers",723,Machinery mechanics and repairers,7234,Bicycle and related repairers,1,0.01611311173153204,0,0,apply company policies; assemble bicycles; bicycle mechanics; maintain braking system; maintain customer service; maintain equipment; maintain work area cleanliness; perform repairs on bicycles; purchase supplies; replace defect components,2018,8203.602,2024,8193.098,-0.0012804131648513437,2022,13306.875,2024,15860.405,0.19189554271758025,FALSE
IND,India,73,Handicraft and printing workers,731,Handicraft workers,7311,Precision-instrument makers and repairers,6,0.01271097259454932,0.015716374269005847,0,operate precision measuring equipment; quality standards; use precision tools; attach clock cases; attach clock dials; attach clock hands; blueprints; components of clocks; cut glass; ensure conformity to specifications,2018,2748.203,2024,6292.181,1.289561942840467,2022,13306.875,2024,15860.405,0.19189554271758025,TRUE
IND,India,73,Handicraft and printing workers,731,Handicraft workers,7312,Musical instrument makers and tuners,13,0.01271097259454932,0.002958579881656804,0,maintain musical instruments; repair musical instruments; assemble musical instrument parts; musical instruments; musical instruments materials; apply a protective layer; create musical instrument parts; tuning techniques; metalworking; decorate musical instruments,2018,2748.203,2024,6292.181,1.289561942840467,2022,13306.875,2024,15860.405,0.19189554271758025,FALSE
IND,India,73,Handicraft and printing workers,731,Handicraft workers,7313,Jewellery and precious-metal workers,10,0.01271097259454932,0,0,jewellery processes; use jewellery equipment; clean jewellery pieces; ensure conformance to jewel design specifications; create jewellery; mount stones in jewels; adjust jewellery; heat jewellery metals; select gems for jewellery; select metals for jewellery,2018,2748.203,2024,6292.181,1.289561942840467,2022,13306.875,2024,15860.405,0.19189554271758025,FALSE
IND,India,73,Handicraft and printing workers,731,Handicraft workers,7314,Potters and related workers,3,0.01271097259454932,0.05555555555555555,0,types of pottery material; extract products from moulds; inspect quality of products; materials in porcelain manufacturing; materials used in stoneware manufacturing; quality standards; adjust clay burning level; apply glaze coating; ceramics glazes; conform with clay thickness,2018,2748.203,2024,6292.181,1.289561942840467,2022,13306.875,2024,15860.405,0.19189554271758025,FALSE
IND,India,73,Handicraft and printing workers,731,Handicraft workers,7315,"Glass makers, cutters, grinders and finishers",2,0.01271097259454932,0.0625,0,cut glass; manipulate glass; adjust glass sheets; consult technical resources; create artwork; design objects to be crafted; design stained glass; ensure equipment availability; feed mirror machine; inspect glass sheet,2018,2748.203,2024,6292.181,1.289561942840467,2022,13306.875,2024,15860.405,0.19189554271758025,FALSE
IND,India,73,Handicraft and printing workers,731,Handicraft workers,7316,"Sign writers, decorative painters, engravers and etchers",8,0.01271097259454932,0.01785714285714286,0,articulate artistic proposal; contextualise artistic work; create artwork; create original paintings; create sketches; develop visual elements; gather reference materials for artwork; intellectual property law; select artistic materials to create artworks; submit preliminary artwork,2018,2748.203,2024,6292.181,1.289561942840467,2022,13306.875,2024,15860.405,0.19189554271758025,FALSE
IND,India,73,Handicraft and printing workers,731,Handicraft workers,7317,"Handicraft workers in wood, basketry and related materials",6,0.01271097259454932,0.01388888888888889,0,apply a protective layer; apply wood finishes; check quality of raw materials; maintain edged hand tools; manipulate wood; operate wood sawing equipment; prepare wicker material for weaving; sand wood; types of brushes; types of wood,2018,2748.203,2024,6292.181,1.289561942840467,2022,13306.875,2024,15860.405,0.19189554271758025,FALSE
IND,India,73,Handicraft and printing workers,731,Handicraft workers,7318,"Handicraft workers in textile, leather and related materials",6,0.01271097259454932,0.024955436720142603,0,cut textiles; properties of textile materials; types of textile fibres; use textile technique for hand-made products; control textile process; manufacture textile floor coverings; produce textile designs; textile measurement; textile techniques; textile technologies,2018,2748.203,2024,6292.181,1.289561942840467,2022,13306.875,2024,15860.405,0.19189554271758025,FALSE
IND,India,73,Handicraft and printing workers,731,Handicraft workers,7319,Handicraft workers not elsewhere classified,2,0.01271097259454932,0,0,advise on equipment maintenance; arrange equipment repairs; candle making techniques; construct moulds; control temperature; cool candles in baths; create solutions to problems; drip candles; dye candles; ensure conformity to specifications,2018,2748.203,2024,6292.181,1.289561942840467,2022,13306.875,2024,15860.405,0.19189554271758025,FALSE
IND,India,73,Handicraft and printing workers,732,Printing trades workers,7321,Pre-press technicians,7,0.00303562285129105,0.38445251471595443,0,follow safety precautions in printing; printing techniques; Adobe Illustrator; Adobe Photoshop; GIMP (graphics editor software); Microsoft Visio; SketchBook Pro; Synfig; graphics editor software; lay out digital written content,2018,2748.203,2024,6292.181,1.289561942840467,2022,13306.875,2024,15860.405,0.19189554271758025,FALSE
IND,India,73,Handicraft and printing workers,732,Printing trades workers,7322,Printers,10,0.00303562285129105,0.19079710494184177,0,follow safety precautions in printing; quality standards; supply machine; follow production schedule; monitor automated machines; perform test run; set up the controller of a machine; troubleshoot; printing on large scale machines; printing techniques,2018,2748.203,2024,6292.181,1.289561942840467,2022,13306.875,2024,15860.405,0.19189554271758025,FALSE
IND,India,73,Handicraft and printing workers,732,Printing trades workers,7323,Print finishing and binding workers,4,0.00303562285129105,0.10952380952380952,0,monitor automated machines; quality standards; supply machine; troubleshoot; adjust cut sizes; follow production schedule; follow safety precautions in printing; lift stacks of paper; perform test run; set up machine controls,2018,2748.203,2024,6292.181,1.289561942840467,2022,13306.875,2024,15860.405,0.19189554271758025,FALSE
IND,India,74,Electrical and electronic trades workers,741,Electrical equipment installers and repairers,7411,Building and related electricians,7,0.06502773427562798,0.03818018435444353,0,electrical wiring plans; electricity; inspect electrical supplies; install electrical and electronic equipment; follow health and safety procedures in construction; use measurement instruments; work ergonomically; building systems monitoring technology; install electric switches; install electricity sockets,2018,14314.869,2024,4678.095,-0.6732002926467577,2022,13306.875,2024,15860.405,0.19189554271758025,TRUE
IND,India,74,Electrical and electronic trades workers,741,Electrical equipment installers and repairers,7412,Electrical mechanics and fitters,13,0.06502773427562798,0.03479460921709076,0,electricity; electronics; mechanics; troubleshoot; apply health and safety standards; electrical wiring plans; wear appropriate protective gear; maintain electrical equipment; perform test run; read standard blueprints,2018,14314.869,2024,4678.095,-0.6732002926467577,2022,13306.875,2024,15860.405,0.19189554271758025,FALSE
IND,India,74,Electrical and electronic trades workers,741,Electrical equipment installers and repairers,7413,Electrical line installers and repairers,4,0.06502773427562798,0,0,electric current; electrical discharge; electrical power safety regulations; inspect underground power cables; install power lines; repair underground power cables; transmission towers; wear appropriate protective gear; work ergonomically; electricity,2018,14314.869,2024,4678.095,-0.6732002926467577,2022,13306.875,2024,15860.405,0.19189554271758025,FALSE
IND,India,74,Electrical and electronic trades workers,742,Electronics and telecommunications installers and repairers,7421,Electronics mechanics and servicers,9,0.01465056716826975,0.19586551630568322,0,electronics; electrical wiring plans; maintain customer service; apply company policies; apply health and safety standards; create solutions to problems; maintain equipment; provide customer follow-up services; provide customer information related to repairs; repair equipment on site,2018,14314.869,2024,4678.095,-0.6732002926467577,2022,13306.875,2024,15860.405,0.19189554271758025,FALSE
IND,India,74,Electrical and electronic trades workers,742,Electronics and telecommunications installers and repairers,7422,Information and communications technology installers and servicers,9,0.01465056716826975,0.4239486557856011,0,install electronic communication equipment; use repair manuals; electronics; install low voltage wiring; operate two-way radio systems; perform test run; repair wiring; solder electronics; ICT communications protocols; ICT network cable limitations,2018,14314.869,2024,4678.095,-0.6732002926467577,2022,13306.875,2024,15860.405,0.19189554271758025,FALSE
IND,India,75,"Food processing, wood working, garment and other craft and related trades workers",751,Food processing and related trades workers,7511,"Butchers, fishmongers and related food preparers",10,0.04821580473725603,0,0,apply GMP; apply HACCP; ensure sanitation; apply requirements concerning manufacturing of food and beverages; mark differences in colours; tolerate strong smells; animal anatomy for food production; process livestock organs; maintain cutting equipment; split animal carcasses,2022,15565.745,2024,19314.266,0.24081860521292098,2022,13306.875,2024,15860.405,0.19189554271758025,TRUE
IND,India,75,"Food processing, wood working, garment and other craft and related trades workers",751,Food processing and related trades workers,7512,"Bakers, pastry-cooks and confectionery makers",5,0.04821580473725603,0,0,apply GMP; apply HACCP; apply requirements concerning manufacturing of food and beverages; care for food aesthetic; ensure correct use of bakery equipment; knead food products; monitor temperature in farinaceous processes; operate mixing of food products; work according to recipe; administer ingredients in food production,2022,15565.745,2024,19314.266,0.24081860521292098,2022,13306.875,2024,15860.405,0.19189554271758025,FALSE
IND,India,75,"Food processing, wood working, garment and other craft and related trades workers",751,Food processing and related trades workers,7513,Dairy-products makers,2,0.04821580473725603,0,0,apply requirements concerning manufacturing of food and beverages; dairy manufacturing specifications; follow hygienic procedures during food processing; food safety principles; adhere to organisational guidelines; administer ingredients in food production; analyse characteristics of food products at reception; apply GMP; apply HACCP; be at ease in unsafe environments,2022,15565.745,2024,19314.266,0.24081860521292098,2022,13306.875,2024,15860.405,0.19189554271758025,FALSE
IND,India,75,"Food processing, wood working, garment and other craft and related trades workers",751,Food processing and related trades workers,7514,"Fruit, vegetable and related preservers",2,0.04821580473725603,0,0,apply GMP; apply HACCP; apply requirements concerning manufacturing of food and beverages; clean waste materials from machines; crush seeds; manage moisture of seeds; oil seed process; pump products; tend equipment for oil extraction; tend mixing oil machine,2022,15565.745,2024,19314.266,0.24081860521292098,2022,13306.875,2024,15860.405,0.19189554271758025,FALSE
IND,India,75,"Food processing, wood working, garment and other craft and related trades workers",751,Food processing and related trades workers,7515,Food and beverage tasters and graders,5,0.04821580473725603,0.016666666666666666,0,apply requirements concerning manufacturing of food and beverages; apply GMP; apply HACCP; food and beverage industry; perform sensory evaluation of food products; coffee characteristics; evaluate coffee characteristics; grade coffee beans; handle flammable substances; mitigate waste of resources,2022,15565.745,2024,19314.266,0.24081860521292098,2022,13306.875,2024,15860.405,0.19189554271758025,FALSE
IND,India,75,"Food processing, wood working, garment and other craft and related trades workers",751,Food processing and related trades workers,7516,Tobacco preparers and tobacco products makers,3,0.04821580473725603,0,0,apply GMP; apply HACCP; apply requirements concerning manufacturing of food and beverages; assess nicotine levels in tobacco leaves; assess sugar levels in tobacco leaves; assess the colour curing of tobacco leaves; curing methods for tobacco leaves; manufacturing of smoked tobacco products; manufacturing of smokeless tobacco products; variety of tobacco leaves,2022,15565.745,2024,19314.266,0.24081860521292098,2022,13306.875,2024,15860.405,0.19189554271758025,FALSE
IND,India,75,"Food processing, wood working, garment and other craft and related trades workers",752,"Wood treaters, cabinet-makers and related trades workers",7521,Wood treaters,2,0.02627546711371912,0.03333333333333333,0,stack timber; types of wood; wear appropriate protective gear; wood moisture content; acclimatise timber; apply wood kiln drying technologies; clean wood surface; construction products; control kiln firing; dry wood,2022,15565.745,2024,19314.266,0.24081860521292098,2022,13306.875,2024,15860.405,0.19189554271758025,FALSE
IND,India,75,"Food processing, wood working, garment and other craft and related trades workers",752,"Wood treaters, cabinet-makers and related trades workers",7522,Cabinet-makers and related workers,6,0.02627546711371912,0.04189814814814815,0,apply a protective layer; sand wood; create smooth wood surface; types of wood; clean wood surface; join wood elements; operate wood sawing equipment; technical drawings; apply wood finishes; create furniture frames,2022,15565.745,2024,19314.266,0.24081860521292098,2022,13306.875,2024,15860.405,0.19189554271758025,FALSE
IND,India,75,"Food processing, wood working, garment and other craft and related trades workers",752,"Wood treaters, cabinet-makers and related trades workers",7523,Woodworking-machine tool setters and operators,6,0.02627546711371912,0.0952959077959078,0,quality standards; work safely with machines; monitor automated machines; remove inadequate workpieces; remove processed workpiece; set up the controller of a machine; supply machine; types of wood; wear appropriate protective gear; dispose of cutting waste material,2022,15565.745,2024,19314.266,0.24081860521292098,2022,13306.875,2024,15860.405,0.19189554271758025,FALSE
IND,India,75,"Food processing, wood working, garment and other craft and related trades workers",753,Garment and related trades workers,7531,"Tailors, dressmakers, furriers and hatters",6,0.03390955403762691,0.031512605042016806,0,sew pieces of fabric; cut fabrics; distinguish accessories; distinguish fabrics; manufacture wearing apparel products; adapt to artists' creative demands; alter wearing apparel; apparel manufacturing technology; buttonholing; design wearing apparel,2022,15565.745,2024,19314.266,0.24081860521292098,2022,13306.875,2024,15860.405,0.19189554271758025,FALSE
IND,India,75,"Food processing, wood working, garment and other craft and related trades workers",753,Garment and related trades workers,7532,Garment and related pattern-makers and cutters,7,0.03390955403762691,0.19563492063492063,0,CAD for garment manufacturing; create patterns for garments; make technical drawings of fashion pieces; standard sizing systems for clothing; coordinate manufacturing production activities; distinguish accessories; distinguish fabrics; grade patterns for wearing apparel; manufacturing of wearing apparel; prepare production prototypes,2022,15565.745,2024,19314.266,0.24081860521292098,2022,13306.875,2024,15860.405,0.19189554271758025,FALSE
IND,India,75,"Food processing, wood working, garment and other craft and related trades workers",753,Garment and related trades workers,7533,"Sewing, embroidery and related workers",5,0.03390955403762691,0.04038461538461539,0,apparel manufacturing technology; decorate textile articles; distinguish accessories; distinguish fabrics; manufacture wearing apparel products; manufacturing of made-up textile articles; manufacturing of wearing apparel; operate garment manufacturing machines; sew pieces of fabric; sew textile-based articles,2022,15565.745,2024,19314.266,0.24081860521292098,2022,13306.875,2024,15860.405,0.19189554271758025,FALSE
IND,India,75,"Food processing, wood working, garment and other craft and related trades workers",753,Garment and related trades workers,7534,Upholsterers and related workers,7,0.03390955403762691,0,0,fasten components; upholstery tools; align components; apply health and safety standards; apply preliminary treatment to workpieces; quality standards; read engineering drawings; read standard blueprints; troubleshoot; use power tools,2022,15565.745,2024,19314.266,0.24081860521292098,2022,13306.875,2024,15860.405,0.19189554271758025,FALSE
IND,India,75,"Food processing, wood working, garment and other craft and related trades workers",753,Garment and related trades workers,7535,"Pelt dressers, tanners and fellmongers",2,0.03390955403762691,0.05,0,adapt to changing situations; execute working instructions; identify with the company's goals; physico-chemical properties of hides and skins; use communication techniques; work in textile manufacturing teams; apply colouring recipes; differentiate nuance of colours; identify defects on raw hides; leather chemistry,2022,15565.745,2024,19314.266,0.24081860521292098,2022,13306.875,2024,15860.405,0.19189554271758025,FALSE
IND,India,75,"Food processing, wood working, garment and other craft and related trades workers",753,Garment and related trades workers,7536,Shoemakers and related workers,13,0.03390955403762691,0.05090326340326341,0,footwear quality; footwear components; footwear materials; apply stitching techniques; footwear manufacturing technology; apply pre-stitching techniques; apply assembling techniques for cemented footwear construction; apply basic rules of maintenance to leather goods and footwear machinery; apply footwear finishing techniques; create patterns for footwear,2022,15565.745,2024,19314.266,0.24081860521292098,2022,13306.875,2024,15860.405,0.19189554271758025,FALSE
IND,India,75,"Food processing, wood working, garment and other craft and related trades workers",754,Other craft and related workers,7541,Underwater divers,3,0.02737551453457856,0,0,maintain diving equipment; check diving equipment; comply with legal requirements for diving operations; comply with the planned time for the depth of the dive; diving equipment; diving operation requirements; implement dive plans; interrupt diving operations when necessary; perform diving interventions; apply crisis management,2022,15565.745,2024,19314.266,0.24081860521292098,2022,13306.875,2024,15860.405,0.19189554271758025,FALSE
IND,India,75,"Food processing, wood working, garment and other craft and related trades workers",754,Other craft and related workers,7542,Shotfirers and blasters,1,0.02737551453457856,0,0,check borehole depth; connect blasting circuit; electricity; examine area after blast; examine prospective blast area; explosives; follow health and safety procedures in construction; handle explosives; insert charges into drill holes; make independent operating decisions,2022,15565.745,2024,19314.266,0.24081860521292098,2022,13306.875,2024,15860.405,0.19189554271758025,FALSE
IND,India,75,"Food processing, wood working, garment and other craft and related trades workers",754,Other craft and related workers,7543,Product graders and testers (excluding foods and beverages),28,0.02737551453457856,0.03445437948008714,0,inspect quality of products; quality assurance procedures; quality standards; conduct performance tests; monitor manufacturing quality standards; operate precision measuring equipment; read standard blueprints; use testing equipment; create solutions to problems; manage health and safety standards,2022,15565.745,2024,19314.266,0.24081860521292098,2022,13306.875,2024,15860.405,0.19189554271758025,FALSE
IND,India,75,"Food processing, wood working, garment and other craft and related trades workers",754,Other craft and related workers,7544,Fumigators and other pest and weed controllers,2,0.02737551453457856,0,0,European pesticide legislation; chemical products; herbicides; pesticides; safe use of pesticides; spray pesticides; use personal protection equipment; agricultural chemicals; clean equipment; communicate with customers,2022,15565.745,2024,19314.266,0.24081860521292098,2022,13306.875,2024,15860.405,0.19189554271758025,FALSE
IND,India,81,Stationary plant and machine operators,811,Mining and mineral processing plant operators,8111,Miners and quarriers,5,0.0270231657831206,0,0,troubleshoot; address problems critically; impact of geological factors on mining operations; operate mining tools; perform minor repairs to equipment; work ergonomically; health and safety hazards underground; operate hydraulic pumps; check borehole depth; chemistry,2018,1447.237,2024,6395.743,3.419278252283489,2022,14699.135,2024,16421.779,0.11719356275046106,TRUE
IND,India,81,Stationary plant and machine operators,811,Mining and mineral processing plant operators,8112,Mineral and stone processing plant operators,4,0.0270231657831206,0.017857142857142856,0,troubleshoot; maneuver stone blocks; quality standards; supply machine; types of stone for working; measure materials; remove processed workpiece; supply machine with appropriate tools; collect samples; conduct inter-shift communication,2018,1447.237,2024,6395.743,3.419278252283489,2022,14699.135,2024,16421.779,0.11719356275046106,FALSE
IND,India,81,Stationary plant and machine operators,811,Mining and mineral processing plant operators,8113,Well drillers and borers and related workers,9,0.0270231657831206,0,0,mechanics; react to events in time-critical environments; use rigging equipment; work ergonomically; work in drilling teams; connect oil well heads; guide drill pipes; inspect water wells; install oil rig; keep task records,2018,1447.237,2024,6395.743,3.419278252283489,2022,14699.135,2024,16421.779,0.11719356275046106,FALSE
IND,India,81,Stationary plant and machine operators,811,Mining and mineral processing plant operators,8114,"Cement, stone and other mineral products machine operators",8,0.0270231657831206,0.02361111111111111,0,maintain moulds; supply machine; apply health and safety standards; cast concrete sections; discharge cement; feed concrete mixer; follow standards for machinery safety; measure materials; mix concrete; operate concrete casting machine,2018,1447.237,2024,6395.743,3.419278252283489,2022,14699.135,2024,16421.779,0.11719356275046106,FALSE
IND,India,81,Stationary plant and machine operators,812,Metal processing and finishing plant operators,8121,Metal processing plant operators,7,0.01545588405239368,0.10209583833533413,0,monitor automated machines; quality standards; supply machine; troubleshoot; ensure equipment availability; monitor moving workpiece in a machine; perform test run; remove inadequate workpieces; remove processed workpiece; set up the controller of a machine,2018,1447.237,2024,6395.743,3.419278252283489,2022,14699.135,2024,16421.779,0.11719356275046106,FALSE
IND,India,81,Stationary plant and machine operators,812,Metal processing and finishing plant operators,8122,"Metal finishing, plating and coating machine operators",12,0.01545588405239368,0.032667555326224056,0,ensure equipment availability; quality standards; remove inadequate workpieces; remove processed workpiece; wear appropriate protective gear; supply machine; types of metal; smooth burred surfaces; troubleshoot; health and safety in the workplace,2018,1447.237,2024,6395.743,3.419278252283489,2022,14699.135,2024,16421.779,0.11719356275046106,FALSE
IND,India,81,Stationary plant and machine operators,813,Chemical and photographic products plant and machine operators,8131,Chemical products plant and machine operators,30,0.06593899038113922,0.01353091353091353,0,optimise production processes parameters; monitor valves; prepare chemical samples; write batch record documentation; measure chemical substance viscosity; troubleshoot; apply health and safety standards; control temperature; transfer chemicals; wear appropriate protective gear,2018,1447.237,2024,6395.743,3.419278252283489,2022,14699.135,2024,16421.779,0.11719356275046106,FALSE
IND,India,81,Stationary plant and machine operators,813,Chemical and photographic products plant and machine operators,8132,Photographic products machine operators,2,0.06593899038113922,0.07738095238095238,0,develop film; handle chemicals; identify customer's needs; monitor film development baths; mount photographic film in processing machine; photographic processing techniques; post-processing of photographs; quality standards; remove film negatives from processing machine; remove photographic film from camera,2018,1447.237,2024,6395.743,3.419278252283489,2022,14699.135,2024,16421.779,0.11719356275046106,FALSE
IND,India,81,Stationary plant and machine operators,814,"Rubber, plastic and paper products machine operators",8141,Rubber products machine operators,12,0.02013798876118745,0,0,measure materials; use personal protection equipment; operate latex transfer pump; optimise production processes parameters; process latex mixtures; adjust the rubber machines; analyse latex samples; apply health and safety standards; avoid contamination; bond rubber plies,2018,1447.237,2024,6395.743,3.419278252283489,2022,14699.135,2024,16421.779,0.11719356275046106,FALSE
IND,India,81,Stationary plant and machine operators,814,"Rubber, plastic and paper products machine operators",8142,Plastic products machine operators,15,0.02013798876118745,0.11089698972051913,0,quality standards; set up the controller of a machine; troubleshoot; monitor automated machines; consult technical resources; optimise production processes parameters; use personal protection equipment; monitor gauge; supply machine; coating substances,2018,1447.237,2024,6395.743,3.419278252283489,2022,14699.135,2024,16421.779,0.11719356275046106,FALSE
IND,India,81,Stationary plant and machine operators,814,"Rubber, plastic and paper products machine operators",8143,Paper products machine operators,8,0.02013798876118745,0.13181897759103642,0,monitor automated machines; perform test run; quality standards; supply machine; troubleshoot; wear appropriate protective gear; work safely with machines; set up the controller of a machine; monitor conveyor belt; types of paper,2018,1447.237,2024,6395.743,3.419278252283489,2022,14699.135,2024,16421.779,0.11719356275046106,FALSE
IND,India,81,Stationary plant and machine operators,815,"Textile, fur and leather products machine operators",8151,"Fibre preparing, spinning and winding machine operators",7,0.02489694577654824,0.011904761904761904,0,tend spinning machines; measure yarn count; maintain work standards; adjust filament tension; convert textile fibres into sliver; cut filament; maintain equipment; manufacture staple yarns; set the operation speed of manufacturing machines; set up machine controls,2018,1447.237,2024,6395.743,3.419278252283489,2022,14699.135,2024,16421.779,0.11719356275046106,FALSE
IND,India,81,Stationary plant and machine operators,815,"Textile, fur and leather products machine operators",8152,Weaving and knitting machine operators,8,0.02489694577654824,0.04261363636363637,0,control textile process; maintain work standards; evaluate textile characteristics; knitting machine technology; manufacture knitted textiles; manufacture textile floor coverings; manufacture weft knitted fabrics; measure yarn count; tend weaving machines; textile techniques,2018,1447.237,2024,6395.743,3.419278252283489,2022,14699.135,2024,16421.779,0.11719356275046106,FALSE
IND,India,81,Stationary plant and machine operators,815,"Textile, fur and leather products machine operators",8153,Sewing machine operators,6,0.02489694577654824,0.01388888888888889,0,manufacture wearing apparel products; apparel manufacturing technology; distinguish accessories; distinguish fabrics; manufacturing of made-up textile articles; manufacturing of wearing apparel; sew textile-based articles; alter wearing apparel; coordinate manufacturing production activities; cut fabrics,2018,1447.237,2024,6395.743,3.419278252283489,2022,14699.135,2024,16421.779,0.11719356275046106,FALSE
IND,India,81,Stationary plant and machine operators,815,"Textile, fur and leather products machine operators",8154,"Bleaching, dyeing and fabric cleaning machine operators",4,0.02489694577654824,0,0,dyeing technology; maintain work standards; textile chemistry; textile finishing technology; textile printing technology; apply colouring recipes; finish processing of man-made fibres; properties of textile materials; tend textile dyeing machines; use textile finishing machine technologies,2018,1447.237,2024,6395.743,3.419278252283489,2022,14699.135,2024,16421.779,0.11719356275046106,FALSE
IND,India,81,Stationary plant and machine operators,815,"Textile, fur and leather products machine operators",8155,Fur and leather preparing machine operators,3,0.02489694577654824,0.023809523809523808,0,adapt to changing situations; execute working instructions; identify with the company's goals; use communication techniques; work in textile manufacturing teams; apply colouring recipes; prepare colour mixtures; spray finishing technology; apply basic rules of maintenance to leather goods and footwear machinery; characteristics of chemicals used for tanning,2018,1447.237,2024,6395.743,3.419278252283489,2022,14699.135,2024,16421.779,0.11719356275046106,FALSE
IND,India,81,Stationary plant and machine operators,815,"Textile, fur and leather products machine operators",8156,Shoemaking and related machine operators,11,0.02489694577654824,0.05162110616656072,0,footwear components; footwear equipments; footwear machinery; footwear materials; footwear quality; footwear manufacturing technology; apply basic rules of maintenance to leather goods and footwear machinery; leather goods components; leather goods manufacturing processes; leather goods materials,2018,1447.237,2024,6395.743,3.419278252283489,2022,14699.135,2024,16421.779,0.11719356275046106,FALSE
IND,India,81,Stationary plant and machine operators,815,"Textile, fur and leather products machine operators",8157,Laundry machine operators,3,0.02489694577654824,0,0,quality standards; collect items for laundry service; distinguish accessories; distinguish fabrics; handle linen in stock; identify cloth items; iron textiles; maintain customer service; read care labels; analyse goal progress,2018,1447.237,2024,6395.743,3.419278252283489,2022,14699.135,2024,16421.779,0.11719356275046106,FALSE
IND,India,81,Stationary plant and machine operators,815,"Textile, fur and leather products machine operators",8159,"Textile, fur and leather products machine operators not elsewhere classified",8,0.02489694577654824,0.036616161616161616,0,control textile process; measure yarn count; properties of textile materials; braiding technology; develop specifications of technical textiles; distinguish accessories; distinguish fabrics; maintain work standards; nonwoven machine technology; sew textile-based articles,2018,1447.237,2024,6395.743,3.419278252283489,2022,14699.135,2024,16421.779,0.11719356275046106,FALSE
IND,India,81,Stationary plant and machine operators,816,Food and related products machine operators,8160,Food and related products machine operators,55,0.05091408691222567,0.003533889620846141,0,apply GMP; apply HACCP; apply requirements concerning manufacturing of food and beverages; adhere to organisational guidelines; be at ease in unsafe environments; clean food and beverage machinery; carry out checks of production plant equipment; follow hygienic procedures during food processing; collect samples for analysis; ensure sanitation,2018,1447.237,2024,6395.743,3.419278252283489,2022,14699.135,2024,16421.779,0.11719356275046106,FALSE
IND,India,81,Stationary plant and machine operators,817,Wood processing and papermaking plant operators,8171,Pulp and papermaking plant operators,8,0.04680097235478809,0.13195031555132172,0,set up the controller of a machine; wear appropriate protective gear; work safely with machines; monitor automated machines; quality standards; supply machine; types of pulp; troubleshoot; types of paper; concentrate pulp slurry,2018,1447.237,2024,6395.743,3.419278252283489,2022,14699.135,2024,16421.779,0.11719356275046106,FALSE
IND,India,81,Stationary plant and machine operators,817,Wood processing and papermaking plant operators,8172,Wood processing plant operators,11,0.04680097235478809,0.0850753524550316,0,supply machine; troubleshoot; wear appropriate protective gear; work safely with machines; perform test run; quality standards; types of wood; adjust cut sizes; dispose of cutting waste material; remove inadequate workpieces,2018,1447.237,2024,6395.743,3.419278252283489,2022,14699.135,2024,16421.779,0.11719356275046106,FALSE
IND,India,81,Stationary plant and machine operators,818,Other stationary plant and machine operators,8181,Glass and ceramics plant operators,12,0.05775032185448479,0.044152212166918045,0,optimise production processes parameters; measure materials; observe products' behaviour under processing conditions; inspect quality of products; monitor automated machines; quality standards; set up the controller of a machine; troubleshoot; consult technical resources; maintain furnace temperature,2018,1447.237,2024,6395.743,3.419278252283489,2022,14699.135,2024,16421.779,0.11719356275046106,FALSE
IND,India,81,Stationary plant and machine operators,818,Other stationary plant and machine operators,8182,Steam engine and boiler operators,2,0.05775032185448479,0.041666666666666664,0,"monitor valves; adjust cylinder valves; conduct routine machinery checks; control steam flows; domestic cooling systems; heating, ventilation, air conditioning and refrigeration parts; hydraulics; mechanics; monitor automated machines; monitor gauge",2018,1447.237,2024,6395.743,3.419278252283489,2022,14699.135,2024,16421.779,0.11719356275046106,FALSE
IND,India,81,Stationary plant and machine operators,818,Other stationary plant and machine operators,8183,"Packing, bottling and labelling machine operators",7,0.05775032185448479,0.006802721088435372,0,apply GMP; apply HACCP; apply requirements concerning manufacturing of food and beverages; check quality of products on the production line; work in conveyor belts in food manufacturing; carry out checks of production plant equipment; check quality of raw materials; clean food and beverage machinery; dispose non-food waste within the food industry; follow hygienic procedures during food processing,2018,1447.237,2024,6395.743,3.419278252283489,2022,14699.135,2024,16421.779,0.11719356275046106,FALSE
IND,India,81,Stationary plant and machine operators,818,Other stationary plant and machine operators,8189,Stationary plant and machine operators not elsewhere classified,2,0.05775032185448479,0.03571428571428571,0,check quality of raw materials; dispose of cutting waste material; ensure conformity to specifications; ensure public safety and security; check quality of products on the production line; consult technical resources; edge banding; maintain edge banding machinery; maintain slitting machinery; measure parts of manufactured products,2018,1447.237,2024,6395.743,3.419278252283489,2022,14699.135,2024,16421.779,0.11719356275046106,FALSE
IND,India,82,Assemblers,821,Assemblers,8211,Mechanical machinery assemblers,11,0.01819938293611257,0.02183111006640418,0,align components; quality standards; read standard blueprints; troubleshoot; fasten components; mechanics; use technical documentation; apply health and safety standards; read engineering drawings; use power tools,2018,4902.998,2024,367.856,-0.9249732510598618,2022,14699.135,2024,16421.779,0.11719356275046106,TRUE
IND,India,82,Assemblers,821,Assemblers,8212,Electrical and electronic equipment assemblers,14,0.01819938293611257,0.05505301928864341,0,read assembly drawings; ensure conformity to specifications; meet deadlines; quality standards; report defective manufacturing materials; align components; electronics; fasten components; remove defective products; measure parts of manufactured products,2018,4902.998,2024,367.856,-0.9249732510598618,2022,14699.135,2024,16421.779,0.11719356275046106,FALSE
IND,India,82,Assemblers,821,Assemblers,8219,Assemblers not elsewhere classified,11,0.01819938293611257,0.028122843340234644,0,quality standards; fasten components; use technical documentation; align components; assemble metal parts; perform pre-assembly quality checks; troubleshoot; apply a protective layer; apply health and safety standards; ensure conformity to specifications,2018,4902.998,2024,367.856,-0.9249732510598618,2022,14699.135,2024,16421.779,0.11719356275046106,FALSE
IND,India,83,Drivers and mobile plant operators,831,Locomotive engine drivers and related workers,8311,Locomotive engine drivers,1,0,0,0,act with a high level of safety awareness; adjust weight of cargo to capacity of freight transport vehicles; check train engines; communicate with customers; control train movement; ensure maintenance of trains; ensure trains run to schedule; focus on passengers; follow signalling instructions; handle stressful situations in the work place,2018,14113.822,2024,21690.857,0.53685210143645,2022,14699.135,2024,16421.779,0.11719356275046106,TRUE
IND,India,83,Drivers and mobile plant operators,831,Locomotive engine drivers and related workers,8312,"Railway brake, signal and switch operators",5,0,0.042676767676767674,0,enforce railway safety regulations; execute working instructions; operate railway switches; shunt inbound loads; shunt outbound loads; apply signalling control procedures; comply with railway safety standards; cooperate with colleagues; ensure compliance with railway regulation; follow switching instructions in rail operations,2018,14113.822,2024,21690.857,0.53685210143645,2022,14699.135,2024,16421.779,0.11719356275046106,FALSE
IND,India,83,Drivers and mobile plant operators,832,"Car, van and motorcycle drivers",8321,Motorcycle drivers,1,0.01135488070566978,0.07692307692307693,0,act reliably; analyse travel alternatives; communicate with customers; differentiate types of packages; drive in urban areas; drive two-wheeled vehicles; ensure the integrity of mail; establish daily priorities; geographic areas; interpret traffic signals,2018,14113.822,2024,21690.857,0.53685210143645,2022,14699.135,2024,16421.779,0.11719356275046106,FALSE
IND,India,83,Drivers and mobile plant operators,832,"Car, van and motorcycle drivers",8322,"Car, taxi and van drivers",7,0.01135488070566978,0.06291898577612863,0,drive vehicles; interpret traffic signals; road traffic laws; assist passengers; communicate with customers; follow verbal instructions; lift heavy weights; maintain vehicle appearance; control the performance of the vehicle; drive in urban areas,2018,14113.822,2024,21690.857,0.53685210143645,2022,14699.135,2024,16421.779,0.11719356275046106,FALSE
IND,India,83,Drivers and mobile plant operators,833,Heavy truck and bus drivers,8331,Bus and tram drivers,3,0.05384530095698256,0.051511318114733674,0,adhere to transportation work schedule; apply conflict management; assist disable passengers; assist passengers; clean road vehicles; communicate clearly with passengers; communicate with customers; drive in urban areas; ensure vehicle operability; ensure vehicles are equipped with accessibility equipment,2018,14113.822,2024,21690.857,0.53685210143645,2022,14699.135,2024,16421.779,0.11719356275046106,FALSE
IND,India,83,Drivers and mobile plant operators,833,Heavy truck and bus drivers,8332,Heavy truck and lorry drivers,9,0.05384530095698256,0.03377425044091711,0,drive vehicles; manoeuvre heavy trucks; operate GPS systems; interpret traffic signals; mechanical components of vehicles; vehicle cargo capacity; anticipate foreseeable problems on the road; control the performance of the vehicle; ensure vehicle operability; health and safety measures in transportation,2018,14113.822,2024,21690.857,0.53685210143645,2022,14699.135,2024,16421.779,0.11719356275046106,FALSE
IND,India,83,Drivers and mobile plant operators,834,Mobile plant operators,8341,Mobile farm and forestry plant operators,3,0.05317763757088714,0,0,advise client on technical possibilities; agronomy; assess felled timber quality; assess felled timber volume; carry out routine maintenance of wood cutting machinery; crop production principles; de-limb trees; drive agricultural machines; drive timber machine; evaluate employees work,2018,14113.822,2024,21690.857,0.53685210143645,2022,14699.135,2024,16421.779,0.11719356275046106,FALSE
IND,India,83,Drivers and mobile plant operators,834,Mobile plant operators,8342,Earthmoving and related plant operators,10,0.05317763757088714,0.03236111111111111,0,follow health and safety procedures in construction; use safety equipment in construction; work ergonomically; prevent damage to utility infrastructure; react to events in time-critical environments; inspect construction sites; keep heavy construction equipment in good condition; mechanical systems; mechanical tools; drive mobile heavy construction equipment,2018,14113.822,2024,21690.857,0.53685210143645,2022,14699.135,2024,16421.779,0.11719356275046106,FALSE
IND,India,83,Drivers and mobile plant operators,834,Mobile plant operators,8343,"Crane, hoist and related plant operators",5,0.05317763757088714,0.01176470588235294,0,crane load charts; follow health and safety procedures in construction; follow safety procedures when working at heights; inspect construction sites; inspect crane equipment; interpret 2D plans; interpret 3D plans; keep heavy construction equipment in good condition; mechanical systems; operate cranes,2018,14113.822,2024,21690.857,0.53685210143645,2022,14699.135,2024,16421.779,0.11719356275046106,FALSE
IND,India,83,Drivers and mobile plant operators,834,Mobile plant operators,8344,Lifting truck operators,1,0.05317763757088714,0.0625,0,apply company policies; apply techniques for stacking goods into containers; carry out stock rotation; conduct forklift inspections; ensure compliance with environmental legislation; estimate distances; execute working instructions; follow procedures to control substances hazardous to health; follow signalling instructions; follow stock control instructions,2018,14113.822,2024,21690.857,0.53685210143645,2022,14699.135,2024,16421.779,0.11719356275046106,FALSE
IND,India,83,Drivers and mobile plant operators,835,Ships’ deck crews and related workers,8350,Ships’ deck crews and related workers,7,0.03167317083573239,0.02965684839776849,0,moor vessels; unmoor vessels; secure ships using rope; assist anchoring operations; clean parts of vessels; clean ships; follow verbal instructions; maintain vessel engine room; swim; use different types of fire extinguishers,2018,14113.822,2024,21690.857,0.53685210143645,2022,14699.135,2024,16421.779,0.11719356275046106,FALSE
IND,India,91,Cleaners and helpers,911,"Domestic, hotel and office cleaners and helpers",9111,Domestic cleaners and helpers,1,0.05135124486805573,0,0,clean glass surfaces; clean household linens; clean rooms; clean surfaces; clean toilet facilities; cleaning techniques; ensure cleanliness of food preparation area; handle chemical cleaning agents; iron textiles; maintain cleaning equipment,2018,11046.73,2024,8448.871,-0.23516995527183163,2022,9058.23,2024,10237.291,0.1301646127333927,TRUE
IND,India,91,Cleaners and helpers,911,"Domestic, hotel and office cleaners and helpers",9112,"Cleaners and helpers in offices, hotels and other establishments",6,0.05135124486805573,0,0,perform cleaning duties; clean glass surfaces; cleaning industry health and safety measures; follow organisational guidelines in the cleaning industry; handle chemical cleaning agents; maintain cleaning equipment; maintain customer service; maintain inventory of cleaning supplies; manage routine waste; inform on toilet facilities malfunctions,2018,11046.73,2024,8448.871,-0.23516995527183163,2022,9058.23,2024,10237.291,0.1301646127333927,FALSE
IND,India,91,Cleaners and helpers,912,"Vehicle, window, laundry and other hand cleaning workers",9121,Hand launderers and pressers,2,0.04422573743694427,0,0,alter wearing apparel; clean household linens; collect items for laundry service; comply with food safety and hygiene; coordinate manufacturing production activities; distinguish accessories; distinguish fabrics; handle linen in stock; iron textiles; maintain inventory of cleaning supplies,2018,11046.73,2024,8448.871,-0.23516995527183163,2022,9058.23,2024,10237.291,0.1301646127333927,FALSE
IND,India,91,Cleaners and helpers,912,"Vehicle, window, laundry and other hand cleaning workers",9122,Vehicle cleaners,1,0.04422573743694427,0,0,car cleaning procedures; car controls; clean equipment; clean vehicle engine; clean vehicle exterior; clean vehicle interiors; ensure vehicle preparation for pick-up; execute working instructions; follow procedures to control substances hazardous to health; handle chemical cleaning agents,2018,11046.73,2024,8448.871,-0.23516995527183163,2022,9058.23,2024,10237.291,0.1301646127333927,FALSE
IND,India,91,Cleaners and helpers,912,"Vehicle, window, laundry and other hand cleaning workers",9123,Window cleaners,1,0.04422573743694427,0,0,clean glass surfaces; cleaning industry health and safety measures; complete report sheets of activity; dispose of non-hazardous waste; follow organisational guidelines in the cleaning industry; follow procedures to control substances hazardous to health; follow reporting procedures; handle chemical cleaning agents; maintain cleaning equipment; maintain inventory of cleaning supplies,2018,11046.73,2024,8448.871,-0.23516995527183163,2022,9058.23,2024,10237.291,0.1301646127333927,FALSE
IND,India,91,Cleaners and helpers,912,"Vehicle, window, laundry and other hand cleaning workers",9129,Other cleaning workers,4,0.04422573743694427,0,0,clean public areas; handle chemical cleaning agents; maintain cleaning equipment; amusement park emergency procedures; apply health and safety standards; clean amusement park facilities; clean glass surfaces; clean particular areas manually; clean sewerage systems; cleaning techniques,2018,11046.73,2024,8448.871,-0.23516995527183163,2022,9058.23,2024,10237.291,0.1301646127333927,FALSE
IND,India,92,"Agricultural, forestry and fishery labourers",921,"Agricultural, forestry and fishery labourers",9211,Crop farm labourers,2,0.11374943663873564,0.03571428571428571,0,apply health and safety when picking; carry picking work aids; drive agricultural machines; execute fertilisation; harvest crop; harvest grapes; manage canopy; manage data; operate hand pruning equipment; participate in vine maintenance,2018,37212.39,2024,33393.277,-0.1026301454972389,2022,9058.23,2024,10237.291,0.1301646127333927,TRUE
IND,India,92,"Agricultural, forestry and fishery labourers",921,"Agricultural, forestry and fishery labourers",9212,Livestock farm labourers,4,0.11374943663873564,0.015625,0,animal welfare legislation; assist animal birth; biology; control animal movement; maintain pastures; maintain the farm; animal nutrition; breed stock; breed-specific behaviour of horses; clean stalls,2018,37212.39,2024,33393.277,-0.1026301454972389,2022,9058.23,2024,10237.291,0.1301646127333927,FALSE
IND,India,92,"Agricultural, forestry and fishery labourers",921,"Agricultural, forestry and fishery labourers",9213,Mixed crop and livestock farm labourers,1,0.11374943663873564,0,0,agroforestry; cultivate crops for biomass; drive agricultural machines; execute disease and pest control activities; execute fertilisation; grow plants; harvest crop; maintain storage facilities; manage crop rotation; monitor fields,2018,37212.39,2024,33393.277,-0.1026301454972389,2022,9058.23,2024,10237.291,0.1301646127333927,FALSE
IND,India,92,"Agricultural, forestry and fishery labourers",921,"Agricultural, forestry and fishery labourers",9214,Garden and horticultural labourers,2,0.11374943663873564,0,0,grow plants; nurse plants; prepare planting area; propagate plants; prune plants; use gardening equipment; drive agricultural machines; execute fertilisation; handling chemical products for soil and plants; harvest crop,2018,37212.39,2024,33393.277,-0.1026301454972389,2022,9058.23,2024,10237.291,0.1301646127333927,FALSE
IND,India,92,"Agricultural, forestry and fishery labourers",921,"Agricultural, forestry and fishery labourers",9215,Forestry labourers,1,0.11374943663873564,0,0,act with a high level of safety awareness; assist forest survey crew; assist tree identification; build fences; carry out aerial tree rigging; climb trees; control tree diseases; de-limb trees; execute disease and pest control activities; maintain forestry equipment,2018,37212.39,2024,33393.277,-0.1026301454972389,2022,9058.23,2024,10237.291,0.1301646127333927,FALSE
IND,India,92,"Agricultural, forestry and fishery labourers",921,"Agricultural, forestry and fishery labourers",9216,Fishery and aquaculture labourers,4,0.11374943663873564,0.012195121951219513,0,collect dead fish; collect live fish; rope manipulation; assess cage water quality; carry out fish transportation; carry out preparations for fish disease specialist; collect aquatic resources; collect biological data; collect fish samples for diagnosis; collect growth rate information,2018,37212.39,2024,33393.277,-0.1026301454972389,2022,9058.23,2024,10237.291,0.1301646127333927,FALSE
IND,India,93,"Labourers in mining, construction, manufacturing and transport",931,Mining and construction labourers,9311,Mining and quarrying labourers,1,0.06154909317443304,0,0,address problems critically; clean waste materials from machines; conduct inter-shift communication; dispose of non-hazardous waste; excavation techniques; handle mining plant waste; maintain records of mining operations; perform minor repairs to equipment; troubleshoot; work ergonomically,2018,32268.045,2024,55657.752,0.7248566499767806,2022,9058.23,2024,10237.291,0.1301646127333927,TRUE
IND,India,93,"Labourers in mining, construction, manufacturing and transport",931,Mining and construction labourers,9312,Civil engineering labourers,7,0.06154909317443304,0.01098901098901099,0,follow health and safety procedures in construction; inspect construction supplies; use safety equipment in construction; work ergonomically; inspect asphalt; inspect construction sites; perform drainage work; road traffic laws; transport construction supplies; work in a construction team,2018,32268.045,2024,55657.752,0.7248566499767806,2022,9058.23,2024,10237.291,0.1301646127333927,FALSE
IND,India,93,"Labourers in mining, construction, manufacturing and transport",931,Mining and construction labourers,9313,Building construction labourers,1,0.06154909317443304,0,0,apply finish to concrete; check compatibility of materials; dig soil mechanically; discharge cement; follow health and safety procedures in construction; inspect construction supplies; inspect masonry work; install construction profiles; install wood elements in structures; mix concrete,2018,32268.045,2024,55657.752,0.7248566499767806,2022,9058.23,2024,10237.291,0.1301646127333927,FALSE
IND,India,93,"Labourers in mining, construction, manufacturing and transport",932,Manufacturing labourers,9321,Hand packers,2,0.01136363636363635,0,0,pack goods; clothing industry; clothing sizes; comply with checklists; decorate textile articles; ensure correct goods labelling; follow written instructions; lift heavy weights; manufacture wearing apparel products; packaging processes,2018,32268.045,2024,55657.752,0.7248566499767806,2022,9058.23,2024,10237.291,0.1301646127333927,FALSE
IND,India,93,"Labourers in mining, construction, manufacturing and transport",932,Manufacturing labourers,9329,Manufacturing labourers not elsewhere classified,2,0.01136363636363635,0,0,clean equipment; wear appropriate protective gear; apply health and safety standards; calculate materials to build equipment; clean building floors; clean surfaces; cleaning products; cleaning techniques; ensure integrity of hull; ensure vessel compliance with regulations,2018,32268.045,2024,55657.752,0.7248566499767806,2022,9058.23,2024,10237.291,0.1301646127333927,FALSE
IND,India,93,"Labourers in mining, construction, manufacturing and transport",933,Transport and storage labourers,9331,Hand and pedal vehicle drivers,1,0.03497142687534712,0,0,act reliably; analyse travel alternatives; communicate with customers; differentiate types of packages; drive two-wheeled vehicles; ensure the integrity of mail; geographic areas; interpret traffic signals; obey traffic rules; road traffic laws,2018,32268.045,2024,55657.752,0.7248566499767806,2022,9058.23,2024,10237.291,0.1301646127333927,FALSE
IND,India,93,"Labourers in mining, construction, manufacturing and transport",933,Transport and storage labourers,9332,Drivers of animal-drawn vehicles and machinery,1,0.03497142687534712,0,0,animal behaviour; assist passengers; communicate with customers; drive carriage; ensure passenger comfort; focus on passengers; harness horses to carriage; obey traffic rules; road traffic laws; tolerate sitting for long periods,2018,32268.045,2024,55657.752,0.7248566499767806,2022,9058.23,2024,10237.291,0.1301646127333927,FALSE
IND,India,93,"Labourers in mining, construction, manufacturing and transport",933,Transport and storage labourers,9333,Freight handlers,9,0.03497142687534712,0.06030408648055707,0,stack goods; lift heavy weights; apply techniques for stacking goods into containers; dispatch order processing; implement efficiency plans for logistics operations; maintain physical condition of warehouse; maintain stock control systems; manage warehouse inventory; operate forklift; operate warehouse record systems,2018,32268.045,2024,55657.752,0.7248566499767806,2022,9058.23,2024,10237.291,0.1301646127333927,FALSE
IND,India,93,"Labourers in mining, construction, manufacturing and transport",933,Transport and storage labourers,9334,Shelf fillers,1,0.03497142687534712,0,0,assess shelf life of food products; change shelf labels; check price accuracy on the shelf; comply with food safety and hygiene; ensure stock storage safety; examine merchandise; monitor stock level; stock shelves,2018,32268.045,2024,55657.752,0.7248566499767806,2022,9058.23,2024,10237.291,0.1301646127333927,FALSE
IND,India,94,Food preparation assistants,941,Food preparation assistants,9411,Fast food preparers,2,0.0161290322580645,0,0,"comply with food safety and hygiene; use cooking techniques; check deliveries on receipt; clean surfaces; ensure cleanliness of food preparation area; execute opening and closing procedures; greet guests; handover the food preparation area; health, safety and hygiene legislation; maintain a safe, hygienic and secure working environment",2022,359.217,2024,704.682,0.9617167338962244,2022,9058.23,2024,10237.291,0.1301646127333927,TRUE
IND,India,94,Food preparation assistants,941,Food preparation assistants,9412,Kitchen helpers,2,0.0161290322580645,0,0,"carry out stock rotation; clean kitchen equipment; clean surfaces; comply with food safety and hygiene; ensure cleanliness of food preparation area; handle chemical cleaning agents; handover the food preparation area; maintain a safe, hygienic and secure working environment; work in a hospitality team; comply with standard portion sizes",2022,359.217,2024,704.682,0.9617167338962244,2022,9058.23,2024,10237.291,0.1301646127333927,FALSE
IND,India,95,Street and related sales and service workers,951,Street and related service workers,9510,Street and related service workers,1,0,0,0,deliver leaflets; demonstrate professional attitude to clients; distribute local information materials; geographic areas; hand out flyers; work in outdoor conditions,2022,1623.378,2024,1310.672,-0.19262673265253066,2022,9058.23,2024,10237.291,0.1301646127333927,TRUE
IND,India,95,Street and related sales and service workers,952,Street vendors (excluding food),9520,Street vendors (excluding food),1,0.0178571428571428,0,0,adapt to different weather conditions; apply health and safety standards; assist customers; carry out active selling; consumer protection; demonstrate products' features; ensure client orientation; ensure product preparation; guarantee customer satisfaction; maintain work area cleanliness,2022,1623.378,2024,1310.672,-0.19262673265253066,2022,9058.23,2024,10237.291,0.1301646127333927,FALSE
IND,India,96,Refuse workers and other elementary workers,961,Refuse workers,9611,Garbage and recycling collectors,1,0.514503017964927,0,0,"assess waste type; collect domestic waste; collect industrial waste; health, safety and hygiene legislation; maintain refuse collection equipment; maintain waste collection records; manage waste; waste and scrap products; waste management",2022,2221.091,2024,2640.98,0.1890462840108758,2022,9058.23,2024,10237.291,0.1301646127333927,TRUE
IND,India,96,Refuse workers and other elementary workers,961,Refuse workers,9612,Refuse sorters,2,0.514503017964927,0,0,"assess waste type; handle chemical cleaning agents; health, safety and hygiene legislation; manage waste; operate recycling processing equipment; waste and scrap products; waste management; collect broken appliances; communicate with waste collectors; dismantle broken appliances",2022,2221.091,2024,2640.98,0.1890462840108758,2022,9058.23,2024,10237.291,0.1301646127333927,FALSE
IND,India,96,Refuse workers and other elementary workers,961,Refuse workers,9613,Sweepers and related labourers,1,0.514503017964927,0,0,carry out pressure washing activities; clean equipment; clean public areas; clean public furniture; cleaning industry health and safety measures; cleaning techniques; clear out drains; discharge of collected waste; disinfect surfaces; empty community waste collection bins,2022,2221.091,2024,2640.98,0.1890462840108758,2022,9058.23,2024,10237.291,0.1301646127333927,FALSE
IND,India,96,Refuse workers and other elementary workers,962,Other elementary workers,9621,"Messengers, package deliverers and luggage porters",2,0.02091343783890361,0,0,assist clients with special needs; comply with food safety and hygiene; greet guests; maintain customer service; detect drug abuse; handle delivered packages; handle guest luggage; park guest's vehicle; screen clients,2022,2221.091,2024,2640.98,0.1890462840108758,2022,9058.23,2024,10237.291,0.1301646127333927,FALSE
IND,India,96,Refuse workers and other elementary workers,962,Other elementary workers,9622,Odd job persons,1,0.02091343783890361,0.05263157894736842,0,building construction principles; calculate costs of repair operations; carpentry; domestic heating systems; electrical wiring plans; electricity; energy conservation; fire safety regulations; maintain customer service; maintain records of maintenance interventions,2022,2221.091,2024,2640.98,0.1890462840108758,2022,9058.23,2024,10237.291,0.1301646127333927,FALSE
IND,India,96,Refuse workers and other elementary workers,962,Other elementary workers,9623,Meter readers and vending-machine collectors,2,0.02091343783890361,0.04545454545454546,0,adjust temperature gauges; carry out stock rotation; change shelf labels; company policies; ensure public safety and security; examine meters in connections; food hygiene rules; geographical routes; identify faults in utility meters; interpret traffic signals,2022,2221.091,2024,2640.98,0.1890462840108758,2022,9058.23,2024,10237.291,0.1301646127333927,FALSE
IND,India,96,Refuse workers and other elementary workers,962,Other elementary workers,9629,Elementary workers not elsewhere classified,7,0.02091343783890361,0,0,maintain customer service; communicate with customers; greet guests; amusement park emergency procedures; manage lost and found articles; monitor amusement park safety; allocate locker space; allocate numbers to clients' belongings; announce amusement park attractions; apply company policies,2022,2221.091,2024,2640.98,0.1890462840108758,2022,9058.23,2024,10237.291,0.1301646127333927,FALSE
KEN,Kenya,01,Commissioned armed forces officers,011,Commissioned armed forces officers,0110,Commissioned armed forces officers,12,0.00575396825396825,0.03869047619047619,0,military weaponry; devise military tactics; military combat techniques; ensure public safety and security; maintain operational communications; military drill; defend human rights; lead military troops; military code; ensure compliance with types of weapons,2019,12.97,2019,12.97,0,2019,72032.658,2019,72032.658,0,TRUE
KEN,Kenya,02,Non-commissioned armed forces officers,021,Non-commissioned armed forces officers,0210,Non-commissioned armed forces officers,4,0,0.08939393939393939,0,lead military troops; military weaponry; ensure compliance with types of weapons; identify security threats; manage troop deployment; military code; military combat techniques; military drill; assess danger in risk areas; devise military tactics,2019,17.235,2019,17.235,0,2019,72032.658,2019,72032.658,0,TRUE
KEN,Kenya,03,"Armed forces occupations, other ranks",031,"Armed forces occupations, other ranks",0310,"Armed forces occupations, other ranks",5,0.00166666666666666,0.1456892230576441,0,use different communication channels; handle surveillance equipment; surveillance methods; air force operations; collect real-time geolocation information; ensure compliance with types of weapons; geographic information systems; maintain operational communications; military drill; operate radar equipment,2019,42.249,2019,42.249,0,2019,72032.658,2019,72032.658,0,TRUE
KEN,Kenya,11,"Chief executives, senior officials and legislators",111,Legislators and senior officials,1111,Legislators,7,0.0042016806722689,0.01020408163265306,0,good governance; government policy implementation; analyse legislation; legislation procedure; perform political negotiation; constitutional law; manage government policy implementation; prepare legislation proposition; present legislation proposition; engage in debates,2019,85.082,2022,30.156,-0.645565454502715,2019,58574.726,2019,58574.726,0,TRUE
KEN,Kenya,11,"Chief executives, senior officials and legislators",111,Legislators and senior officials,1112,Senior government officials,9,0.0042016806722689,0.00854700854700855,0,government policy implementation; maintain relationships with government agencies; foreign affairs; represent national interests; assess risk factors; coordinate government activities in foreign institutions; create solutions to problems; develop professional network; diplomatic principles; foreign languages for international careers,2019,85.082,2022,30.156,-0.645565454502715,2019,58574.726,2019,58574.726,0,FALSE
KEN,Kenya,11,"Chief executives, senior officials and legislators",111,Legislators and senior officials,1114,Senior officials of special-interest organisations,1,0.0042016806722689,0,0,advise on drafting policies; advise on legislative acts; analyse issues; budgetary principles; communicate with media; communication principles; conduct public presentations; create solutions to problems; deal with pressure from unexpected circumstances; develop professional network,2019,85.082,2022,30.156,-0.645565454502715,2019,58574.726,2019,58574.726,0,FALSE
KEN,Kenya,11,"Chief executives, senior officials and legislators",112,Managing directors and chief executives,1120,Managing directors and chief executives,6,0.0500265816055289,0.012820512820512822,0,manage budgets; analyse business plans; apply strategic thinking; assume responsibility for the management of a business; business process modelling; company policies; conclude business agreements; develop professional network; establish collaborative relations; financial statements,2019,85.082,2022,30.156,-0.645565454502715,2019,58574.726,2019,58574.726,0,FALSE
KEN,Kenya,12,Administrative and commercial managers,121,Business services and administration managers,1211,Finance managers,5,0.0823875829937813,0,0,analyse market financial trends; create a financial plan; evaluate budgets; financial analysis; financial statements; manage budgets; analyse financial performance of a company; enforce financial policies; financial department processes; financial management,2019,122.674,2022,54.018,-0.5596621941079609,2019,58574.726,2019,58574.726,0,TRUE
KEN,Kenya,12,Administrative and commercial managers,121,Business services and administration managers,1212,Human resource managers,6,0.0823875829937813,0.050333656701061234,0,human resources department processes; apply company policies; comply with legal regulations; coordinate operational activities; develop employee retention programs; develop training programmes; evaluate training; give constructive feedback; human resource management; identify necessary human resources,2019,122.674,2022,54.018,-0.5596621941079609,2019,58574.726,2019,58574.726,0,FALSE
KEN,Kenya,12,Administrative and commercial managers,121,Business services and administration managers,1213,Policy and planning managers,13,0.0823875829937813,0.08079466536913346,0,corporate social responsibility; liaise with managers; strategic planning; develop company strategies; ensure compliance with policies; integrate strategic foundation in daily performance; manage staff; abide by business ethical code of conducts; business analysis; company policies,2019,122.674,2022,54.018,-0.5596621941079609,2019,58574.726,2019,58574.726,0,FALSE
KEN,Kenya,12,Administrative and commercial managers,121,Business services and administration managers,1219,Business services and administration managers not elsewhere classified,14,0.0823875829937813,0.021804568570723305,0,follow company standards; liaise with managers; manage budgets; manage staff; strive for company growth; ensure equipment availability; manage supplies; adhere to organisational guidelines; corporate social responsibility; ensure equipment maintenance,2019,122.674,2022,54.018,-0.5596621941079609,2019,58574.726,2019,58574.726,0,FALSE
KEN,Kenya,12,Administrative and commercial managers,122,"Sales, marketing and development managers",1221,Sales and marketing managers,16,0.0296640356338618,0.0976151496092706,0,perform market research; align efforts towards business development; analyse consumer buying trends; build business relationships; corporate social responsibility; create annual marketing budget; define measurable marketing objectives; integrate marketing strategies with the global strategy; plan marketing campaigns; analyse external factors of companies,2019,122.674,2022,54.018,-0.5596621941079609,2019,58574.726,2019,58574.726,0,FALSE
KEN,Kenya,12,Administrative and commercial managers,122,"Sales, marketing and development managers",1222,Advertising and public relations managers,3,0.0296640356338618,0.03030303030303031,0,advise on public image; analyse external factors of companies; communication principles; corporate social responsibility; develop communications strategies; develop public relations strategies; diplomatic principles; forming of public opinion; integrate strategic foundation in daily performance; market research,2019,122.674,2022,54.018,-0.5596621941079609,2019,58574.726,2019,58574.726,0,FALSE
KEN,Kenya,12,Administrative and commercial managers,122,"Sales, marketing and development managers",1223,Research and development managers,12,0.0296640356338618,0.05597739451906118,0,manage budgets; manage staff; develop new products; distinguish accessories; distinguish fabrics; industrial research and development; innovation processes; market research; perform market research; plan product management,2019,122.674,2022,54.018,-0.5596621941079609,2019,58574.726,2019,58574.726,0,FALSE
KEN,Kenya,13,Production and specialised services managers,131,"Production managers in agriculture, forestry and fisheries",1311,Agricultural and forestry production managers,1,0.15848987962194622,0,0,agronomy; animal welfare legislation; conserve forests; de-limb trees; environmental legislation; environmental policy; forestry regulations; health and safety regulations; manage forests; monitor forest health,2019,751.265,2022,62.669,-0.9165820316399673,2019,58574.726,2019,58574.726,0,TRUE
KEN,Kenya,13,Production and specialised services managers,131,"Production managers in agriculture, forestry and fisheries",1312,Aquaculture and fisheries production managers,3,0.15848987962194622,0.017094017094017092,0,animal welfare legislation; biosecurity; control aquatic production environment; develop stock health programmes; ensure aquaculture personnel health and safety; fish biology; fish grading; fish harvesting methods; fishing industry; aquaculture production planning software,2019,751.265,2022,62.669,-0.9165820316399673,2019,58574.726,2019,58574.726,0,FALSE
KEN,Kenya,13,Production and specialised services managers,132,"Manufacturing, mining, construction, and distribution managers",1321,Manufacturing managers,21,0.0458292831389648,0.032473638770021615,0,manage staff; use IT tools; health and safety in the workplace; manage supplies; meet deadlines; use communication techniques; follow company standards; manage budgets; adhere to organisational guidelines; create manufacturing guidelines,2019,751.265,2022,62.669,-0.9165820316399673,2019,58574.726,2019,58574.726,0,FALSE
KEN,Kenya,13,Production and specialised services managers,132,"Manufacturing, mining, construction, and distribution managers",1322,Mining managers,4,0.0458292831389648,0.011363636363636364,0,ensure compliance with safety legislation; identify process improvements; manage emergency procedures; address problems critically; deal with pressure from unexpected circumstances; impact of geological factors on mining operations; manage staff; mine safety legislation; mining engineering; monitor mine production,2019,751.265,2022,62.669,-0.9165820316399673,2019,58574.726,2019,58574.726,0,FALSE
KEN,Kenya,13,Production and specialised services managers,132,"Manufacturing, mining, construction, and distribution managers",1323,Construction managers,3,0.0458292831389648,0,0,manage contracts; audit contractors; budgetary principles; check construction compliance; construction product regulation; contract law; ensure compliance with legal requirements; follow health and safety procedures in construction; green building practices; keep records of work progress,2019,751.265,2022,62.669,-0.9165820316399673,2019,58574.726,2019,58574.726,0,FALSE
KEN,Kenya,13,Production and specialised services managers,132,"Manufacturing, mining, construction, and distribution managers",1324,"Supply, distribution and related managers",90,0.0458292831389648,0.04609737039192383,0,create solutions to problems; have computer literacy; ensure customs compliance; perform financial risk management in international trade; manage staff; supply chain management; analyse supply chain trends; maintain financial records; comprehend financial business terminology; control trade commercial documentation,2019,751.265,2022,62.669,-0.9165820316399673,2019,58574.726,2019,58574.726,0,FALSE
KEN,Kenya,13,Production and specialised services managers,133,Information and communications technology service managers,1330,Information and communications technology service managers,13,0.02973484848484849,0.43397656588556077,0,define technology strategy; manage budgets; ICT market; ICT project management; ICT project management methodologies; decision support systems; monitor technology trends; attack vectors; business processes; coordinate technological activities,2019,751.265,2022,62.669,-0.9165820316399673,2019,58574.726,2019,58574.726,0,FALSE
KEN,Kenya,13,Production and specialised services managers,134,Professional services managers,1341,Child care services managers,3,0.02840907547154232,0,0,implement care programmes for children; apply organisational techniques; child protection; contribute to the safeguarding of children; determine child welfare; manage staff; promote inclusion; promote the safeguarding of young people; support children's wellbeing; accept own accountability,2019,751.265,2022,62.669,-0.9165820316399673,2019,58574.726,2019,58574.726,0,FALSE
KEN,Kenya,13,Production and specialised services managers,134,Professional services managers,1342,Health services managers,2,0.02840907547154232,0.10714285714285714,0,communicate in healthcare; contribute to public health campaigns; adhere to organisational guidelines; advise policy makers in healthcare; analyse goal progress; analyse large-scale data in healthcare; apply good clinical practices; apply organisational techniques; budgetary principles; clinical reports,2019,751.265,2022,62.669,-0.9165820316399673,2019,58574.726,2019,58574.726,0,FALSE
KEN,Kenya,13,Production and specialised services managers,134,Professional services managers,1343,Aged care services managers,1,0.02840907547154232,0,0,address problems critically; adhere to organisational guidelines; advocate for others; advocate for social service users; analyse community needs; apply decision making within social work; apply holistic approach within social services; apply quality standards in social services; apply socially just working principles; budgetary principles,2019,751.265,2022,62.669,-0.9165820316399673,2019,58574.726,2019,58574.726,0,FALSE
KEN,Kenya,13,Production and specialised services managers,134,Professional services managers,1344,Social welfare managers,4,0.02840907547154232,0,0,analyse community needs; accept own accountability; adhere to organisational guidelines; adolescent psychological development; advocate for others; advocate for social service users; apply decision making within social work; apply holistic approach within social services; apply quality standards in social services; apply socially just working principles,2019,751.265,2022,62.669,-0.9165820316399673,2019,58574.726,2019,58574.726,0,FALSE
KEN,Kenya,13,Production and specialised services managers,134,Professional services managers,1345,Education managers,11,0.02840907547154232,0.01112523839796567,0,cooperate with education professionals; curriculum standards; curriculum objectives; assist in the organisation of school events; present reports; project management; write work-related reports; guarantee students' safety; education law; monitor educational developments,2019,751.265,2022,62.669,-0.9165820316399673,2019,58574.726,2019,58574.726,0,FALSE
KEN,Kenya,13,Production and specialised services managers,134,Professional services managers,1346,Financial and insurance services branch managers,6,0.02840907547154232,0,0,advise on financial matters; analyse market financial trends; corporate social responsibility; enforce financial policies; financial analysis; financial management; financial statements; follow company standards; liaise with managers; manage staff,2019,751.265,2022,62.669,-0.9165820316399673,2019,58574.726,2019,58574.726,0,FALSE
KEN,Kenya,13,Production and specialised services managers,134,Professional services managers,1349,Professional services managers not elsewhere classified,24,0.02840907547154232,0.07749522085434357,0,manage staff; manage budgets; corporate social responsibility; write work-related reports; build business relationships; lead a team; liaise with colleagues; liaise with managers; perform project management; project management,2019,751.265,2022,62.669,-0.9165820316399673,2019,58574.726,2019,58574.726,0,FALSE
KEN,Kenya,14,"Hospitality, retail and other services managers",141,Hotel and restaurant managers,1411,Hotel managers,3,0.1104797979797975,0.03333333333333334,0,manage health and safety standards; manage staff; assist at check-in; comply with food safety and hygiene; create solutions to problems; handle customer complaints; implement marketing strategies; implement sales strategies; maintain customer service; manage budgets,2021,1191.072,2022,819.248,-0.31217592219446,2019,58574.726,2019,58574.726,0,TRUE
KEN,Kenya,14,"Hospitality, retail and other services managers",141,Hotel and restaurant managers,1412,Restaurant managers,1,0.1104797979797975,0.02777777777777777,0,arrange special events; comply with food safety and hygiene; control of expenses; design indicators for food waste reduction; develop food waste reduction strategies; develop inclusive communication material; devise special promotions; ensure infrastructure accessibility; ensure maintenance of kitchen equipment; ensure portion control,2021,1191.072,2022,819.248,-0.31217592219446,2019,58574.726,2019,58574.726,0,FALSE
KEN,Kenya,14,"Hospitality, retail and other services managers",142,Retail and wholesale trade managers,1420,Retail and wholesale trade managers,49,0.00760558850529628,0.015131717819486476,0,manage budgets; ensure compliance with purchasing and contracting regulations; manage staff; maximise sales revenues; monitor customer service; employment law; maintain relationship with customers; maintain relationship with suppliers; set sales goals; manage theft prevention,2021,1191.072,2022,819.248,-0.31217592219446,2019,58574.726,2019,58574.726,0,FALSE
KEN,Kenya,14,"Hospitality, retail and other services managers",143,Other services managers,1431,"Sports, recreation and cultural centre managers",11,0.036908998006956,0.006743256743256742,0,manage budgets; follow company standards; manage staff; manage supplies; supervise daily information operations; corporate social responsibility; establish daily priorities; liaise with local authorities; represent the organisation; set organisational policies,2021,1191.072,2022,819.248,-0.31217592219446,2019,58574.726,2019,58574.726,0,FALSE
KEN,Kenya,14,"Hospitality, retail and other services managers",143,Other services managers,1439,Services managers not elsewhere classified,8,0.036908998006956,0.031187996031746032,0,manage staff; create solutions to problems; manage budgets; comply with food safety and hygiene; corporate social responsibility; customer relationship management; follow company standards; identify customer's needs; measure customer feedback; recruit employees,2021,1191.072,2022,819.248,-0.31217592219446,2019,58574.726,2019,58574.726,0,FALSE
KEN,Kenya,21,Science and engineering professionals,211,Physical and earth science professionals,2111,Physicists and astronomers,3,0.09957203274837712,0.13669978922011441,0,apply for research funding; apply research ethics and scientific integrity principles in research activities; apply scientific methods; communicate with a non-scientific audience; conduct research across disciplines; demonstrate disciplinary expertise; develop professional network with researchers and scientists; disseminate results to the scientific community; draft scientific or academic papers and technical documentation; evaluate research activities,2019,112.952,2022,3.845,-0.965958991429988,2019,31413.665,2019,31413.665,0,TRUE
KEN,Kenya,21,Science and engineering professionals,211,Physical and earth science professionals,2112,Meteorologists,5,0.09957203274837712,0.17163419913419914,0,analyse weather forecast; carry out meteorological research; conduct research across disciplines; meteorology; perform scientific research; review meteorological forecast data; use meteorological tools to forecast meteorological conditions; use specialised computer models for weather forecasting; apply for research funding; apply research ethics and scientific integrity principles in research activities,2019,112.952,2022,3.845,-0.965958991429988,2019,31413.665,2019,31413.665,0,FALSE
KEN,Kenya,21,Science and engineering professionals,211,Physical and earth science professionals,2113,Chemists,8,0.09957203274837712,0.06275045443278526,0,analytical chemistry; use chemical analysis equipment; apply for research funding; apply research ethics and scientific integrity principles in research activities; calibrate laboratory equipment; chemistry; communicate with a non-scientific audience; conduct research across disciplines; demonstrate disciplinary expertise; develop professional network with researchers and scientists,2019,112.952,2022,3.845,-0.965958991429988,2019,31413.665,2019,31413.665,0,FALSE
KEN,Kenya,21,Science and engineering professionals,211,Physical and earth science professionals,2114,Geologists and geophysicists,13,0.09957203274837712,0.11710905276464373,0,geology; apply for research funding; apply research ethics and scientific integrity principles in research activities; apply scientific methods; communicate with a non-scientific audience; conduct research across disciplines; demonstrate disciplinary expertise; develop professional network with researchers and scientists; disseminate results to the scientific community; draft scientific or academic papers and technical documentation,2019,112.952,2022,3.845,-0.965958991429988,2019,31413.665,2019,31413.665,0,FALSE
KEN,Kenya,21,Science and engineering professionals,212,"Mathematicians, actuaries and statisticians",2120,"Mathematicians, actuaries and statisticians",7,0.00418909001956947,0.20419642179040673,0,mathematics; statistics; apply for research funding; apply research ethics and scientific integrity principles in research activities; apply statistical analysis techniques; communicate with a non-scientific audience; conduct research across disciplines; demonstrate disciplinary expertise; develop professional network with researchers and scientists; disseminate results to the scientific community,2019,112.952,2022,3.845,-0.965958991429988,2019,31413.665,2019,31413.665,0,FALSE
KEN,Kenya,21,Science and engineering professionals,213,Life science professionals,2131,"Biologists, botanists, zoologists and related professionals",19,0.25118104817894576,0.07472634046047208,0,manage personal professional development; perform scientific research; apply for research funding; apply research ethics and scientific integrity principles in research activities; apply scientific methods; biology; communicate with a non-scientific audience; conduct research across disciplines; demonstrate disciplinary expertise; develop professional network with researchers and scientists,2019,112.952,2022,3.845,-0.965958991429988,2019,31413.665,2019,31413.665,0,FALSE
KEN,Kenya,21,Science and engineering professionals,213,Life science professionals,2132,"Farming, forestry and fisheries advisers",6,0.25118104817894576,0.03467599645819498,0,environmental legislation; advise on soil and water protection; agroecology; agronomy; consultation methods; crop production principles; cultivate crops for biomass; environmental legislation in agriculture and forestry; fish biology; fish identification and classification,2019,112.952,2022,3.845,-0.965958991429988,2019,31413.665,2019,31413.665,0,FALSE
KEN,Kenya,21,Science and engineering professionals,213,Life science professionals,2133,Environmental protection professionals,15,0.25118104817894576,0.05768672336034766,0,environmental legislation; analyse environmental data; develop environmental policy; habitat restoration; assess environmental impact; ecology; environmental policy; report on environmental issues; write work-related reports; advise on nature conservation,2019,112.952,2022,3.845,-0.965958991429988,2019,31413.665,2019,31413.665,0,FALSE
KEN,Kenya,21,Science and engineering professionals,214,Engineering professionals (excluding electrotechnology),2141,Industrial and production engineers,15,0.11661932326479588,0.07704497354497354,0,engineering principles; engineering processes; manufacturing processes; production processes; adjust engineering designs; approve engineering design; industrial engineering; technical drawings; use technical drawing software; perform scientific research,2019,112.952,2022,3.845,-0.965958991429988,2019,31413.665,2019,31413.665,0,FALSE
KEN,Kenya,21,Science and engineering professionals,214,Engineering professionals (excluding electrotechnology),2142,Civil engineers,11,0.11661932326479588,0.10739753176547726,0,engineering principles; technical drawings; approve engineering design; use technical drawing software; adjust engineering designs; engineering processes; ensure compliance with safety legislation; execute feasibility study; perform scientific research; civil engineering,2019,112.952,2022,3.845,-0.965958991429988,2019,31413.665,2019,31413.665,0,FALSE
KEN,Kenya,21,Science and engineering professionals,214,Engineering professionals (excluding electrotechnology),2143,Environmental engineers,6,0.11661932326479588,0.08988756341697518,0,adjust engineering designs; approve engineering design; engineering principles; engineering processes; environmental legislation; perform scientific research; technical drawings; use technical drawing software; assess environmental impact; carry out environmental audits,2019,112.952,2022,3.845,-0.965958991429988,2019,31413.665,2019,31413.665,0,FALSE
KEN,Kenya,21,Science and engineering professionals,214,Engineering professionals (excluding electrotechnology),2144,Mechanical engineers,26,0.11661932326479588,0.17464855559617573,0,engineering principles; use technical drawing software; adjust engineering designs; engineering processes; approve engineering design; perform scientific research; technical drawings; mechanical engineering; mechanics; mathematics,2019,112.952,2022,3.845,-0.965958991429988,2019,31413.665,2019,31413.665,0,FALSE
KEN,Kenya,21,Science and engineering professionals,214,Engineering professionals (excluding electrotechnology),2145,Chemical engineers,12,0.11661932326479588,0.03477067917707188,0,adjust engineering designs; engineering principles; engineering processes; perform scientific research; approve engineering design; analyse samples of food and beverages; analytical chemistry; apply GMP; apply HACCP; apply requirements concerning manufacturing of food and beverages,2019,112.952,2022,3.845,-0.965958991429988,2019,31413.665,2019,31413.665,0,FALSE
KEN,Kenya,21,Science and engineering professionals,214,Engineering professionals (excluding electrotechnology),2146,"Mining engineers, metallurgists and related professionals",13,0.11661932326479588,0.015695714541868386,0,prepare scientific reports; address problems critically; geology; troubleshoot; supervise staff; chemistry; ensure compliance with safety legislation; impact of geological factors on mining operations; metal and metal ore products; alloys of precious metals,2019,112.952,2022,3.845,-0.965958991429988,2019,31413.665,2019,31413.665,0,FALSE
KEN,Kenya,21,Science and engineering professionals,214,Engineering professionals (excluding electrotechnology),2149,Engineering professionals not elsewhere classified,41,0.11661932326479588,0.1436695863363957,0,engineering principles; engineering processes; perform scientific research; adjust engineering designs; approve engineering design; technical drawings; use technical drawing software; manage engineering project; perform project management; analyse test data,2019,112.952,2022,3.845,-0.965958991429988,2019,31413.665,2019,31413.665,0,FALSE
KEN,Kenya,21,Science and engineering professionals,215,Electrotechnology engineers,2151,Electrical engineers,10,0.05421888631058128,0.23813552939616417,0,electrical engineering; engineering principles; approve engineering design; use technical drawing software; adjust engineering designs; electricity; perform scientific research; design drawings; electricity principles; ensure safety in electrical power operations,2019,112.952,2022,3.845,-0.965958991429988,2019,31413.665,2019,31413.665,0,FALSE
KEN,Kenya,21,Science and engineering professionals,215,Electrotechnology engineers,2152,Electronics engineers,17,0.05421888631058128,0.30559685318456004,0,engineering principles; electronics; mathematics; adjust engineering designs; approve engineering design; use technical drawing software; design drawings; physics; environmental legislation; environmental threats,2019,112.952,2022,3.845,-0.965958991429988,2019,31413.665,2019,31413.665,0,FALSE
KEN,Kenya,21,Science and engineering professionals,215,Electrotechnology engineers,2153,Telecommunications engineers,2,0.05421888631058128,0.6,0,ICT communications protocols; define technical requirements; design process; electronics principles; microwave principles; procurement of ICT network equipment; provide ICT system training; telecom regulations; use session border controller; ICT network routing,2019,112.952,2022,3.845,-0.965958991429988,2019,31413.665,2019,31413.665,0,FALSE
KEN,Kenya,21,Science and engineering professionals,216,"Architects, planners, surveyors and designers",2161,Building architects,2,0.05944735918809828,0.056704980842911874,0,architectural design; architectural theory; architecture regulations; design building retrofitting solutions; develop architectural plans; draw blueprints; ensure infrastructure accessibility; identify customer's needs; integrate measures in architectural designs; integrated design,2019,112.952,2022,3.845,-0.965958991429988,2019,31413.665,2019,31413.665,0,FALSE
KEN,Kenya,21,Science and engineering professionals,216,"Architects, planners, surveyors and designers",2162,Landscape architects,2,0.05944735918809828,0,0,develop architectural plans; ecology; landscape analysis; landscape architecture; manage landscape design projects; advise on landscapes; advise supervisors; aesthetics; architecture regulations; create landscape designs,2019,112.952,2022,3.845,-0.965958991429988,2019,31413.665,2019,31413.665,0,FALSE
KEN,Kenya,21,Science and engineering professionals,216,"Architects, planners, surveyors and designers",2163,Product and garment designers,15,0.05944735918809828,0.07280610549031602,0,gather reference materials for artwork; portfolio management in textile manufacturing; create mood boards; develop design concept; draw sketches to develop textile articles; keep up to date on costume design; present artistic design proposals; properties of textile materials; use textile technique for hand-made products; aesthetics,2019,112.952,2022,3.845,-0.965958991429988,2019,31413.665,2019,31413.665,0,FALSE
KEN,Kenya,21,Science and engineering professionals,216,"Architects, planners, surveyors and designers",2164,Town and traffic planners,5,0.05944735918809828,0.16940440845704002,0,environmental policy; urban planning; build business relationships; urban planning law; advise on use of land; analyse transport business networks; analyse transportation costs; architecture regulations; civil engineering; develop urban transport studies,2019,112.952,2022,3.845,-0.965958991429988,2019,31413.665,2019,31413.665,0,FALSE
KEN,Kenya,21,Science and engineering professionals,216,"Architects, planners, surveyors and designers",2165,Cartographers and surveyors,6,0.05944735918809828,0.32828159041394334,0,cartography; mathematics; perform surveying calculations; geographic information systems; geomatics; collect mapping data; compare survey computations; create GIS reports; create thematic maps; document survey operations,2019,112.952,2022,3.845,-0.965958991429988,2019,31413.665,2019,31413.665,0,FALSE
KEN,Kenya,21,Science and engineering professionals,216,"Architects, planners, surveyors and designers",2166,Graphic and multimedia designers,16,0.05944735918809828,0.45391415507157024,0,computer graphics; finish project within budget; follow a brief; graphic design; adapt to type of media; analyse a script; follow work schedule; design graphics; ICT software specifications; copyright legislation,2019,112.952,2022,3.845,-0.965958991429988,2019,31413.665,2019,31413.665,0,FALSE
KEN,Kenya,22,Health professionals,221,Medical doctors,2211,Generalist medical practitioners,1,0,0.2,0,assess physical conditions of clients; demonstrate disciplinary expertise; interact professionally in research and professional environments; manage personal professional development; manage research data; monitor children's physical development; operate open source software; provide healthcare services to patients in general medical practice; synthesise information; think abstractly,2019,178.507,2022,72.091,-0.5961446890037926,2019,31413.665,2019,31413.665,0,TRUE
KEN,Kenya,22,Health professionals,221,Medical doctors,2212,Specialist medical practitioners,1,0,0.03225806451612903,0,Interpret diagnostic procedures for vascular surgery; cancer risks; conduct cancer screening tests; conduct preoperative investigations; conduct research on reproductive medicine; counsel patients on fertility treatments; delegate emergency care; demonstrate disciplinary expertise; demonstrate technical skills during neurological surgery; dermapathology,2019,178.507,2022,72.091,-0.5961446890037926,2019,31413.665,2019,31413.665,0,FALSE
KEN,Kenya,22,Health professionals,222,Nursing and midwifery professionals,2221,Nursing professionals,3,0.00776405391339631,0.036851185935854125,0,accept own accountability; advise on healthy lifestyles; analyse quality of nurse care; apply context specific clinical competences; apply nursing care in long-term care; apply person-centred care; comply with quality standards related to healthcare practice; coordinate care; deal with emergency care situations; delegate emergency care,2019,178.507,2022,72.091,-0.5961446890037926,2019,31413.665,2019,31413.665,0,FALSE
KEN,Kenya,22,Health professionals,222,Nursing and midwifery professionals,2222,Midwifery professionals,1,0.00776405391339631,0.0136986301369863,0,accept own accountability; address problems critically; adhere to organisational guidelines; advise on childbirth; advise on family planning; advise on pregnancies at risk; advise on pregnancy; anaesthetics; analgesics; apply context specific clinical competences,2019,178.507,2022,72.091,-0.5961446890037926,2019,31413.665,2019,31413.665,0,FALSE
KEN,Kenya,22,Health professionals,223,Traditional and complementary medicine professionals,2230,Traditional and complementary medicine professionals,5,0,0,0,develop therapeutic relationships; ensure safety of healthcare users; follow-up on healthcare users' treatment; apply context specific clinical competences; human anatomy; human physiology; maintain work area cleanliness; accept own accountability; comply with quality standards related to healthcare practice; empathise with the healthcare user,2019,178.507,2022,72.091,-0.5961446890037926,2019,31413.665,2019,31413.665,0,FALSE
KEN,Kenya,22,Health professionals,225,Veterinarians,2250,Veterinarians,11,0.06376434281572617,0.011401641836424444,0,anatomy of animals; apply animal hygiene practices; manage animal biosecurity; animal behaviour; animal welfare; animal welfare legislation; apply safe work practices in a veterinary setting; biosecurity related to animals; handle veterinary emergencies; monitor the welfare of animals,2019,178.507,2022,72.091,-0.5961446890037926,2019,31413.665,2019,31413.665,0,FALSE
KEN,Kenya,22,Health professionals,226,Other health professionals,2261,Dentists,4,0.02394168957531953,0.02241340850097339,0,accept own accountability; apply organisational techniques; communicate in healthcare; comply with legislation related to health care; contribute to continuity of health care; ensure safety of healthcare users; follow clinical guidelines; listen actively; manage infection control in the facility; promote inclusion,2019,178.507,2022,72.091,-0.5961446890037926,2019,31413.665,2019,31413.665,0,FALSE
KEN,Kenya,22,Health professionals,226,Other health professionals,2262,Pharmacists,6,0.02394168957531953,0.007719298245614035,0,accept own accountability; adhere to organisational guidelines; communicate in healthcare; comply with legislation related to health care; comply with quality standards related to healthcare practice; follow clinical guidelines; pharmaceutical chemistry; pharmaceutical technology; pharmacognosy; pharmacokinetics,2019,178.507,2022,72.091,-0.5961446890037926,2019,31413.665,2019,31413.665,0,FALSE
KEN,Kenya,22,Health professionals,226,Other health professionals,2263,Environmental and occupational health and hygiene professionals,5,0.02394168957531953,0.03833333333333333,0,advise on risk management; ensure compliance with environmental legislation; environmental legislation; perform risk analysis; advise on conflict management; advise on environmental risk management systems; advise on pollution prevention; advise on safety improvements; apply radiation protection procedures; assess ergonomics of the workplace,2019,178.507,2022,72.091,-0.5961446890037926,2019,31413.665,2019,31413.665,0,FALSE
KEN,Kenya,22,Health professionals,226,Other health professionals,2264,Physiotherapists,2,0.02394168957531953,0.0188034188034188,0,accept own accountability; adhere to health well-being and safety; adhere to organisational guidelines; adjust physiotherapy interventions; advise on healthcare users' informed consent; advocate health; apply context specific clinical competences; apply organisational techniques; collect healthcare user's general data; communicate in healthcare,2019,178.507,2022,72.091,-0.5961446890037926,2019,31413.665,2019,31413.665,0,FALSE
KEN,Kenya,22,Health professionals,226,Other health professionals,2265,Dieticians and nutritionists,2,0.02394168957531953,0.012345679012345675,0,dietetics; food science; identify nutritional properties of food; supervise food in healthcare; accept own accountability; adhere to organisational guidelines; advise food industry; advise on healthcare users' informed consent; advise on preparation of diet food; analyse trends in the food and beverage industries,2019,178.507,2022,72.091,-0.5961446890037926,2019,31413.665,2019,31413.665,0,FALSE
KEN,Kenya,22,Health professionals,226,Other health professionals,2266,Audiologists and speech therapists,2,0.02394168957531953,0.0386986301369863,0,accept own accountability; adhere to organisational guidelines; advise on healthcare users' informed consent; apply context specific clinical competences; apply organisational techniques; audiology; audiometry; communicate in healthcare; comply with legislation related to health care; comply with quality standards related to healthcare practice,2019,178.507,2022,72.091,-0.5961446890037926,2019,31413.665,2019,31413.665,0,FALSE
KEN,Kenya,22,Health professionals,226,Other health professionals,2267,Optometrists and ophthalmic opticians,2,0.02394168957531953,0.02674258109040717,0,accept own accountability; adhere to organisational guidelines; advise on healthcare users' informed consent; advise patients on vision improvement conditions; apply context specific clinical competences; apply organisational techniques; communicate in healthcare; comply with legislation related to health care; comply with quality standards related to healthcare practice; deal with emergency care situations,2019,178.507,2022,72.091,-0.5961446890037926,2019,31413.665,2019,31413.665,0,FALSE
KEN,Kenya,22,Health professionals,226,Other health professionals,2269,Health professionals not elsewhere classified,23,0.02394168957531953,0.03375458139885682,0,comply with legislation related to health care; apply context specific clinical competences; ensure safety of healthcare users; follow clinical guidelines; communicate in healthcare; comply with quality standards related to healthcare practice; interact with healthcare users; listen actively; work in multidisciplinary health teams; develop a collaborative therapeutic relationship,2019,178.507,2022,72.091,-0.5961446890037926,2019,31413.665,2019,31413.665,0,FALSE
KEN,Kenya,23,Teaching professionals,231,University and higher education teachers,2310,University and higher education teachers,45,0.00386034067531382,0.04676911213248861,0,assess students; prepare lesson content; apply teaching strategies; curriculum objectives; guarantee students' safety; apply intercultural teaching strategies; develop course outline; give constructive feedback; liaise with educational support staff; monitor developments in field of expertise,2019,668.174,2022,97.579,-0.853961692613002,2019,31413.665,2019,31413.665,0,TRUE
KEN,Kenya,23,Teaching professionals,232,Vocational education teachers,2320,Vocational education teachers,25,0.01894009296681494,0.00760438156989881,0,assess students; assist students in their learning; apply intercultural teaching strategies; guarantee students' safety; apply teaching strategies; give constructive feedback; adapt teaching to student's capabilities; adapt training to labour market; curriculum objectives; prepare lesson content,2019,668.174,2022,97.579,-0.853961692613002,2019,31413.665,2019,31413.665,0,FALSE
KEN,Kenya,23,Teaching professionals,233,Secondary education teachers,2330,Secondary education teachers,19,0.00602082382179837,0.01982042219887286,0,adapt teaching to student's capabilities; apply intercultural teaching strategies; apply teaching strategies; assess students; assign homework; assist students in their learning; compile course material; curriculum objectives; demonstrate when teaching; develop course outline,2019,668.174,2022,97.579,-0.853961692613002,2019,31413.665,2019,31413.665,0,FALSE
KEN,Kenya,23,Teaching professionals,234,Primary school and early childhood teachers,2341,Primary school teachers,2,0,0,0,adapt teaching to student's capabilities; apply intercultural teaching strategies; apply teaching strategies; assess students; assessment processes; assign homework; assist students in their learning; assist students with equipment; curriculum objectives; demonstrate when teaching,2019,668.174,2022,97.579,-0.853961692613002,2019,31413.665,2019,31413.665,0,FALSE
KEN,Kenya,23,Teaching professionals,234,Primary school and early childhood teachers,2342,Early childhood educators,3,0,0,0,adapt teaching to student's capabilities; apply intercultural teaching strategies; apply teaching strategies; assess students; assess the development of youth; assist children in developing personal skills; assist students in their learning; assist students with equipment; curriculum objectives; demonstrate when teaching,2019,668.174,2022,97.579,-0.853961692613002,2019,31413.665,2019,31413.665,0,FALSE
KEN,Kenya,23,Teaching professionals,235,Other teaching professionals,2351,Education methods specialists,4,0.00151274268921327,0.02127659574468085,0,curriculum standards; monitor educational developments; cooperate with education professionals; evaluate education programmes; identify education needs; pedagogy; advise on teaching methods; curriculum objectives; ensure curriculum adherence; present reports,2019,668.174,2022,97.579,-0.853961692613002,2019,31413.665,2019,31413.665,0,FALSE
KEN,Kenya,23,Teaching professionals,235,Other teaching professionals,2352,Special needs teachers,8,0.00151274268921327,0.003571428571428571,0,adapt teaching to student's capabilities; apply intercultural teaching strategies; apply teaching strategies; assess students; assist students in their learning; curriculum objectives; demonstrate when teaching; give constructive feedback; guarantee students' safety; prepare lesson content,2019,668.174,2022,97.579,-0.853961692613002,2019,31413.665,2019,31413.665,0,FALSE
KEN,Kenya,23,Teaching professionals,235,Other teaching professionals,2353,Other language teachers,2,0.00151274268921327,0.01923076923076923,0,assess students; assessment processes; curriculum objectives; demonstrate when teaching; give constructive feedback; language teaching methods; manage student relationships; perform classroom management; prepare lesson content; teach languages,2019,668.174,2022,97.579,-0.853961692613002,2019,31413.665,2019,31413.665,0,FALSE
KEN,Kenya,23,Teaching professionals,235,Other teaching professionals,2354,Other music teachers,1,0.00151274268921327,0,0,adapt teaching to student's capabilities; apply teaching strategies; assess students; assist students in their learning; bring out performers’ artistic potential; consult students on learning content; create a work environment where performers can develop their potential; demonstrate a technical foundation in musical instruments; demonstrate when teaching; develop a coaching style,2019,668.174,2022,97.579,-0.853961692613002,2019,31413.665,2019,31413.665,0,FALSE
KEN,Kenya,23,Teaching professionals,235,Other teaching professionals,2355,Other arts teachers,6,0.00151274268921327,0,0,adapt teaching to student's capabilities; apply teaching strategies; assess students; assist students in their learning; consult students on learning content; demonstrate when teaching; develop a coaching style; encourage students to acknowledge their achievements; give constructive feedback; guarantee students' safety,2019,668.174,2022,97.579,-0.853961692613002,2019,31413.665,2019,31413.665,0,FALSE
KEN,Kenya,23,Teaching professionals,235,Other teaching professionals,2356,Information technology trainers,2,0.00151274268921327,0.4641025641025641,0,apply teaching strategies; design web-based courses; develop digital educational materials; digital systems; technology education; Computer Assisted Language Learning; ICT hardware specifications; ICT software specifications; adapt teaching to student's capabilities; adapt teaching to target group,2019,668.174,2022,97.579,-0.853961692613002,2019,31413.665,2019,31413.665,0,FALSE
KEN,Kenya,23,Teaching professionals,235,Other teaching professionals,2359,Teaching professionals not elsewhere classified,14,0.00151274268921327,0.15853174603174605,0,assessment processes; assess students; curriculum objectives; encourage students to acknowledge their achievements; apply teaching strategies; give constructive feedback; learning difficulties; listen actively; adapt teaching to student's capabilities; assist students in their learning,2019,668.174,2022,97.579,-0.853961692613002,2019,31413.665,2019,31413.665,0,FALSE
KEN,Kenya,24,Business and administration professionals,241,Finance professionals,2411,Accountants,13,0.01783134106647644,0.004273504273504274,0,interpret financial statements; analyse financial performance of a company; financial department processes; financial statements; tax legislation; accounting department processes; accounting techniques; accounting entries; analyse financial risk; check accounting records,2019,265.856,2022,103.135,-0.612064425854598,2019,31413.665,2019,31413.665,0,TRUE
KEN,Kenya,24,Business and administration professionals,241,Finance professionals,2412,Financial and investment advisers,16,0.01783134106647644,0.006071428571428571,0,advise on financial matters; funding methods; financial markets; securities; analyse market financial trends; investment analysis; review investment portfolios; analyse financial risk; corporate social responsibility; create a financial plan,2019,265.856,2022,103.135,-0.612064425854598,2019,31413.665,2019,31413.665,0,FALSE
KEN,Kenya,24,Business and administration professionals,241,Finance professionals,2413,Financial analysts,6,0.01783134106647644,0.054807913503565675,0,actuarial science; analyse financial risk; analyse market financial trends; asset management; economics; fundamental analysis; modern portfolio theory; obtain financial information; provide support in financial calculation; quantitative analysis,2019,265.856,2022,103.135,-0.612064425854598,2019,31413.665,2019,31413.665,0,FALSE
KEN,Kenya,24,Business and administration professionals,242,Administration professionals,2421,Management and organisation analysts,8,0.04321980198863492,0.06012829082682024,0,apply change management; advise on efficiency improvements; business analysis; liaise with managers; align efforts towards business development; analyse external factors of companies; identify process improvements; identify undetected organisational needs; management consulting; perform business analysis,2019,265.856,2022,103.135,-0.612064425854598,2019,31413.665,2019,31413.665,0,FALSE
KEN,Kenya,24,Business and administration professionals,242,Administration professionals,2422,Policy administration professionals,32,0.04321980198863492,0.020364046872667563,0,government policy implementation; advise on legislative acts; manage government policy implementation; maintain relations with local representatives; create solutions to problems; liaise with local authorities; maintain relationships with government agencies; government policy; establish collaborative relations; provide improvement strategies,2019,265.856,2022,103.135,-0.612064425854598,2019,31413.665,2019,31413.665,0,FALSE
KEN,Kenya,24,Business and administration professionals,242,Administration professionals,2423,Personnel and careers professionals,7,0.04321980198863492,0.013729977116704805,0,employment law; job market offers; labour legislation; listen actively; company policies; develop professional network; document interviews; human resource management; interview people; observe confidentiality,2019,265.856,2022,103.135,-0.612064425854598,2019,31413.665,2019,31413.665,0,FALSE
KEN,Kenya,24,Business and administration professionals,242,Administration professionals,2424,Training and staff development professionals,2,0.04321980198863492,0,0,apply teaching strategies; coach employees; give constructive feedback; provide feedback to performers; adapt teaching to target group; adapt training to labour market; adult education; advise on efficiency improvements; apply intercultural teaching strategies; assessment processes,2019,265.856,2022,103.135,-0.612064425854598,2019,31413.665,2019,31413.665,0,FALSE
KEN,Kenya,24,Business and administration professionals,243,"Sales, marketing and public relations professionals",2431,Advertising and marketing professionals,21,0.02508245184466805,0.12926658572426217,0,advertising techniques; identify customer's needs; perform market research; copyright legislation; implement marketing strategies; implement sales strategies; manage staff; product comprehension; apply social media marketing; company policies,2019,265.856,2022,103.135,-0.612064425854598,2019,31413.665,2019,31413.665,0,FALSE
KEN,Kenya,24,Business and administration professionals,243,"Sales, marketing and public relations professionals",2432,Public relations professionals,11,0.02508245184466805,0.060987540189941555,0,advise on public relations; corporate social responsibility; perform public relations; use different communication channels; analyse election procedures; analyse external factors of companies; develop digital content; diplomatic principles; give interviews to media; protect client interests,2019,265.856,2022,103.135,-0.612064425854598,2019,31413.665,2019,31413.665,0,FALSE
KEN,Kenya,24,Business and administration professionals,243,"Sales, marketing and public relations professionals",2433,Technical and medical sales professionals (excluding ICT),13,0.02508245184466805,0.04533123048865177,0,characteristics of products; characteristics of services; implement sales strategies; prospect new customers; provide customer follow-up services; communicate with customers; contact customers; ensure compliance with legal requirements; guarantee customer satisfaction; implement customer follow-up,2019,265.856,2022,103.135,-0.612064425854598,2019,31413.665,2019,31413.665,0,FALSE
KEN,Kenya,24,Business and administration professionals,243,"Sales, marketing and public relations professionals",2434,Information and communications technology sales professionals,4,0.02508245184466805,0.1518236074270557,0,product comprehension; guarantee customer satisfaction; identify new business opportunities; implement customer follow-up; implement marketing strategies; implement sales strategies; keep records on sales; maintain relationship with customers; perform market research; produce sales reports,2019,265.856,2022,103.135,-0.612064425854598,2019,31413.665,2019,31413.665,0,FALSE
KEN,Kenya,25,Information and communications technology professionals,251,Software and applications developers and analysts,2511,Systems analysts,21,0.00883754767255653,0.5917387417442708,0,define technical requirements; digital systems; systems development life-cycle; provide ICT consulting advice; analyse business requirements; apply statistical analysis techniques; data science; execute analytical mathematical calculations; use an application-specific interface; analyse ICT system,2021,188.617,2022,187.41,-0.006399211099741771,2019,31413.665,2019,31413.665,0,TRUE
KEN,Kenya,25,Information and communications technology professionals,251,Software and applications developers and analysts,2512,Software developers,10,0.00883754767255653,0.824471249684548,0,ICT system programming; analyse software specifications; cloud technologies; computer programming; deploy cloud resource; design cloud architecture; design cloud networks; develop software prototype; integrated development environment software; automate cloud tasks,2021,188.617,2022,187.41,-0.006399211099741771,2019,31413.665,2019,31413.665,0,FALSE
KEN,Kenya,25,Information and communications technology professionals,251,Software and applications developers and analysts,2513,Web and multimedia developers,5,0.00883754767255653,0.7861614506351349,0,develop digital content; interpret technical texts; translate requirements into visual design; use markup languages; web programming; ICT debugging tools; World Wide Web Consortium standards; analyse software specifications; computer programming; conduct search engine optimisation,2021,188.617,2022,187.41,-0.006399211099741771,2019,31413.665,2019,31413.665,0,FALSE
KEN,Kenya,25,Information and communications technology professionals,251,Software and applications developers and analysts,2514,Applications programmers,7,0.00883754767255653,0.8097265221878225,0.009523809523809523,computer programming; ICT debugging tools; analyse software specifications; create flowchart diagram; debug software; develop software prototype; integrated development environment software; tools for software configuration management; use software design patterns; use software libraries,2021,188.617,2022,187.41,-0.006399211099741771,2019,31413.665,2019,31413.665,0,FALSE
KEN,Kenya,25,Information and communications technology professionals,251,Software and applications developers and analysts,2519,Software and applications developers and analysts not elsewhere classified,12,0.00883754767255653,0.7098020042679486,0,address problems critically; execute software tests; levels of software testing; provide software testing documentation; replicate customer software issues; report test findings; software anomalies; application usability; build business relationships; ICT process quality models,2021,188.617,2022,187.41,-0.006399211099741771,2019,31413.665,2019,31413.665,0,FALSE
KEN,Kenya,25,Information and communications technology professionals,252,Database and network professionals,2521,Database designers and administrators,5,0.0023319523865095,0.8575132275132276,0,database management systems; query languages; resource description framework query language; database development tools; information structure; balance database resources; create database diagrams; design database scheme; manage database; operate relational database management system,2021,188.617,2022,187.41,-0.006399211099741771,2019,31413.665,2019,31413.665,0,FALSE
KEN,Kenya,25,Information and communications technology professionals,252,Database and network professionals,2522,Systems administrators,3,0.0023319523865095,0.8276143790849673,0,digital systems; integrate system components; interpret technical texts; ICT infrastructure; ICT performance analysis methods; ICT system programming; ICT system user requirements; apply ICT system usage policies; implement ICT security policies; implement a firewall,2021,188.617,2022,187.41,-0.006399211099741771,2019,31413.665,2019,31413.665,0,FALSE
KEN,Kenya,25,Information and communications technology professionals,252,Database and network professionals,2523,Computer network professionals,3,0.0023319523865095,0.6617038119595664,0,ICT network routing; analyse business requirements; design computer network; forecast future ICT network needs; implement ICT network diagnostic tools; implement a virtual private network; network engineering; network standards; use an application-specific interface; ICT capacity planning strategies,2021,188.617,2022,187.41,-0.006399211099741771,2019,31413.665,2019,31413.665,0,FALSE
KEN,Kenya,25,Information and communications technology professionals,252,Database and network professionals,2529,Database and network professionals not elsewhere classified,9,0.0023319523865095,0.6920014698759986,0,security engineering; ICT network security risks; cyber attack counter-measures; ICT security standards; cyber security; attack vectors; ethical hacking principles; identify ICT security risks; manage IT security compliances; ICT safety,2021,188.617,2022,187.41,-0.006399211099741771,2019,31413.665,2019,31413.665,0,FALSE
KEN,Kenya,26,"Legal, social and cultural professionals",261,Legal professionals,2611,Lawyers,3,0.01014610892945528,0,0,analyse legal evidence; compile legal documents; court procedures; interpret law; legal case management; negotiate lawyer's fee; observe confidentiality; present arguments persuasively; present legal arguments; legal research,2021,13.262,2022,15.891,0.19823556024732314,2019,31413.665,2019,31413.665,0,TRUE
KEN,Kenya,26,"Legal, social and cultural professionals",261,Legal professionals,2612,Judges,2,0.01014610892945528,0,0,civil law; civil process order; court procedures; hear legal arguments; interpret law; legal terminology; maintain court order; observe confidentiality; show impartiality; supervise court hearings,2021,13.262,2022,15.891,0.19823556024732314,2019,31413.665,2019,31413.665,0,FALSE
KEN,Kenya,26,"Legal, social and cultural professionals",261,Legal professionals,2619,Legal professionals not elsewhere classified,12,0.01014610892945528,0.025252525252525256,0,observe confidentiality; provide legal advice; apply knowledge of human behaviour; compile legal documents; comply with legal regulations; facilitate official agreement; interpret law; private law; use communication techniques; adapt to changing situations,2021,13.262,2022,15.891,0.19823556024732314,2019,31413.665,2019,31413.665,0,FALSE
KEN,Kenya,26,"Legal, social and cultural professionals",262,"Librarians, archivists and curators",2621,Archivists and curators,9,0.00853994490358126,0.1562601767001265,0,museum databases; cope with challenging demands; use ICT resources to solve work related tasks; conservation techniques; document museum collection; advise on loans of art work for exhibitions; art collections; assess museum object condition; collection management software; consult exhibition organisers,2021,13.262,2022,15.891,0.19823556024732314,2019,31413.665,2019,31413.665,0,FALSE
KEN,Kenya,26,"Legal, social and cultural professionals",262,"Librarians, archivists and curators",2622,Librarians and related information professionals,2,0.00853994490358126,0.2725490196078431,0,assess informational needs; develop solutions to information issues; manage digital libraries; perform customer management; analyse information systems; analyse library users' queries; arrange interlibrary loans; buy new library items; classify library materials; collection management,2021,13.262,2022,15.891,0.19823556024732314,2019,31413.665,2019,31413.665,0,FALSE
KEN,Kenya,26,"Legal, social and cultural professionals",263,Social and religious professionals,2631,Economists,6,0.00393871515819744,0.051435325903411,0,analyse economic trends; economics; advise on economic development; apply statistical analysis techniques; government policy implementation; advise on legislative acts; analyse market financial trends; apply scientific methods; assess risk factors; business analysis,2021,13.262,2022,15.891,0.19823556024732314,2019,31413.665,2019,31413.665,0,FALSE
KEN,Kenya,26,"Legal, social and cultural professionals",263,Social and religious professionals,2632,"Sociologists, anthropologists and related professionals",10,0.00393871515819744,0.11925544449141195,0,apply research ethics and scientific integrity principles in research activities; conduct research across disciplines; demonstrate disciplinary expertise; develop professional network with researchers and scientists; disseminate results to the scientific community; draft scientific or academic papers and technical documentation; evaluate research activities; integrate gender dimension in research; interact professionally in research and professional environments; manage open publications,2021,13.262,2022,15.891,0.19823556024732314,2019,31413.665,2019,31413.665,0,FALSE
KEN,Kenya,26,"Legal, social and cultural professionals",263,Social and religious professionals,2633,"Philosophers, historians and political scientists",4,0.00393871515819744,0.10263692768506633,0,apply for research funding; apply research ethics and scientific integrity principles in research activities; apply scientific methods; communicate with a non-scientific audience; conduct research across disciplines; demonstrate disciplinary expertise; develop professional network with researchers and scientists; disseminate results to the scientific community; draft scientific or academic papers and technical documentation; evaluate research activities,2021,13.262,2022,15.891,0.19823556024732314,2019,31413.665,2019,31413.665,0,FALSE
KEN,Kenya,26,"Legal, social and cultural professionals",263,Social and religious professionals,2634,Psychologists,6,0.00393871515819744,0.028320555602964557,0,listen actively; psychology; comply with legislation related to health care; counsel clients; diagnose psychiatric symptoms; ensure safety of healthcare users; follow clinical guidelines; health care occupation-specific ethics; interact with healthcare users; interpret psychological tests,2021,13.262,2022,15.891,0.19823556024732314,2019,31413.665,2019,31413.665,0,FALSE
KEN,Kenya,26,"Legal, social and cultural professionals",263,Social and religious professionals,2635,Social work and counselling professionals,36,0.00393871515819744,0.01349099839043115,0,accept own accountability; apply quality standards in social services; apply socially just working principles; assess social service users' situation; communicate professionally with colleagues in other fields; communicate with social service users; cooperate at inter-professional level; deliver social services in diverse cultural communities; demonstrate leadership in social service cases; follow health and safety precautions in social care practices,2021,13.262,2022,15.891,0.19823556024732314,2019,31413.665,2019,31413.665,0,FALSE
KEN,Kenya,26,"Legal, social and cultural professionals",263,Social and religious professionals,2636,Religious professionals,4,0.00393871515819744,0.02857142857142857,0,interpret religious texts; promote religious activities; foster dialogue in society; observe confidentiality; perform religious ceremonies; provide charity services; provide social counselling; provide spiritual counselling; represent religious institution; respond to enquiries,2021,13.262,2022,15.891,0.19823556024732314,2019,31413.665,2019,31413.665,0,FALSE
KEN,Kenya,26,"Legal, social and cultural professionals",264,"Authors, journalists and linguists",2641,Authors and related writers,9,0,0.07237654320987655,0,copyright legislation; consult information sources; literature; writing techniques; develop creative ideas; grammar; perform background research on writing subject; spelling; use specific writing techniques; apply grammar and spelling rules,2021,13.262,2022,15.891,0.19823556024732314,2019,31413.665,2019,31413.665,0,FALSE
KEN,Kenya,26,"Legal, social and cultural professionals",264,"Authors, journalists and linguists",2642,Journalists,18,0,0.149943372021938,0,consult information sources; copyright legislation; develop professional network; editorial standards; follow ethical code of conduct of journalists; follow the news; build contacts to maintain news flow; participate in editorial meetings; writing techniques; grammar,2021,13.262,2022,15.891,0.19823556024732314,2019,31413.665,2019,31413.665,0,FALSE
KEN,Kenya,26,"Legal, social and cultural professionals",264,"Authors, journalists and linguists",2643,"Translators, interpreters and other linguists",9,0,0.09438334438334438,0,grammar; spelling; apply grammar and spelling rules; consult information sources; linguistics; speak different languages; translate language concepts; translate texts; develop a translation strategy; master language rules,2021,13.262,2022,15.891,0.19823556024732314,2019,31413.665,2019,31413.665,0,FALSE
KEN,Kenya,26,"Legal, social and cultural professionals",265,Creative and performing artists,2651,Visual artists,11,0.01098834160085735,0.08674124417206999,0,intellectual property law; labour legislation; art history; contextualise artistic work; develop an artistic framework; gather reference materials for artwork; select artistic materials to create artworks; create artwork; define artistic approach; maintain an artistic portfolio,2021,13.262,2022,15.891,0.19823556024732314,2019,31413.665,2019,31413.665,0,FALSE
KEN,Kenya,26,"Legal, social and cultural professionals",265,Creative and performing artists,2652,"Musicians, singers and composers",10,0.01098834160085735,0.05380366677563474,0,musical theory; read musical score; analyse own performance; develop musical ideas; musical genres; musical instruments; study music; transpose music; write musical scores; interact with an audience,2021,13.262,2022,15.891,0.19823556024732314,2019,31413.665,2019,31413.665,0,FALSE
KEN,Kenya,26,"Legal, social and cultural professionals",265,Creative and performing artists,2653,Dancers and choreographers,4,0.01098834160085735,0,0,describe artistic experience; develop the physical language; intellectual property law; labour legislation; maintain safe working conditions in performing arts; manage artistic career; understand the emotional dimension of a performance; work with broad variety of personalities; work with respect for own safety; create a work environment where performers can develop their potential,2021,13.262,2022,15.891,0.19823556024732314,2019,31413.665,2019,31413.665,0,FALSE
KEN,Kenya,26,"Legal, social and cultural professionals",265,Creative and performing artists,2654,"Film, stage and related directors and producers",17,0.01098834160085735,0.08476572447160682,0,analyse a script; consult with production director; manage budgets; adapt designers’ work to the performance venue; film production process; finish project within budget; develop professional network; manage staff; consult with motion picture producer; copyright legislation,2021,13.262,2022,15.891,0.19823556024732314,2019,31413.665,2019,31413.665,0,FALSE
KEN,Kenya,26,"Legal, social and cultural professionals",265,Creative and performing artists,2655,Actors,2,0.01098834160085735,0.03125,0,acting techniques; adapt to acting roles; follow directions of the artistic director; study roles from scripts; work with an artistic team; act for an audience; adapt to type of media; analyse a script; analyse own performance; analyse the original actor's way of speaking,2021,13.262,2022,15.891,0.19823556024732314,2019,31413.665,2019,31413.665,0,FALSE
KEN,Kenya,26,"Legal, social and cultural professionals",265,Creative and performing artists,2656,"Announcers on radio, television and other media",3,0.01098834160085735,0.11122577686045178,0,audiovisual equipment; pronunciation techniques; breathing techniques; consult information sources; develop professional network; follow the news; grammar; memorise lines; present during live broadcasts; read pre-drafted texts,2021,13.262,2022,15.891,0.19823556024732314,2019,31413.665,2019,31413.665,0,FALSE
KEN,Kenya,26,"Legal, social and cultural professionals",265,Creative and performing artists,2659,Creative and performing artists not elsewhere classified,9,0.01098834160085735,0,0,interact with an audience; analyse own performance; attend rehearsals; manage feedback; perform live; study roles from scripts; work with an artistic team; follow time cues; interact with fellow actors; art history,2021,13.262,2022,15.891,0.19823556024732314,2019,31413.665,2019,31413.665,0,FALSE
KEN,Kenya,31,Science and engineering associate professionals,311,Physical and engineering science technicians,3111,Chemical and physical science technicians,14,0.08060998764207936,0.07925249793170874,0,apply safety procedures in laboratory; perform laboratory tests; assist scientific research; execute analytical mathematical calculations; laboratory techniques; mathematics; operate scientific measuring equipment; apply scientific methods; apply statistical analysis techniques; collect samples,2019,113.751,2022,102.426,-0.09955956431152256,2019,27864.767,2019,27864.767,0,TRUE
KEN,Kenya,31,Science and engineering associate professionals,311,Physical and engineering science technicians,3112,Civil engineering technicians,24,0.08060998764207936,0.03287619713535045,0,follow health and safety procedures in construction; energy conservation; use safety equipment in construction; inspect construction supplies; advise on heating systems energy efficiency; analyse energy consumption; construction methods; energy efficiency; energy performance of buildings; keep records of work progress,2019,113.751,2022,102.426,-0.09955956431152256,2019,27864.767,2019,27864.767,0,FALSE
KEN,Kenya,31,Science and engineering associate professionals,311,Physical and engineering science technicians,3113,Electrical engineering technicians,6,0.08060998764207936,0.05707400016862932,0,adjust engineering designs; electrical engineering; read standard blueprints; troubleshoot; align components; apply soldering techniques; assist scientific research; battery formation; design drawings; electrical equipment regulations,2019,113.751,2022,102.426,-0.09955956431152256,2019,27864.767,2019,27864.767,0,FALSE
KEN,Kenya,31,Science and engineering associate professionals,311,Physical and engineering science technicians,3114,Electronics engineering technicians,11,0.08060998764207936,0.15116145218417945,0,inspect quality of products; read engineering drawings; adjust engineering designs; align components; assist scientific research; electronics; fasten components; liaise with engineers; prepare production prototypes; record test data,2019,113.751,2022,102.426,-0.09955956431152256,2019,27864.767,2019,27864.767,0,FALSE
KEN,Kenya,31,Science and engineering associate professionals,311,Physical and engineering science technicians,3115,Mechanical engineering technicians,25,0.08060998764207936,0.07194062414062415,0,read engineering drawings; engineering processes; mechanics; read standard blueprints; record test data; adjust engineering designs; create solutions to problems; liaise with engineers; use testing equipment; electromechanics,2019,113.751,2022,102.426,-0.09955956431152256,2019,27864.767,2019,27864.767,0,FALSE
KEN,Kenya,31,Science and engineering associate professionals,311,Physical and engineering science technicians,3116,Chemical engineering technicians,5,0.08060998764207936,0.02719298245614035,0,apply safety procedures in laboratory; calibrate laboratory equipment; laboratory techniques; perform laboratory tests; perform product testing; prepare chemical samples; run laboratory simulations; test chemical samples; use ICT systems; work safely with chemicals,2019,113.751,2022,102.426,-0.09955956431152256,2019,27864.767,2019,27864.767,0,FALSE
KEN,Kenya,31,Science and engineering associate professionals,311,Physical and engineering science technicians,3117,Mining and metallurgical technicians,5,0.08060998764207936,0.025,0,collect samples; maintain records of mining operations; troubleshoot; impact of geological factors on mining operations; perform sample testing; test raw minerals; work ergonomically; address problems critically; alloys of precious metals; analyse experimental laboratory data,2019,113.751,2022,102.426,-0.09955956431152256,2019,27864.767,2019,27864.767,0,FALSE
KEN,Kenya,31,Science and engineering associate professionals,311,Physical and engineering science technicians,3118,Draughtspersons,17,0.08060998764207936,0.37902864366539823,0,use technical drawing software; create technical plans; design drawings; mathematics; technical drawings; use CAD software; CAD software; manual draughting techniques; liaise with engineers; use CADD software,2019,113.751,2022,102.426,-0.09955956431152256,2019,27864.767,2019,27864.767,0,FALSE
KEN,Kenya,31,Science and engineering associate professionals,311,Physical and engineering science technicians,3119,Physical and engineering science technicians not elsewhere classified,26,0.08060998764207936,0.07007630353589638,0,create solutions to problems; record test data; adjust engineering designs; communicate commercial and technical issues in foreign languages; inspect quality of products; reduce environmental impact of footwear manufacturing; use IT tools; analyse test data; apply footwear and leather goods quality control techniques; read engineering drawings,2019,113.751,2022,102.426,-0.09955956431152256,2019,27864.767,2019,27864.767,0,FALSE
KEN,Kenya,31,Science and engineering associate professionals,312,"Mining, manufacturing and construction supervisors",3121,Mining supervisors,2,0.05474839654070304,0.04545454545454546,0,maintain records of mining operations; mine safety legislation; communicate mine equipment information; deal with pressure from unexpected circumstances; electricity; ensure compliance with safety legislation; evaluate mine development projects; impact of geological factors on mining operations; inspect mine safety conditions; manage emergency procedures,2019,113.751,2022,102.426,-0.09955956431152256,2019,27864.767,2019,27864.767,0,FALSE
KEN,Kenya,31,Science and engineering associate professionals,312,"Mining, manufacturing and construction supervisors",3122,Manufacturing supervisors,29,0.05474839654070304,0.013833483585004882,0,evaluate employees work; liaise with managers; follow production schedule; keep records of work progress; create solutions to problems; oversee production requirements; report on production results; coordinate communication within a team; plan shifts of employees; read standard blueprints,2019,113.751,2022,102.426,-0.09955956431152256,2019,27864.767,2019,27864.767,0,FALSE
KEN,Kenya,31,Science and engineering associate professionals,312,"Mining, manufacturing and construction supervisors",3123,Construction supervisors,28,0.05474839654070304,0.0042688792688792675,0,follow health and safety procedures in construction; evaluate employees work; plan shifts of employees; supervise staff; work in a construction team; ensure compliance with construction project deadline; inspect construction supplies; keep records of work progress; manage health and safety standards; process incoming construction supplies,2019,113.751,2022,102.426,-0.09955956431152256,2019,27864.767,2019,27864.767,0,FALSE
KEN,Kenya,31,Science and engineering associate professionals,313,Process control technicians,3131,Power production plant operators,12,0.16631771262619352,0.05873320919276802,0,electrical power safety regulations; electricity; electric current; electric generators; monitor electric generators; respond to electrical power contingencies; maintain electrical equipment; apply health and safety standards; wear appropriate protective gear; ensure equipment maintenance,2019,113.751,2022,102.426,-0.09955956431152256,2019,27864.767,2019,27864.767,0,FALSE
KEN,Kenya,31,Science and engineering associate professionals,313,Process control technicians,3132,Incinerator and water treatment plant operators,7,0.16631771262619352,0,0,ensure compliance with environmental legislation; maintain water treatment equipment; measure water quality parameters; monitor water quality; perform water treatments; collect samples; document analysis results; ensure compliance with waste legislative regulations; interpret scientific data to assess water quality; maintain specified water characteristics,2019,113.751,2022,102.426,-0.09955956431152256,2019,27864.767,2019,27864.767,0,FALSE
KEN,Kenya,31,Science and engineering associate professionals,313,Process control technicians,3133,Chemical processing plant controllers,6,0.16631771262619352,0.04814814814814815,0,optimise production processes parameters; ensure correct gas pressure; operate gas extraction equipment; test gas purity; use chemical analysis equipment; basic chemicals; ensure equipment maintenance; fuel gas; handle gas cylinders; maintain equipment,2019,113.751,2022,102.426,-0.09955956431152256,2019,27864.767,2019,27864.767,0,FALSE
KEN,Kenya,31,Science and engineering associate professionals,313,Process control technicians,3134,Petroleum and natural gas refining plant operators,5,0.16631771262619352,0.057777777777777775,0,manage emergency procedures; troubleshoot; coordinate remote communications; electronics; ensure compliance with safety legislation; chemistry; conduct inter-shift communication; monitor equipment condition; set equipment controls; verify oil circulation,2019,113.751,2022,102.426,-0.09955956431152256,2019,27864.767,2019,27864.767,0,FALSE
KEN,Kenya,31,Science and engineering associate professionals,313,Process control technicians,3135,Metal production process controllers,1,0.16631771262619352,0,0,admit basic metals to furnace; ensure public safety and security; maintain furnace temperature; manage emergency procedures; measure furnace temperature; operate furnace; prevent damage in a furnace; record furnace operations; troubleshoot; work in metal manufacture teams,2019,113.751,2022,102.426,-0.09955956431152256,2019,27864.767,2019,27864.767,0,FALSE
KEN,Kenya,31,Science and engineering associate professionals,313,Process control technicians,3139,Process control technicians not elsewhere classified,4,0.16631771262619352,0.18344155844155846,0,monitor automated machines; set up machine controls; adjust manufacturing equipment; perform machine maintenance; wear appropriate protective gear; analyse supply chain strategies; apparel manufacturing technology; apply assembly techniques; automation technology; create patterns for garments,2019,113.751,2022,102.426,-0.09955956431152256,2019,27864.767,2019,27864.767,0,FALSE
KEN,Kenya,31,Science and engineering associate professionals,314,Life science technicians and related associate professionals,3141,Life science technicians (excluding medical),7,0.15224417708719104,0.006493506493506493,0,laboratory techniques; maintain laboratory equipment; perform laboratory tests; analyse experimental laboratory data; apply safety procedures in laboratory; apply scientific methods; biology; calibrate laboratory equipment; perform scientific research; assist in the production of laboratory documentation,2019,113.751,2022,102.426,-0.09955956431152256,2019,27864.767,2019,27864.767,0,FALSE
KEN,Kenya,31,Science and engineering associate professionals,314,Life science technicians and related associate professionals,3142,Agricultural technicians,4,0.15224417708719104,0,0,inspect aquaculture equipment; monitor water quality; advise on aquaculture products supply chain; advise on fertiliser and herbicide; advise on grape quality improvement; advise on nitrate pollution; advise on plant mineral nutrition; advise on wine quality improvement; analyse environmental data; analyse scientific data,2019,113.751,2022,102.426,-0.09955956431152256,2019,27864.767,2019,27864.767,0,FALSE
KEN,Kenya,31,Science and engineering associate professionals,314,Life science technicians and related associate professionals,3143,Forestry technicians,1,0.15224417708719104,0,0,apply forest legislation; apply prescribed herbicides; conduct reforestation surveys; coordinate timber sales; de-limb trees; ecosystem management; environmental policy; fire-fighting systems; forest ecology; habitat restoration,2019,113.751,2022,102.426,-0.09955956431152256,2019,27864.767,2019,27864.767,0,FALSE
KEN,Kenya,31,Science and engineering associate professionals,315,Ship and aircraft controllers and technicians,3151,Ships’ engineers,4,0.02206314452441854,0.04275932400932401,0,Global Maritime Distress and Safety System; maintain vessel engine room; maintain vessel inventory; operate vessel engine room; use maritime English; International Convention for the Prevention of Pollution from Ships; electrical systems used in transportation; engine components; international regulations for preventing collisions at sea; manage vessel engines and systems,2019,113.751,2022,102.426,-0.09955956431152256,2019,27864.767,2019,27864.767,0,FALSE
KEN,Kenya,31,Science and engineering associate professionals,315,Ship and aircraft controllers and technicians,3152,Ships' deck officers and pilots,6,0.02206314452441854,0.05906776661493643,0,supervise loading of cargo; use water navigation devices; conduct water navigation; ensure vessel security; plot shipping navigation routes; principles of cargo stowage; steer vessels; supervise unloading of cargo; vessel points of sail; vessel safety equipment,2019,113.751,2022,102.426,-0.09955956431152256,2019,27864.767,2019,27864.767,0,FALSE
KEN,Kenya,31,Science and engineering associate professionals,315,Ship and aircraft controllers and technicians,3153,Aircraft pilots and related associate professionals,11,0.02206314452441854,0.1590774336344102,0,aircraft flight control systems; common aviation safety regulations; operate cockpit control panels; air transport law; aviation meteorology; civil aviation regulations; comply with air traffic control operations; ensure compliance with civil aviation regulations; ensure ongoing compliance with regulations; geographic areas,2019,113.751,2022,102.426,-0.09955956431152256,2019,27864.767,2019,27864.767,0,FALSE
KEN,Kenya,31,Science and engineering associate professionals,315,Ship and aircraft controllers and technicians,3154,Air traffic controllers,6,0.02206314452441854,0.10011574074074073,0,use different communication channels; apply airport standards and regulations; apply technical communication skills; common aviation safety regulations; air traffic control operations; air transport law; airport planning; communicate verbal instructions; ensure client orientation; ensure compliance with legal requirements,2019,113.751,2022,102.426,-0.09955956431152256,2019,27864.767,2019,27864.767,0,FALSE
KEN,Kenya,31,Science and engineering associate professionals,315,Ship and aircraft controllers and technicians,3155,Air traffic safety electronics technicians,1,0.02206314452441854,0.20833333333333337,0,air transport law; aircraft flight control systems; airport electrical systems; airport safety regulations; assist in the conducting of flight checks; carry out preventive airport maintenance; common aviation safety regulations; comply with air traffic control operations; electrical systems used in transportation; electronics,2019,113.751,2022,102.426,-0.09955956431152256,2019,27864.767,2019,27864.767,0,FALSE
KEN,Kenya,32,Health associate professionals,321,Medical and pharmaceutical technicians,3211,Medical imaging and therapeutic equipment technicians,2,0.00230414746543778,0.02830188679245283,0,communicate in healthcare; comply with legislation related to health care; comply with quality standards related to healthcare practice; contribute to continuity of health care; health care legislation; human anatomy; hygiene in a health care setting; medical terminology; perform transcranial magnetic stimulation; adhere to organisational code of ethics,2019,22.77,2022,101.947,3.4772507685551166,2019,27864.767,2019,27864.767,0,TRUE
KEN,Kenya,32,Health associate professionals,321,Medical and pharmaceutical technicians,3212,Medical and pathology laboratory technicians,1,0.00230414746543778,0,0,apply safety procedures in laboratory; archive healthcare users' records; automated analysers in the medical laboratory; blood type classification; calibrate laboratory equipment; check the received biological samples; communicate in healthcare; conduct routine blood testing; examine cell specimens microscopically; identify patients' medical records,2019,22.77,2022,101.947,3.4772507685551166,2019,27864.767,2019,27864.767,0,FALSE
KEN,Kenya,32,Health associate professionals,321,Medical and pharmaceutical technicians,3213,Pharmaceutical technicians and assistants,2,0.00230414746543778,0.05764966740576497,0,manage healthcare users' data; accept own accountability; adhere to organisational guidelines; advise on healthcare users' informed consent; apply good clinical practices; apply organisational techniques; check for medication expiry terms; check information on prescriptions; clinical reports; clinical science,2019,22.77,2022,101.947,3.4772507685551166,2019,27864.767,2019,27864.767,0,FALSE
KEN,Kenya,32,Health associate professionals,321,Medical and pharmaceutical technicians,3214,Medical and dental prosthetic technicians,2,0.00230414746543778,0,0,adhere to organisational guidelines; advise customers on hearing aids; advise on rehabilitation exercises; answer patients' questions; archive healthcare users' records; biomechanics; collect healthcare user's general data; communicate in healthcare; comply with legislation related to health care; comply with quality standards related to healthcare practice,2019,22.77,2022,101.947,3.4772507685551166,2019,27864.767,2019,27864.767,0,FALSE
KEN,Kenya,32,Health associate professionals,322,Nursing and midwifery associate professionals,3222,Midwifery associate professionals,1,0,0,0,advise on family planning; advise on pregnancies at risk; advise on pregnancy; assist on pregnancy abnormality; care for the new-born infant; childbirth; communicate with nursing staff; comply with legislation related to health care; comply with quality standards related to healthcare practice; contribute to continuity of health care,2019,22.77,2022,101.947,3.4772507685551166,2019,27864.767,2019,27864.767,0,FALSE
KEN,Kenya,32,Health associate professionals,323,Traditional and complementary medicine associate professionals,3230,Traditional and complementary medicine associate professionals,1,0,0,0,acupuncture methods; advise on mental health; apply a holistic approach in care; apply aromatherapy; apply context specific clinical competences; characteristics of plants; collect healthcare user's general data; communicate in healthcare; develop a collaborative therapeutic relationship; develop therapeutic relationships,2019,22.77,2022,101.947,3.4772507685551166,2019,27864.767,2019,27864.767,0,FALSE
KEN,Kenya,32,Health associate professionals,324,Veterinary technicians and assistants,3240,Veterinary technicians and assistants,6,0.02992345229516689,0,0,animal welfare legislation; apply safe work practices in a veterinary setting; handle veterinary emergencies; manage animal biosecurity; monitor the welfare of animals; anatomy of animals; animal behaviour; animal welfare; biosecurity related to animals; physiology of animals,2019,22.77,2022,101.947,3.4772507685551166,2019,27864.767,2019,27864.767,0,FALSE
KEN,Kenya,32,Health associate professionals,325,Other health associate professionals,3251,Dental assistants and therapists,1,0.07007834005666401,0.02777777777777777,0,accept own accountability; apply context specific clinical competences; apply organisational techniques; assist the dentist during the dental treatment procedure; communicate in healthcare; comply with legislation related to health care; contribute to continuity of health care; deal with emergency care situations; deal with patients' anxiety; develop a collaborative therapeutic relationship,2019,22.77,2022,101.947,3.4772507685551166,2019,27864.767,2019,27864.767,0,FALSE
KEN,Kenya,32,Health associate professionals,325,Other health associate professionals,3252,Medical records and health information technicians,5,0.07007834005666401,0.24333333333333332,0,use electronic health records management system; health records management; medical terminology; archive healthcare users' records; clinical coding; communicate in healthcare; document management; follow clinical guidelines; identify patients' medical records; maintain healthcare user data confidentiality,2019,22.77,2022,101.947,3.4772507685551166,2019,27864.767,2019,27864.767,0,FALSE
KEN,Kenya,32,Health associate professionals,325,Other health associate professionals,3253,Community health workers,2,0.07007834005666401,0,0,acute care; adapt teaching to target group; advise on safety measures; apply decision making within social work; apply knowledge of human behaviour; apply quality standards in social services; apply teaching strategies; assess social service users' situation; assess students; assist students with equipment,2019,22.77,2022,101.947,3.4772507685551166,2019,27864.767,2019,27864.767,0,FALSE
KEN,Kenya,32,Health associate professionals,325,Other health associate professionals,3254,Dispensing opticians,2,0.07007834005666401,0.00943396226415094,0,comply with optical prescriptions; cut lenses for eyeglasses; handle contact lenses; maintain records of clients' prescriptions; maintain relationship with suppliers; operate optical measuring equipment; optical glass characteristics; perform frames' repairs; prepare optical laboratory activities; sell optical products,2019,22.77,2022,101.947,3.4772507685551166,2019,27864.767,2019,27864.767,0,FALSE
KEN,Kenya,32,Health associate professionals,325,Other health associate professionals,3255,Physiotherapy technicians and assistants,4,0.07007834005666401,0.006097560975609755,0,empathise with the healthcare user; provide health education; develop therapeutic relationships; ensure safety of healthcare users; human anatomy; identify customer's needs; listen actively; maintain work area cleanliness; accept own accountability; apply context specific clinical competences,2019,22.77,2022,101.947,3.4772507685551166,2019,27864.767,2019,27864.767,0,FALSE
KEN,Kenya,32,Health associate professionals,325,Other health associate professionals,3256,Medical assistants,1,0.07007834005666401,0.04347826086956521,0,accept own accountability; adhere to organisational guidelines; administrative tasks in a medical environment; advise on healthcare users' informed consent; anaesthetics; answer patients' questions; apply context specific clinical competences; apply organisational techniques; assist in epilepsy surgery; communicate in healthcare,2019,22.77,2022,101.947,3.4772507685551166,2019,27864.767,2019,27864.767,0,FALSE
KEN,Kenya,32,Health associate professionals,325,Other health associate professionals,3257,Environmental and occupational health inspectors and associates,10,0.07007834005666401,0.018560545839957605,0,"write inspection reports; audit techniques; conduct workplace audits; ensure compliance with waste legislative regulations; health, safety and hygiene legislation; manage health and safety standards; monitor employee's health; monitor legislation developments; waste management; adhere to OHSAS 18001",2019,22.77,2022,101.947,3.4772507685551166,2019,27864.767,2019,27864.767,0,FALSE
KEN,Kenya,32,Health associate professionals,325,Other health associate professionals,3258,Ambulance workers,2,0.07007834005666401,0.028665028665028666,0,adhere to organisational guidelines; communicate in healthcare; comply with legislation related to health care; comply with quality standards related to healthcare practice; emergency cases; empathise with the healthcare user; first aid; human anatomy; hygiene in a health care setting; listen actively,2019,22.77,2022,101.947,3.4772507685551166,2019,27864.767,2019,27864.767,0,FALSE
KEN,Kenya,32,Health associate professionals,325,Other health associate professionals,3259,Health associate professionals not elsewhere classified,7,0.07007834005666401,0.05942750632405805,0,comply with legislation related to health care; communicate in healthcare; comply with quality standards related to healthcare practice; medical informatics; empathise with the healthcare user; ensure safety of healthcare users; health care legislation; human anatomy; hygiene in a health care setting; infection control,2019,22.77,2022,101.947,3.4772507685551166,2019,27864.767,2019,27864.767,0,FALSE
KEN,Kenya,33,Business and administration associate professionals,331,Financial and mathematical associate professionals,3311,Securities and finance dealers and brokers,13,0.00785920713301548,0.009332579185520362,0,analyse market financial trends; economics; financial markets; actuarial science; forecast economic trends; analyse economic trends; financial jurisdiction; financial products; handle financial transactions; securities,2021,17.708,2022,41.469,1.3418229049017396,2019,27864.767,2019,27864.767,0,TRUE
KEN,Kenya,33,Business and administration associate professionals,331,Financial and mathematical associate professionals,3312,Credit and loans officers,9,0.00785920713301548,0.03926767676767677,0,obtain financial information; analyse financial risk; advise on financial matters; analyse loans; analyse the credit history of potential customers; banking activities; credit control processes; maintain credit history of clients; provide support in financial calculation; actuarial science,2021,17.708,2022,41.469,1.3418229049017396,2019,27864.767,2019,27864.767,0,FALSE
KEN,Kenya,33,Business and administration associate professionals,331,Financial and mathematical associate professionals,3313,Accounting associate professionals,3,0.00785920713301548,0,0,accounting department processes; accounting entries; accounting techniques; attach accounting certificates to accounting transactions; bookkeeping regulations; depreciation; follow the statutory obligations; identify accounting errors; maintain financial records; prepare trial accounting balances,2021,17.708,2022,41.469,1.3418229049017396,2019,27864.767,2019,27864.767,0,FALSE
KEN,Kenya,33,Business and administration associate professionals,331,Financial and mathematical associate professionals,3314,"Statistical, mathematical and related associate professionals",2,0.00785920713301548,0.30000000000000004,0,apply statistical analysis techniques; statistical analysis system software; statistics; actuarial science; analyse market financial trends; apply scientific methods; calculate insurance rate; carry out statistical forecasts; compile statistical data for insurance purposes; conduct quantitative research,2021,17.708,2022,41.469,1.3418229049017396,2019,27864.767,2019,27864.767,0,FALSE
KEN,Kenya,33,Business and administration associate professionals,331,Financial and mathematical associate professionals,3315,Valuers and loss assessors,8,0.00785920713301548,0,0,insurance law; actuarial science; analyse claim files; claims procedures; collect property financial information; interview insurance claimants; obtain financial information; organise a damage assessment; principles of insurance; property law,2021,17.708,2022,41.469,1.3418229049017396,2019,27864.767,2019,27864.767,0,FALSE
KEN,Kenya,33,Business and administration associate professionals,332,Sales and purchasing agents and brokers,3321,Insurance representatives,4,0.02715933545573431,0.014705882352941175,0,actuarial science; insurance law; principles of insurance; types of insurance; analyse financial risk; claims procedures; analyse insurance risk; create insurance policies; obtain financial information; property law,2021,17.708,2022,41.469,1.3418229049017396,2019,27864.767,2019,27864.767,0,FALSE
KEN,Kenya,33,Business and administration associate professionals,332,Sales and purchasing agents and brokers,3322,Commercial sales representatives,3,0.02715933545573431,0.020833333333333336,0,answer requests for quotation; carry out sales analysis; characteristics of products; characteristics of services; identify customer's needs; sales strategies; assess customers; identify energy needs; inform customers on energy consumption fees; manage contracts,2021,17.708,2022,41.469,1.3418229049017396,2019,27864.767,2019,27864.767,0,FALSE
KEN,Kenya,33,Business and administration associate professionals,332,Sales and purchasing agents and brokers,3323,Buyers,9,0.02715933545573431,0.02092731829573935,0,identify suppliers; maintain relationship with suppliers; negotiate buying conditions; track price trends; communicate price changes; manage budgets; manage contracts; manage purchasing cycle; perform procurement processes; adhere to organisational guidelines,2021,17.708,2022,41.469,1.3418229049017396,2019,27864.767,2019,27864.767,0,FALSE
KEN,Kenya,33,Business and administration associate professionals,332,Sales and purchasing agents and brokers,3324,Trade brokers,41,0.02715933545573431,0.04942478964357627,0,negotiate sale of commodities; identify customer's needs; negotiate buying conditions; negotiate sales contracts; plan transport operations; assess supplier risks; build business relationships; comprehend financial business terminology; have computer literacy; identify new business opportunities,2021,17.708,2022,41.469,1.3418229049017396,2019,27864.767,2019,27864.767,0,FALSE
KEN,Kenya,33,Business and administration associate professionals,333,Business services agents,3331,Clearing and forwarding agents,40,0.02866816660257812,0.044004384551699124,0,international import export regulations; communicate with shipment forwarders; plan transport operations; administer multi-modal logistics; apply conflict management; apply export strategies; apply import strategies; build rapport with people from different cultural backgrounds; create import-export commercial documentation; create solutions to problems,2021,17.708,2022,41.469,1.3418229049017396,2019,27864.767,2019,27864.767,0,FALSE
KEN,Kenya,33,Business and administration associate professionals,333,Business services agents,3332,Conference and event planners,5,0.02866816660257812,0,0,arrange special events; confer with event staff; consult exhibition organisers; coordinate events; evaluate events; inspect event facilities; maintain customer service; maintain event records; monitor event activities; negotiate contracts with event providers,2021,17.708,2022,41.469,1.3418229049017396,2019,27864.767,2019,27864.767,0,FALSE
KEN,Kenya,33,Business and administration associate professionals,333,Business services agents,3333,Employment agents and contractors,1,0.02866816660257812,0,0,apply knowledge of human behaviour; communicate by telephone; develop professional network; document interviews; employment law; ensure gender equality in the workplace; hire human resources; interview people; job market offers; labour legislation,2021,17.708,2022,41.469,1.3418229049017396,2019,27864.767,2019,27864.767,0,FALSE
KEN,Kenya,33,Business and administration associate professionals,333,Business services agents,3334,Real estate agents and property managers,8,0.02866816660257812,0,0,property law; compare property values; real estate market; analyse financial performance of a company; analyse insurance risk; collect property financial information; corporate social responsibility; financial analysis; follow company standards; inform on renting agreements,2021,17.708,2022,41.469,1.3418229049017396,2019,27864.767,2019,27864.767,0,FALSE
KEN,Kenya,33,Business and administration associate professionals,333,Business services agents,3339,Business services agents not elsewhere classified,8,0.02866816660257812,0.004807692307692307,0,contract law; manage contracts; develop professional network; employment law; prospect new customers; protect client interests; adapt communication style according to recipient; adapt to artists' creative demands; advertise auction sales; advertising techniques,2021,17.708,2022,41.469,1.3418229049017396,2019,27864.767,2019,27864.767,0,FALSE
KEN,Kenya,33,Business and administration associate professionals,334,Administrative and specialised secretaries,3341,Office supervisors,7,0.00367647058823529,0.19325063358676803,0,call quality assurance management; present reports; analyse staff capacity; create solutions to problems; forecast workload; perform data analysis; write work-related reports; analyse call performance trends; call routing; call-centre technologies,2021,17.708,2022,41.469,1.3418229049017396,2019,27864.767,2019,27864.767,0,FALSE
KEN,Kenya,33,Business and administration associate professionals,334,Administrative and specialised secretaries,3342,Legal secretaries,2,0.00367647058823529,0,0,act discreetly; check official documents; communicate by telephone; compile legal documents; legal department processes; legal terminology; manage personnel agenda; meet deadlines for preparing legal cases; observe confidentiality; officiate civil partnerships,2021,17.708,2022,41.469,1.3418229049017396,2019,27864.767,2019,27864.767,0,FALSE
KEN,Kenya,33,Business and administration associate professionals,334,Administrative and specialised secretaries,3343,Administrative and executive secretaries,12,0.00367647058823529,0.15084341811887578,0,perform business research; use spreadsheets software; use office systems; company policies; disseminate messages to people; draft corporate emails; liaise with managers; observe confidentiality; office software; perform clerical duties,2021,17.708,2022,41.469,1.3418229049017396,2019,27864.767,2019,27864.767,0,FALSE
KEN,Kenya,33,Business and administration associate professionals,334,Administrative and specialised secretaries,3344,Medical secretaries,3,0.00367647058823529,0.1603174603174603,0,apply organisational techniques; maintain healthcare user data confidentiality; administrative tasks in a medical environment; align efforts towards business development; analyse business plans; analyse business processes; analyse financial risk; answer patients' questions; apply grammar and spelling rules; archive healthcare users' records,2021,17.708,2022,41.469,1.3418229049017396,2019,27864.767,2019,27864.767,0,FALSE
KEN,Kenya,33,Business and administration associate professionals,335,Regulatory government associate professionals,3351,Customs and border inspectors,3,0.03833186290082837,0,0,check official documents; identify security threats; advise on customs regulations; advise on licencing procedures; apply company policies; apply immigration law; check methods; check travel documentation; comply with legal regulations; conduct research interview,2021,17.708,2022,41.469,1.3418229049017396,2019,27864.767,2019,27864.767,0,FALSE
KEN,Kenya,33,Business and administration associate professionals,335,Regulatory government associate professionals,3352,Government tax and excise officials,2,0.03833186290082837,0,0,calculate tax; collect tax; handle financial transactions; inspect tax returns; inspect taxation documents; tax legislation; accounting techniques; advise on tax policy; assess debtor's financial situation; assess seizable goods,2021,17.708,2022,41.469,1.3418229049017396,2019,27864.767,2019,27864.767,0,FALSE
KEN,Kenya,33,Business and administration associate professionals,335,Regulatory government associate professionals,3353,Government social benefits officials,3,0.03833186290082837,0.04945054945054945,0,government social security programmes; protect client interests; social security law; advise on social security benefits; apply technical communication skills; conduct research interview; ensure information transparency; investigate social security applications; actuarial science; administer appointments,2021,17.708,2022,41.469,1.3418229049017396,2019,27864.767,2019,27864.767,0,FALSE
KEN,Kenya,33,Business and administration associate professionals,335,Regulatory government associate professionals,3354,Government licensing officials,3,0.03833186290082837,0,0,advise on licencing procedures; assess licence applications; check official documents; correspond with licence applicants; licences regulation; apply immigration law; apply technical communication skills; assess breaches of licence agreements; comply with legal regulations; fraud detection,2021,17.708,2022,41.469,1.3418229049017396,2019,27864.767,2019,27864.767,0,FALSE
KEN,Kenya,33,Business and administration associate professionals,335,Regulatory government associate professionals,3355,Police inspectors and detectives,3,0.03833186290082837,0,0,examine crime scenes; handle case evidence; analyse legal evidence; criminology; develop investigation strategy; ensure law application; form operational strategies for law enforcement; hear witness accounts; investigation research methods; law enforcement,2021,17.708,2022,41.469,1.3418229049017396,2019,27864.767,2019,27864.767,0,FALSE
KEN,Kenya,33,Business and administration associate professionals,335,Regulatory government associate professionals,3359,Regulatory government associate professionals not elsewhere classified,8,0.03833186290082837,0.006578947368421052,0,undertake inspections; perform inspections required by international conventions; adjust weight of cargo to capacity of freight transport vehicles; analyse business processes; communicate health and safety measures; communicate with customers; conduct environmental surveys; consumer protection; enforce sanitation procedures; ensure compliance with legal requirements,2021,17.708,2022,41.469,1.3418229049017396,2019,27864.767,2019,27864.767,0,FALSE
KEN,Kenya,34,"Legal, social, cultural and related associate professionals",341,"Legal, social and religious associate professionals",3411,Legal and related associate professionals,10,0.00190700104493207,0.026666666666666665,0,compile legal documents; court procedures; comply with legal regulations; legal research; legal terminology; assist judge; civil law; civil process order; handle case evidence; legal case management,2019,263.15,2019,263.15,0,2019,27864.767,2019,27864.767,0,TRUE
KEN,Kenya,34,"Legal, social, cultural and related associate professionals",341,"Legal, social and religious associate professionals",3412,Social work associate professionals,18,0.00190700104493207,0.00505050505050505,0,listen actively; contribute to protecting individuals from harm; relate empathetically; apply person-centred care; apply quality standards in social services; assess social service users' situation; maintain records of work with service users; manage social crisis; protect vulnerable social service users; accept own accountability,2019,263.15,2019,263.15,0,2019,27864.767,2019,27864.767,0,FALSE
KEN,Kenya,34,"Legal, social, cultural and related associate professionals",341,"Legal, social and religious associate professionals",3413,Religious associate professionals,2,0.00190700104493207,0,0,establish collaborative relations; observe confidentiality; promote religious activities; build community relations; guide conversion; interpret religious texts; mentor individuals; monasticism; perform religious ceremonies; prayer,2019,263.15,2019,263.15,0,2019,27864.767,2019,27864.767,0,FALSE
KEN,Kenya,34,"Legal, social, cultural and related associate professionals",342,Sports and fitness workers,3421,Athletes and sports players,1,0.03088353509382677,0,0,adapt lifestyle for sports performance; apply sport games rules; assess performance in sport events; develop strong attitudes in sports; implement relevant tactical skills to perform at the highest level in sport; implement relevant technical skills to perform at the highest level in sport; manage sporting career; participate in sport events; participate in training sessions; work to develop physical ability to perform at the highest level in sport,2019,263.15,2019,263.15,0,2019,27864.767,2019,27864.767,0,FALSE
KEN,Kenya,34,"Legal, social, cultural and related associate professionals",342,Sports and fitness workers,3422,"Sports coaches, instructors and officials",13,0.03088353509382677,0,0,instruct in sport; plan sports instruction programme; apply risk management in sports; adapt teaching to target group; assess performance in sport events; demonstrate when teaching; organise training; personalise sports programme; give constructive feedback; adapt teaching to student's capabilities,2019,263.15,2019,263.15,0,2019,27864.767,2019,27864.767,0,FALSE
KEN,Kenya,34,"Legal, social, cultural and related associate professionals",342,Sports and fitness workers,3423,Fitness and recreation instructors and program leaders,14,0.03088353509382677,0,0,animate in the outdoors; assess risk in the outdoors; communicate in an outdoor setting; correct potentially harmful movements; evaluate outdoor activities; give feedback on changing circumstances; implement risk management for outdoors; manage feedback; manage groups outdoors; manage outdoor resources,2019,263.15,2019,263.15,0,2019,27864.767,2019,27864.767,0,FALSE
KEN,Kenya,34,"Legal, social, cultural and related associate professionals",343,"Artistic, cultural and culinary associate professionals",3431,Photographers,2,0.01556141291963098,0.06971153846153846,0,select photographic equipment; set up photographic equipment; adapt to type of media; apply grammar and spelling rules; build contacts to maintain news flow; consult information sources; copyright legislation; create artificial light; create digital images; design an artificial lighting system,2019,263.15,2019,263.15,0,2019,27864.767,2019,27864.767,0,FALSE
KEN,Kenya,34,"Legal, social, cultural and related associate professionals",343,"Artistic, cultural and culinary associate professionals",3432,Interior designers and decorators,8,0.01556141291963098,0.053242995430495425,0,meet deadlines; work ergonomically; adapt to artists' creative demands; keep up with trends; prevent fire in a performance environment; understand artistic concepts; use personal protection equipment; work safely with chemicals; work with respect for own safety; adapt sets,2019,263.15,2019,263.15,0,2019,27864.767,2019,27864.767,0,FALSE
KEN,Kenya,34,"Legal, social, cultural and related associate professionals",343,"Artistic, cultural and culinary associate professionals",3433,"Gallery, museum and library technicians",3,0.01556141291963098,0.28985507246376807,0,advise on art handling; analyse big data; anatomy of animals; animal positions; animal species; animal welfare legislation; assess museum object condition; business intelligence; clean animal body parts; clean carcasses,2019,263.15,2019,263.15,0,2019,27864.767,2019,27864.767,0,FALSE
KEN,Kenya,34,"Legal, social, cultural and related associate professionals",343,"Artistic, cultural and culinary associate professionals",3434,Chefs,5,0.01556141291963098,0.03463345864661654,0,comply with food safety and hygiene; types of whisks; use cooking techniques; use reheating techniques; food waste monitoring systems; handover the food preparation area; manage staff; plan menus; use culinary finishing techniques; use resource-efficient technologies in hospitality,2019,263.15,2019,263.15,0,2019,27864.767,2019,27864.767,0,FALSE
KEN,Kenya,34,"Legal, social, cultural and related associate professionals",343,"Artistic, cultural and culinary associate professionals",3435,Other artistic and cultural associate professionals,32,0.01556141291963098,0.04205220735281817,0,work with respect for own safety; use personal protection equipment; work ergonomically; adapt to artists' creative demands; understand artistic concepts; prevent fire in a performance environment; work safely with machines; work safely with mobile electrical systems under supervision; follow safety procedures when working at heights; prepare personal work environment,2019,263.15,2019,263.15,0,2019,27864.767,2019,27864.767,0,FALSE
KEN,Kenya,35,Information and communications technicians,351,Information and communications technology operations and user support technicians,3511,Information and communications technology operations technicians,1,0,0.9285714285714286,0,administer ICT system; analyse ICT system; balance database resources; database management systems; develop contingency plans for emergencies; keep up with the latest information systems solutions; maintain ICT server; maintain database performance; maintain database security; manage database,2021,178.66,2022,100.186,-0.4392365386768162,2019,27864.767,2019,27864.767,0,TRUE
KEN,Kenya,35,Information and communications technicians,351,Information and communications technology operations and user support technicians,3512,Information and communications technology user support technicians,4,0,0.5732736572890025,0,keep up to date on product knowledge; use ICT hardware; ICT networking hardware; attack vectors; characteristics of products; characteristics of services; communicate with customers; create solutions to problems; procurement of ICT network equipment; product comprehension,2021,178.66,2022,100.186,-0.4392365386768162,2019,27864.767,2019,27864.767,0,FALSE
KEN,Kenya,35,Information and communications technicians,351,Information and communications technology operations and user support technicians,3513,Computer network and systems technicians,2,0,0.5788461538461538,0,ICT network cable limitations; ICT network routing; ICT network security risks; ICT networking hardware; adjust ICT system capacity; analyse network bandwidth requirements; analyse network configuration and performance; apply technical communication skills; common aviation safety regulations; communicate in air traffic services,2021,178.66,2022,100.186,-0.4392365386768162,2019,27864.767,2019,27864.767,0,FALSE
KEN,Kenya,35,Information and communications technicians,351,Information and communications technology operations and user support technicians,3514,Web technicians,1,0,0.8695652173913043,0,apply ICT system usage policies; apply tools for content development; authoring software; develop digital content; digital communication and collaboration; digital systems; domain name service; graphics editor software; implement front-end website design; maintain ICT server,2021,178.66,2022,100.186,-0.4392365386768162,2019,27864.767,2019,27864.767,0,FALSE
KEN,Kenya,35,Information and communications technicians,352,Telecommunications and broadcasting technicians,3521,Broadcasting and audiovisual technicians,13,0,0.29476321595427035,0,use technical documentation; work ergonomically; keep up with trends; adapt to artists' creative demands; coordinate audio system programmes; plan audiovisual recording; prevent fire in a performance environment; use audio reproduction software; work safely with chemicals; work safely with mobile electrical systems under supervision,2021,178.66,2022,100.186,-0.4392365386768162,2019,27864.767,2019,27864.767,0,FALSE
KEN,Kenya,35,Information and communications technicians,352,Telecommunications and broadcasting technicians,3522,Telecommunications engineering technicians,1,0,0.64,0,ICT communications protocols; ICT system user requirements; analog electronics theory; apply ICT system usage policies; apply system organisational policies; calibrate electronic instruments; direct inward dialing; electromagnetism; electronics principles; install monitors for process control,2021,178.66,2022,100.186,-0.4392365386768162,2019,27864.767,2019,27864.767,0,FALSE
KEN,Kenya,41,General and keyboard clerks,411,General office clerks,4110,General office clerks,2,0,0.14160839160839161,0,perform office routine activities; align content with form; apply grammar and spelling rules; communicate by telephone; communicate with customers; company policies; complete membership administration; customer service; deliver correspondence; develop professional network,2019,227.329,2022,123.12,-0.4584060986499743,2019,25365.609,2019,25365.609,0,TRUE
KEN,Kenya,41,General and keyboard clerks,412,Secretaries (general),4120,Secretaries (general),1,0,0.2727272727272727,0,administer appointments; communicate by telephone; communicate schedules to the people concerned; company policies; disseminate internal communications; disseminate messages to people; draft corporate emails; file documents; fill out forms; handle mail,2019,227.329,2022,123.12,-0.4584060986499743,2019,25365.609,2019,25365.609,0,FALSE
KEN,Kenya,41,General and keyboard clerks,413,Keyboard operators,4131,Typists and word processing operators,1,0,0.2307692307692308,0,align content with form; apply grammar and spelling rules; company policies; decode handwritten texts; draft corporate emails; liaise with typists; pose questions referring to documents; provide written content; transcription methods; type error-free documents,2019,227.329,2022,123.12,-0.4584060986499743,2019,25365.609,2019,25365.609,0,FALSE
KEN,Kenya,41,General and keyboard clerks,413,Keyboard operators,4132,Data entry clerks,1,0,0.8,0,apply information security policies; apply statistical analysis techniques; database; documentation types; maintain data entry requirements; perform data cleansing; process data; query languages; resource description framework query language; use word processing software,2019,227.329,2022,123.12,-0.4584060986499743,2019,25365.609,2019,25365.609,0,FALSE
KEN,Kenya,42,Customer services clerks,421,"Tellers, money collectors and related clerks",4211,Bank tellers and related clerks,2,0,0,0,communicate with customers; customer service; handle financial transactions; process payments; assist customers; banking activities; characteristics of products; characteristics of services; convert currency; deliver correspondence,2019,87.821,2022,40.669,-0.5369103061910022,2019,25365.609,2019,25365.609,0,TRUE
KEN,Kenya,42,Customer services clerks,421,"Tellers, money collectors and related clerks",4212,"Bookmakers, croupiers and related gaming workers",9,0,0.07283950617283949,0,follow ethical code of conduct of gambling; casino game rules; casino policies; communicate with customers; follow safety precautions in a gaming room; games rules; maintain customer service; monitor casino finances; show good manners with players; communicate gambling rules,2019,87.821,2022,40.669,-0.5369103061910022,2019,25365.609,2019,25365.609,0,FALSE
KEN,Kenya,42,Customer services clerks,421,"Tellers, money collectors and related clerks",4213,Pawnbrokers and money-lenders,1,0,0.0625,0,analyse financial risk; assess customer credibility; collect customer data; communicate with customers; debt collection techniques; debt systems; decide on loan applications; determine resale value of items; estimate value of used goods; handle financial transactions,2019,87.821,2022,40.669,-0.5369103061910022,2019,25365.609,2019,25365.609,0,FALSE
KEN,Kenya,42,Customer services clerks,421,"Tellers, money collectors and related clerks",4214,Debt-collectors and related workers,2,0,0.02631578947368421,0,debt collection techniques; debt systems; maintain client debt records; perform debt investigation; analyse financial risk; assess customers; calculate debt costs; communicate with customers; create cooperation modalities; create solutions to problems,2019,87.821,2022,40.669,-0.5369103061910022,2019,25365.609,2019,25365.609,0,FALSE
KEN,Kenya,42,Customer services clerks,422,Client information workers,4221,Travel consultants and clerks,9,0.03365175022963136,0.05034164766469666,0,maintain customer service; apply foreign languages in tourism; communicate with customers; geographical areas relevant to tourism; handle personal identifiable information; identify customer's needs; process booking; provide tourism related information; assist clients with special needs; build a network of suppliers in tourism,2019,87.821,2022,40.669,-0.5369103061910022,2019,25365.609,2019,25365.609,0,FALSE
KEN,Kenya,42,Customer services clerks,422,Client information workers,4222,Contact centre information clerks,2,0.03365175022963136,0.2184873949579832,0,characteristics of products; characteristics of services; guarantee customer satisfaction; adapt to changing situations; answer incoming calls; collect customer data; communicate by telephone; communicate with customers; create solutions to problems; customer insight,2019,87.821,2022,40.669,-0.5369103061910022,2019,25365.609,2019,25365.609,0,FALSE
KEN,Kenya,42,Customer services clerks,422,Client information workers,4223,Telephone switchboard operators,2,0.03365175022963136,0.2932330827067669,0,adhere to organisational guidelines; answer emergency calls; answer incoming calls; communicate by telephone; communicate verbal instructions; comply with legislation related to health care; comply with quality standards related to healthcare practice; dispatch ambulance; electronic communication; listen actively,2019,87.821,2022,40.669,-0.5369103061910022,2019,25365.609,2019,25365.609,0,FALSE
KEN,Kenya,42,Customer services clerks,422,Client information workers,4224,Hotel receptionists,3,0.03365175022963136,0,0,assist at check-in; comply with food safety and hygiene; greet guests; handle customer complaints; maintain customer service; assist clients with special needs; deal with arrivals in accommodation; deal with departures in accommodation; handle financial transactions; maintain customer records,2019,87.821,2022,40.669,-0.5369103061910022,2019,25365.609,2019,25365.609,0,FALSE
KEN,Kenya,42,Customer services clerks,422,Client information workers,4225,Enquiry clerks,1,0.03365175022963136,0.125,0,apply conflict management; apply knowledge of human behaviour; communicate with customers; control of expenses; create solutions to problems; customer service; determine charges for customer services; ensure client orientation; guarantee customer satisfaction; have computer literacy,2019,87.821,2022,40.669,-0.5369103061910022,2019,25365.609,2019,25365.609,0,FALSE
KEN,Kenya,42,Customer services clerks,422,Client information workers,4226,Receptionists (general),3,0.03365175022963136,0.07846153846153846,0,communicate by telephone; maintain reception area; adhere to organisational guidelines; administer appointments; communicate with customers; customer service; administrative tasks in a medical environment; animal welfare; animal welfare legislation; answer patients' questions,2019,87.821,2022,40.669,-0.5369103061910022,2019,25365.609,2019,25365.609,0,FALSE
KEN,Kenya,42,Customer services clerks,422,Client information workers,4227,Survey and market research interviewers,2,0.03365175022963136,0.06349206349206349,0,adhere to questionnaires; capture people's attention; communication; document interviews; information confidentiality; interview techniques; prepare survey report; respond to enquiries; survey techniques; tabulate survey results,2019,87.821,2022,40.669,-0.5369103061910022,2019,25365.609,2019,25365.609,0,FALSE
KEN,Kenya,42,Customer services clerks,422,Client information workers,4229,Client information workers not elsewhere classified,1,0.03365175022963136,0,0,assist at check-in; assist clients with special needs; comply with food safety and hygiene; greet guests; handle customer complaints; identify customer's needs; maintain customer service; maintain relationship with customers; provide tourism related information,2019,87.821,2022,40.669,-0.5369103061910022,2019,25365.609,2019,25365.609,0,FALSE
KEN,Kenya,43,Numerical and material recording clerks,431,Numerical clerks,4311,Accounting and bookkeeping clerks,2,0,0.041666666666666664,0,allocate bills; bookkeeping regulations; file documents; fill out forms; financial capability; financial department processes; follow up accounts receivables; handle financial transactions; handle mail; maintain credit history of clients,NA,NA,NA,NA,NA,2019,25365.609,2019,25365.609,0,TRUE
KEN,Kenya,43,Numerical and material recording clerks,431,Numerical clerks,4312,"Statistical, finance and insurance clerks",8,0,0.09843071015671634,0,perform clerical duties; maintain records of financial transactions; electronic communication; handle financial transactions; office software; banking activities; customer service; handle paperwork; provide financial product information; use office systems,NA,NA,NA,NA,NA,2019,25365.609,2019,25365.609,0,FALSE
KEN,Kenya,43,Numerical and material recording clerks,431,Numerical clerks,4313,Payroll clerks,1,0,0,0,calculate wages; carry out financial transactions; check payrolls; examine budgets; manage payroll; mathematics; prepare paychecks; procure time sheet approval; trace financial transactions,NA,NA,NA,NA,NA,2019,25365.609,2019,25365.609,0,FALSE
KEN,Kenya,43,Numerical and material recording clerks,432,Material-recording and transport clerks,4321,Stock clerks,6,0.04143232607689721,0.14595312095312096,0,manage inventory; manage warehouse operations; use IT tools; identify software for warehouse management; keep inventory of goods in production; perform warehousing operations; use a warehouse management system; use spreadsheets software; adapt to changing situations; adhere to organisational guidelines,NA,NA,NA,NA,NA,2019,25365.609,2019,25365.609,0,FALSE
KEN,Kenya,43,Numerical and material recording clerks,432,Material-recording and transport clerks,4322,Production clerks,1,0.04143232607689721,0,0,analyse production processes for improvement; communicate production plan; coordinate operational activities; create solutions to problems; keep records of work progress; liaise with managers; manage resources; manage teamwork; oversee production requirements; plan manufacturing processes,NA,NA,NA,NA,NA,2019,25365.609,2019,25365.609,0,FALSE
KEN,Kenya,43,Numerical and material recording clerks,432,Material-recording and transport clerks,4323,Transport clerks,21,0.04143232607689721,0.04977688223363256,0,use different communication channels; apply company policies; communicate verbal instructions; ensure public safety and security; match vessels to shipping routes; supervise loading of cargo; supervise unloading of cargo; types of maritime vessels; vessel traffic services; apply airport standards and regulations,NA,NA,NA,NA,NA,2019,25365.609,2019,25365.609,0,FALSE
KEN,Kenya,44,Other clerical support workers,441,Other clerical support workers,4411,Library clerks,1,0.0108695652173913,0.15384615384615383,0,analyse library users' queries; arrange interlibrary loans; assess informational needs; classify library materials; copyright legislation; display library material; instruct library users in digital literacy; maintain library equipment; maintain library inventory; manage library users queries,NA,NA,NA,NA,NA,2019,25365.609,2019,25365.609,0,TRUE
KEN,Kenya,44,Other clerical support workers,441,Other clerical support workers,4412,Mail carriers and sorting clerks,2,0.0108695652173913,0.12708333333333333,0,differentiate types of packages; ensure the integrity of mail; establish daily priorities; handle mail; maintain privacy of service users; operate mailing information systems; organise mail deliveries; act reliably; analyse travel alternatives; apply information security policies,NA,NA,NA,NA,NA,2019,25365.609,2019,25365.609,0,FALSE
KEN,Kenya,44,Other clerical support workers,441,Other clerical support workers,4413,"Coding, proof-reading and related clerks",1,0.0108695652173913,0.07692307692307693,0,apply grammar and spelling rules; copyright legislation; follow newspaper house style; follow work schedule; grammar; master language rules; proofread text; reproduce documents; rewrite manuscripts; spelling,NA,NA,NA,NA,NA,2019,25365.609,2019,25365.609,0,FALSE
KEN,Kenya,44,Other clerical support workers,441,Other clerical support workers,4415,Filing and copying clerks,1,0.0108695652173913,0.2307692307692308,0,digitization; ensure information transparency; ensure proper document management; facilitate access to information; file documents; fill out forms; information confidentiality; keep task records; organise business documents; perform clerical duties,NA,NA,NA,NA,NA,2019,25365.609,2019,25365.609,0,FALSE
KEN,Kenya,44,Other clerical support workers,441,Other clerical support workers,4416,Personnel clerks,1,0.0108695652173913,0,0,administer appointments; apply company policies; assess character; communicate by telephone; document interviews; fix meetings; hire human resources; identify with the company's goals; job market offers; listen actively,NA,NA,NA,NA,NA,2019,25365.609,2019,25365.609,0,FALSE
KEN,Kenya,44,Other clerical support workers,441,Other clerical support workers,4419,Clerical support workers not elsewhere classified,2,0.0108695652173913,0.16666666666666666,0,advertising techniques; apply grammar and spelling rules; communicate commercial and technical issues in foreign languages; company policies; develop creative ideas; develop digital content; digital media; ensure proper document management; file documents; grammar,NA,NA,NA,NA,NA,2019,25365.609,2019,25365.609,0,FALSE
KEN,Kenya,51,Personal service workers,511,"Travel attendants, conductors and guides",5111,Travel attendants and travel stewards,5,0.08005250203665552,0,0,assist passengers; comply with food safety and hygiene; greet guests; handle financial transactions; maintain customer service; serve food in table service; communicate verbal instructions; deliver outstanding service; follow verbal instructions; handle customer complaints,2019,1109.704,2022,324.313,-0.7077481923107424,2019,12299.033,2019,12299.033,0,TRUE
KEN,Kenya,51,Personal service workers,511,"Travel attendants, conductors and guides",5112,Transport conductors,4,0.08005250203665552,0.03170289855072463,0,provide information to passengers; answer questions about the train transport service; assist disable passengers; assist passengers; assist passengers in emergency situations; communicate clearly with passengers; handle petty cash; apply tramway regulations; check carriages; check tickets throughout carriages,2019,1109.704,2022,324.313,-0.7077481923107424,2019,12299.033,2019,12299.033,0,FALSE
KEN,Kenya,51,Personal service workers,511,"Travel attendants, conductors and guides",5113,Travel guides,4,0.08005250203665552,0,0,conduct educational activities; assemble visitor supplies; collect visitor fees; create solutions to problems; educate people about nature; engage local communities in the management of natural protected areas; ensure health and safety of visitors; escort visitors to places of interest; inform visitors at tour sites; local geography,2019,1109.704,2022,324.313,-0.7077481923107424,2019,12299.033,2019,12299.033,0,FALSE
KEN,Kenya,51,Personal service workers,512,Cooks,5120,Cooks,5,0.0201290322580645,0,0,"comply with food safety and hygiene; ensure cleanliness of food preparation area; handover the food preparation area; maintain a safe, hygienic and secure working environment; maintain kitchen equipment at correct temperature; receive kitchen supplies; store raw food materials; use cooking techniques; use culinary finishing techniques; use food cutting tools",2019,1109.704,2022,324.313,-0.7077481923107424,2019,12299.033,2019,12299.033,0,FALSE
KEN,Kenya,51,Personal service workers,513,Waiters and bartenders,5131,Waiters,7,0.00444444444444444,0,0,maintain customer service; assist customers; comply with food safety and hygiene; assist VIP guests; check dining room cleanliness; prepare alcoholic beverages; serve wines; train employees; advise guests on menus for special events; analyse trends in the food and beverage industries,2019,1109.704,2022,324.313,-0.7077481923107424,2019,12299.033,2019,12299.033,0,FALSE
KEN,Kenya,51,Personal service workers,513,Waiters and bartenders,5132,Bartenders,3,0.00444444444444444,0,0,comply with food safety and hygiene; execute opening and closing procedures; handover the service area; maintain customer service; upsell products; clear the bar at closing time; display spirits; enforce alcohol drinking laws; handle bar equipment; handle glassware,2019,1109.704,2022,324.313,-0.7077481923107424,2019,12299.033,2019,12299.033,0,FALSE
KEN,Kenya,51,Personal service workers,514,"Hairdressers, beauticians and related workers",5141,Hairdressers,5,0.00217864923747276,0,0,hair; work ergonomically; work safely with chemicals; dye hair; hair products; maintain customer service; maintain equipment; style hair; use equipment for hair care; advise on hair style,2019,1109.704,2022,324.313,-0.7077481923107424,2019,12299.033,2019,12299.033,0,FALSE
KEN,Kenya,51,Personal service workers,514,"Hairdressers, beauticians and related workers",5142,Beauticians and related workers,12,0.00217864923747276,0.0021929824561403508,0,maintain customer service; identify customer's needs; work ergonomically; cosmetics; advise customers on usage of cosmetics; maintain equipment; cosmetics industry; skin types; conform to cosmetics regulatory requirements; cosmetic skin treatment,2019,1109.704,2022,324.313,-0.7077481923107424,2019,12299.033,2019,12299.033,0,FALSE
KEN,Kenya,51,Personal service workers,515,Building and housekeeping supervisors,5151,"Cleaning and housekeeping supervisors in offices, hotels and other establishments",2,0.03300551398955653,0,0,comply with food safety and hygiene; handle customer complaints; maintain customer service; assess cleanliness of areas; assist at check-in; coordinate redecoration of hospitality establishment; ensure cross-department cooperation; explain features in accommodation venue; greet guests; handle guest luggage,2019,1109.704,2022,324.313,-0.7077481923107424,2019,12299.033,2019,12299.033,0,FALSE
KEN,Kenya,51,Personal service workers,515,Building and housekeeping supervisors,5152,Domestic housekeepers,3,0.03300551398955653,0,0,greet guests; identify customer's needs; maintain personal hygiene standards; perform cleaning duties; arrange tables; assist at check-in; buy groceries; check dining room cleanliness; clean rooms; clean surfaces,2019,1109.704,2022,324.313,-0.7077481923107424,2019,12299.033,2019,12299.033,0,FALSE
KEN,Kenya,51,Personal service workers,515,Building and housekeeping supervisors,5153,Building caretakers,3,0.03300551398955653,0,0,register information on arrivals and departures; Bible texts; accounting techniques; canon law; collect mail; comply with legal regulations; disseminate messages to people; energy conservation; ensure equipment availability; ensure private property security,2019,1109.704,2022,324.313,-0.7077481923107424,2019,12299.033,2019,12299.033,0,FALSE
KEN,Kenya,51,Personal service workers,516,Other personal services workers,5161,"Astrologers, fortune-tellers and related workers",4,0.02341215756957677,0.05,0,maintain customer service; manage personal professional development; prospect new customers; rhetoric; develop professional network; give advice on personal matters; maintain privacy of service users; occultism; use consulting techniques; assess character,2019,1109.704,2022,324.313,-0.7077481923107424,2019,12299.033,2019,12299.033,0,FALSE
KEN,Kenya,51,Personal service workers,516,Other personal services workers,5162,Companions and valets,1,0.02341215756957677,0,0,accompany people; clean rooms; clean surfaces; communicate with customers; empathise with the healthcare user; iron textiles; keep company; listen actively; make the beds; prepare ready-made dishes,2019,1109.704,2022,324.313,-0.7077481923107424,2019,12299.033,2019,12299.033,0,FALSE
KEN,Kenya,51,Personal service workers,516,Other personal services workers,5163,Undertakers and embalmers,4,0.02341215756957677,0,0,promote human rights; show diplomacy; administer appointments; advise on funeral services; apply health and safety standards; cooperate with funeral directors; greet guests; maintain customer service; maintain inventory of tools; maintain personal hygiene standards,2019,1109.704,2022,324.313,-0.7077481923107424,2019,12299.033,2019,12299.033,0,FALSE
KEN,Kenya,51,Personal service workers,516,Other personal services workers,5164,Pet groomers and animal care workers,15,0.02341215756957677,0.002564102564102564,0,monitor the welfare of animals; control animal movement; animal welfare legislation; apply animal hygiene practices; assess animal behaviour; provide first aid to animals; signs of animal illness; animal behaviour; animal welfare; manage animal biosecurity,2019,1109.704,2022,324.313,-0.7077481923107424,2019,12299.033,2019,12299.033,0,FALSE
KEN,Kenya,51,Personal service workers,516,Other personal services workers,5165,Driving instructors,6,0.02341215756957677,0.035377689942907325,0,adapt teaching to student's capabilities; apply teaching strategies; assist students in their learning; curriculum objectives; encourage students to acknowledge their achievements; give constructive feedback; guarantee students' safety; health and safety measures in transportation; interpret traffic signals; monitor developments in field of expertise,2019,1109.704,2022,324.313,-0.7077481923107424,2019,12299.033,2019,12299.033,0,FALSE
KEN,Kenya,51,Personal service workers,516,Other personal services workers,5169,Personal services workers not elsewhere classified,3,0.02341215756957677,0,0,maintain customer service; maintain relationship with customers; accompany people; advise on dating; assess character; assist VIP guests; assist customers; assist guest departure; deal with aggressive behaviour; develop professional network,2019,1109.704,2022,324.313,-0.7077481923107424,2019,12299.033,2019,12299.033,0,FALSE
KEN,Kenya,52,Sales workers,521,Street and market salespersons,5211,Stall and market salespersons,1,0.0259136212624584,0,0,adapt to different weather conditions; arrange permit for market stall; assist customers; consumer protection; guarantee customer satisfaction; maintain work area cleanliness; operate cash register; organise product display; process payments; product comprehension,2019,761.171,2022,565.718,-0.2567793570695679,2019,12299.033,2019,12299.033,0,TRUE
KEN,Kenya,52,Sales workers,521,Street and market salespersons,5212,Street food salespersons,1,0.0259136212624584,0,0,adapt to different weather conditions; arrange permit for market stall; assist customers; consumer protection; execute chilling processes to food products; food authentication techniques; food legislation; food storage; guarantee customer satisfaction; maintain work area cleanliness,2019,761.171,2022,565.718,-0.2567793570695679,2019,12299.033,2019,12299.033,0,FALSE
KEN,Kenya,52,Sales workers,522,Shop salespersons,5221,Shop keepers,1,0.00193234765819965,0.04,0,analyse data for policy decisions in trade; build business relationships; commercial law; control of expenses; develop business case; ensure compliance with purchasing and contracting regulations; guarantee customer satisfaction; handle financial overviews of the store; identify suppliers; implement marketing strategies,2019,761.171,2022,565.718,-0.2567793570695679,2019,12299.033,2019,12299.033,0,FALSE
KEN,Kenya,52,Sales workers,522,Shop salespersons,5222,Shop supervisors,2,0.00193234765819965,0.025,0,apply company policies; control of expenses; manage budgets; manage staff; monitor customer service; oversee promotional sales prices; recruit employees; train employees; create solutions to problems; develop financial statistics reports,2019,761.171,2022,565.718,-0.2567793570695679,2019,12299.033,2019,12299.033,0,FALSE
KEN,Kenya,52,Sales workers,522,Shop salespersons,5223,Shop sales assistants,44,0.00193234765819965,0.042371819955421414,0,identify customer's needs; provide customer follow-up services; characteristics of products; characteristics of services; carry out order intake; examine merchandise; guarantee customer satisfaction; operate cash register; organise product display; process refunds,2019,761.171,2022,565.718,-0.2567793570695679,2019,12299.033,2019,12299.033,0,FALSE
KEN,Kenya,52,Sales workers,523,Cashiers and ticket clerks,5230,Cashiers and ticket clerks,3,0,0.015873015873015872,0,apply numeracy skills; operate cash register; process payments; communicate with customers; issue sales invoices; process refunds; provide customer follow-up services; use different communication channels; assist clients with special needs; cancellation policies of service providers,2019,761.171,2022,565.718,-0.2567793570695679,2019,12299.033,2019,12299.033,0,FALSE
KEN,Kenya,52,Sales workers,524,Other sales workers,5241,Fashion and other models,2,0.00156739811912225,0,0,attend castings; harmonise body movements; maintain an artistic portfolio; maintain personal hygiene standards; pose in front of a camera; adapt to artists' creative demands; collaborate on costume and make-up for performances; define artistic vision; develop professional network; express yourself physically,2019,761.171,2022,565.718,-0.2567793570695679,2019,12299.033,2019,12299.033,0,FALSE
KEN,Kenya,52,Sales workers,524,Other sales workers,5242,Sales demonstrators,1,0.00156739811912225,0,0,assist customers; characteristics of products; characteristics of services; demonstrate products' features; ensure client orientation; ensure product preparation; establish customer rapport; hand out product samples; keep promotions records; maintain work area cleanliness,2019,761.171,2022,565.718,-0.2567793570695679,2019,12299.033,2019,12299.033,0,FALSE
KEN,Kenya,52,Sales workers,524,Other sales workers,5243,Door to door salespersons,1,0.00156739811912225,0,0,achieve sales targets; adapt to different weather conditions; apply health and safety standards; assist customers; carry out active selling; demonstrate products' features; ensure client orientation; guarantee customer satisfaction; identify customer's needs; implement customer follow-up,2019,761.171,2022,565.718,-0.2567793570695679,2019,12299.033,2019,12299.033,0,FALSE
KEN,Kenya,52,Sales workers,524,Other sales workers,5244,Contact centre salespersons,1,0.00156739811912225,0.17647058823529413,0,adapt to changing situations; characteristics of products; characteristics of services; communicate by telephone; create solutions to problems; credit card payments; guarantee customer satisfaction; handle tasks independently; have computer literacy; keep task records,2019,761.171,2022,565.718,-0.2567793570695679,2019,12299.033,2019,12299.033,0,FALSE
KEN,Kenya,52,Sales workers,524,Other sales workers,5245,Service station attendants,1,0.00156739811912225,0.03125,0,apply numeracy skills; calculate fuel sales from pumps; carry out active selling; carry out order intake; carry out products preparation; characteristics of products; characteristics of services; demonstrate products' features; e-commerce systems; ensure compliance with legal requirements,2019,761.171,2022,565.718,-0.2567793570695679,2019,12299.033,2019,12299.033,0,FALSE
KEN,Kenya,52,Sales workers,524,Other sales workers,5246,Food service counter attendants,2,0.00156739811912225,0,0,comply with food safety and hygiene; clean kitchen equipment; ensure food quality; execute opening and closing procedures; follow hygienic procedures during food processing; follow procedures to control substances hazardous to health; food allergies; food authentication techniques; food legislation; food preservation,2019,761.171,2022,565.718,-0.2567793570695679,2019,12299.033,2019,12299.033,0,FALSE
KEN,Kenya,52,Sales workers,524,Other sales workers,5249,Sales workers not elsewhere classified,14,0.00156739811912225,0.08809099802888623,0,have computer literacy; achieve sales targets; apply numeracy skills; communicate with customers; financial capability; handle rental overdues; identify customer's needs; perform multiple tasks at the same time; process data; process payments,2019,761.171,2022,565.718,-0.2567793570695679,2019,12299.033,2019,12299.033,0,FALSE
KEN,Kenya,53,Personal care workers,531,Child care workers and teachers’ aides,5311,Child care workers,6,0,0,0,communicate with youth; supervise children; maintain relations with children's parents; attend to children's basic physical needs; play with children; workplace sanitation; assist children in developing personal skills; assist children with homework; handle chemical cleaning agents; adhere to organisational guidelines,2021,491.412,2022,570.004,0.15993097441657925,2019,12299.033,2019,12299.033,0,TRUE
KEN,Kenya,53,Personal care workers,531,Child care workers and teachers’ aides,5312,Teachers’ aides,4,0,0,0,assist students in their learning; encourage students to acknowledge their achievements; give constructive feedback; guarantee students' safety; handle children's problems; perform playground surveillance; provide lesson materials; provide teacher support; support children's wellbeing; support the positiveness of youths,2021,491.412,2022,570.004,0.15993097441657925,2019,12299.033,2019,12299.033,0,FALSE
KEN,Kenya,53,Personal care workers,532,Personal care workers in health services,5321,Health care assistants,2,0.00277777777777776,0.03125,0,accept own accountability; advise on healthcare users' informed consent; communicate with nursing staff; comply with legislation related to health care; comply with quality standards related to healthcare practice; contribute to continuity of health care; empathise with the healthcare user; ensure safety of healthcare users; follow clinical guidelines; identify abnormalities,2021,491.412,2022,570.004,0.15993097441657925,2019,12299.033,2019,12299.033,0,FALSE
KEN,Kenya,53,Personal care workers,532,Personal care workers in health services,5322,Home-based personal care workers,1,0.00277777777777776,0,0,accompany people; apply first response; assist clients with special needs; assist disable passengers; assist social service users with physical disabilities; buy groceries; disability care; disability types; evaluate older adults' ability to take care of themselves; first response,2021,491.412,2022,570.004,0.15993097441657925,2019,12299.033,2019,12299.033,0,FALSE
KEN,Kenya,53,Personal care workers,532,Personal care workers in health services,5329,Personal care workers in health services not elsewhere classified,3,0.00277777777777776,0.02188034188034188,0,communicate in healthcare; comply with legislation related to health care; use technical equipment for sterilisation; adhere to organisational guidelines; comply with quality standards related to healthcare practice; ensure safety of healthcare users; follow clinical guidelines; human anatomy; hygiene in a health care setting; infection control,2021,491.412,2022,570.004,0.15993097441657925,2019,12299.033,2019,12299.033,0,FALSE
KEN,Kenya,54,Protective services workers,541,Protective services workers,5411,Fire-fighters,5,0.03605328963784841,0,0,ensure public safety and security; extinguish fires; fire prevention procedures; fire safety regulations; fire-fighting systems; first aid; hydraulics; manage emergency care situations; manage major incidents; use different types of fire extinguishers,2021,130.57,2022,57.654,-0.5584437466493068,2019,12299.033,2019,12299.033,0,TRUE
KEN,Kenya,54,Protective services workers,541,Protective services workers,5412,Police officers,1,0.03605328963784841,0,0,apply first response; comply with legal regulations; comply with the principles of self-defence; detain offenders; ensure compliance with types of weapons; ensure law application; first response; handle case evidence; identify security threats; instruct public,2021,130.57,2022,57.654,-0.5584437466493068,2019,12299.033,2019,12299.033,0,FALSE
KEN,Kenya,54,Protective services workers,541,Protective services workers,5413,Prison guards,2,0.03605328963784841,0,0,correctional procedures; escort defendants; identify security threats; illegal substances; law enforcement; legal use-of-force; patrol areas; restrain individuals; undertake inspections; apply knowledge of human behaviour,2021,130.57,2022,57.654,-0.5584437466493068,2019,12299.033,2019,12299.033,0,FALSE
KEN,Kenya,54,Protective services workers,541,Protective services workers,5414,Security guards,10,0.03605328963784841,0.03408882783882784,0,identify security threats; liaise with security authorities; practice vigilance; security threats; detain offenders; ensure public safety and security; perform security checks; comply with the principles of self-defence; check official documents; check tickets at venue entry,2021,130.57,2022,57.654,-0.5584437466493068,2019,12299.033,2019,12299.033,0,FALSE
KEN,Kenya,54,Protective services workers,541,Protective services workers,5419,Protective services workers not elsewhere classified,10,0.03605328963784841,0.007692307692307693,0,patrol areas; animal welfare legislation; assist emergency services; comply with legal regulations; control crowd; ensure law application; ensure public safety and security; escort pedestrians across streets; estimate damage; first aid,2021,130.57,2022,57.654,-0.5584437466493068,2019,12299.033,2019,12299.033,0,FALSE
KEN,Kenya,61,Market-oriented skilled agricultural workers,611,Market gardeners and crop growers,6111,Field crop and vegetable growers,1,0.22778924553140897,0,0,agroecology; agroforestry; agronomical production principles; assign duties to agriculture workers; crop production principles; ecology; ensure soil fertility; environmental legislation in agriculture and forestry; execute disease and pest control activities; execute fertilisation,2019,5136.59,2022,5438.566,0.05878919672389653,2019,4461.003,2019,4461.003,0,TRUE
KEN,Kenya,61,Market-oriented skilled agricultural workers,611,Market gardeners and crop growers,6112,Tree and shrub crop growers,7,0.22778924553140897,0.009065934065934065,0,supervise hygiene procedures in agricultural settings; environmental legislation in agriculture and forestry; health and safety regulations; pest control in plants; control grape quality; execute disease and pest control activities; execute fertilisation; fertilisation principles; monitor winemaking process; operate hand pruning equipment,2019,5136.59,2022,5438.566,0.05878919672389653,2019,4461.003,2019,4461.003,0,FALSE
KEN,Kenya,61,Market-oriented skilled agricultural workers,611,Market gardeners and crop growers,6113,"Gardeners, horticultural and nursery growers",6,0.22778924553140897,0.00803329461866047,0,execute disease and pest control activities; pest control in plants; plant disease control; plant species; environmental legislation in agriculture and forestry; horticulture principles; grow plants; perform pest control; perform weed control operations; prepare planting area,2019,5136.59,2022,5438.566,0.05878919672389653,2019,4461.003,2019,4461.003,0,FALSE
KEN,Kenya,61,Market-oriented skilled agricultural workers,611,Market gardeners and crop growers,6114,Mixed crop growers,1,0.22778924553140897,0,0,agroforestry; agronomical production principles; assign duties to agriculture workers; crop production principles; cultivate crops for biomass; ecology; ensure soil fertility; environmental legislation in agriculture and forestry; execute disease and pest control activities; fertilisation principles,2019,5136.59,2022,5438.566,0.05878919672389653,2019,4461.003,2019,4461.003,0,FALSE
KEN,Kenya,61,Market-oriented skilled agricultural workers,612,Animal producers,6121,Livestock and dairy producers,6,0.01883830035487628,0,0,animal welfare legislation; assist animal birth; livestock species; manage livestock; provide nutrition to animals; select livestock; administer drugs to facilitate breeding; administer treatment to animals; animal nutrition; apply animal hygiene practices,2019,5136.59,2022,5438.566,0.05878919672389653,2019,4461.003,2019,4461.003,0,FALSE
KEN,Kenya,61,Market-oriented skilled agricultural workers,612,Animal producers,6122,Poultry producers,2,0.01883830035487628,0,0,animal welfare legislation; apply animal hygiene practices; administer drugs to facilitate breeding; administer treatment to animals; animal nutrition; assist animal birth; assist in transportation of animals; biosecurity; breed poultry; care for juvenile animals,2019,5136.59,2022,5438.566,0.05878919672389653,2019,4461.003,2019,4461.003,0,FALSE
KEN,Kenya,61,Market-oriented skilled agricultural workers,612,Animal producers,6123,Apiarists and sericulturists,1,0.01883830035487628,0,0,administer drugs to facilitate breeding; administer treatment to animals; animal nutrition; animal welfare legislation; apply animal hygiene practices; assist in transportation of animals; breed insects; care for juvenile animals; control animal movement; create animal records,2019,5136.59,2022,5438.566,0.05878919672389653,2019,4461.003,2019,4461.003,0,FALSE
KEN,Kenya,61,Market-oriented skilled agricultural workers,612,Animal producers,6129,Animal producers not elsewhere classified,1,0.01883830035487628,0,0,administer drugs to facilitate breeding; administer treatment to animals; animal nutrition; animal welfare legislation; apply animal hygiene practices; assist animal birth; assist in transportation of animals; breed rabbits; care for juvenile animals; control animal movement,2019,5136.59,2022,5438.566,0.05878919672389653,2019,4461.003,2019,4461.003,0,FALSE
KEN,Kenya,61,Market-oriented skilled agricultural workers,613,Mixed crop and animal producers,6130,Mixed crop and animal producers,2,0.26986076986076946,0,0,agricultural business management; agronomical production principles; assign duties to agriculture workers; manage farm supplies; operate farm equipment; supervise hygiene procedures in agricultural settings; assess new farming technologies; crop production principles; cultivate crops for biomass; drive agricultural machines,2019,5136.59,2022,5438.566,0.05878919672389653,2019,4461.003,2019,4461.003,0,FALSE
KEN,Kenya,62,"Market-oriented skilled forestry, fishery and hunting workers",621,Forestry and related workers,6210,Forestry and related workers,1,0.512195121951219,0,0,"assist forest visitors; de-limb trees; develop forestry strategies; enforce park rules; environmental legislation; forest conservation; habitat restoration; health, safety and hygiene legislation; make decisions regarding forestry management; monitor forest health",2019,30.285,2022,7.175,-0.7630840350008254,2019,4461.003,2019,4461.003,0,TRUE
KEN,Kenya,62,"Market-oriented skilled forestry, fishery and hunting workers",622,"Fishery workers, hunters and trappers",6221,Aquaculture workers,11,0.08570595233870197,0.02938579671897505,0,fish biology; control aquatic production environment; ensure aquaculture personnel health and safety; monitor fish health status; preserve fish samples for diagnosis; apply fish treatments; biosecurity; carry out preparations for fish disease specialist; collect broodstock; monitor aquaculture feeding behaviour,2019,30.285,2022,7.175,-0.7630840350008254,2019,4461.003,2019,4461.003,0,FALSE
KEN,Kenya,62,"Market-oriented skilled forestry, fishery and hunting workers",622,"Fishery workers, hunters and trappers",6222,Inland and coastal waters fishery workers,1,0.08570595233870197,0.06818181818181818,0,Global Maritime Distress and Safety System; International Convention for the Prevention of Pollution from Ships; apply fishing maneuvres; assess stability of vessels; assess trim of vessels; assessment of risks and threats; code of Conduct for Responsible Fisheries; communicate using the global maritime distress and safety system; conduct water navigation; coordinate fire fighting,2019,30.285,2022,7.175,-0.7630840350008254,2019,4461.003,2019,4461.003,0,FALSE
KEN,Kenya,62,"Market-oriented skilled forestry, fishery and hunting workers",622,"Fishery workers, hunters and trappers",6223,Deep-sea fishery workers,3,0.08570595233870197,0.044466403162055336,0,code of Conduct for Responsible Fisheries; deterioration of fish products; fisheries legislation; fishing gear; international regulations for preventing collisions at sea; maintain safe navigation watches; quality of fish products; risks associated with undertaking fishing operations; support vessel manoeuvres; swim,2019,30.285,2022,7.175,-0.7630840350008254,2019,4461.003,2019,4461.003,0,FALSE
KEN,Kenya,62,"Market-oriented skilled forestry, fishery and hunting workers",622,"Fishery workers, hunters and trappers",6224,Hunters and trappers,1,0.08570595233870197,0,0,European firearms-control legislation; acquire licences for the use of weapons; animal hunting; camouflage; comply with wildlife hazard management programmes; dispose of dead animals; ensure compliance with environmental legislation; hunt animals; manage game management plans; monitor wildlife,2019,30.285,2022,7.175,-0.7630840350008254,2019,4461.003,2019,4461.003,0,FALSE
KEN,Kenya,71,"Building and related trades workers, excluding electricians",711,Building frame and related trades workers,7111,House builders,1,0.06856303087856466,0,0,building codes; building materials industry; check compatibility of materials; check construction compliance; create floor plan template; create smooth wood surface; design floor; follow health and safety procedures in construction; follow safety procedures when working at heights; inspect concrete structures,2019,407.654,2022,157.906,-0.6126469996614776,2019,8422.325,2019,8422.325,0,TRUE
KEN,Kenya,71,"Building and related trades workers, excluding electricians",711,Building frame and related trades workers,7112,Bricklayers and related workers,1,0.06856303087856466,0,0,check straightness of brick; discharge cement; finish mortar joints; follow health and safety procedures in construction; follow safety procedures when working at heights; inspect construction supplies; install construction profiles; interpret 2D plans; interpret 3D plans; lay bricks,2019,407.654,2022,157.906,-0.6126469996614776,2019,8422.325,2019,8422.325,0,FALSE
KEN,Kenya,71,"Building and related trades workers, excluding electricians",711,Building frame and related trades workers,7113,"Stonemasons, stone cutters, splitters and carvers",2,0.06856303087856466,0,0,inspect stone surface; adjust cut sizes; building codes; clean engraved areas; cool workpiece; create cutting plan; engrave patterns; ensure equipment availability; follow health and safety procedures in construction; inspect construction supplies,2019,407.654,2022,157.906,-0.6126469996614776,2019,8422.325,2019,8422.325,0,FALSE
KEN,Kenya,71,"Building and related trades workers, excluding electricians",711,Building frame and related trades workers,7114,"Concrete placers, concrete finishers and related workers",2,0.06856303087856466,0,0,follow health and safety procedures in construction; screed concrete; transport construction supplies; use measurement instruments; work ergonomically; apply proofing membranes; blast surface; clean wood surface; grind terrazzo; grout terrazzo,2019,407.654,2022,157.906,-0.6126469996614776,2019,8422.325,2019,8422.325,0,FALSE
KEN,Kenya,71,"Building and related trades workers, excluding electricians",711,Building frame and related trades workers,7115,Carpenters and joiners,7,0.06856303087856466,0,0,follow health and safety procedures in construction; inspect construction supplies; use measurement instruments; use safety equipment in construction; work ergonomically; apply wood finishes; install construction profiles; interpret 2D plans; interpret 3D plans; manipulate glass,2019,407.654,2022,157.906,-0.6126469996614776,2019,8422.325,2019,8422.325,0,FALSE
KEN,Kenya,71,"Building and related trades workers, excluding electricians",711,Building frame and related trades workers,7119,Building frame and related trades workers not elsewhere classified,5,0.06856303087856466,0,0,work ergonomically; follow health and safety procedures in construction; follow safety procedures when working at heights; use safety equipment in construction; work in a construction team; build scaffolding; construct working platform; inspect construction supplies; use technical documentation; assemble performance equipment,2019,407.654,2022,157.906,-0.6126469996614776,2019,8422.325,2019,8422.325,0,FALSE
KEN,Kenya,71,"Building and related trades workers, excluding electricians",712,Building finishers and related trades workers,7121,Roofers,1,0.11520213049441053,0,0,apply roll roofing; construct wood roofs; follow health and safety procedures in construction; follow safety procedures when working at heights; inspect construction supplies; inspect roofs; install gutters; install insulation material; install roof flashing; interpret 2D plans,2019,407.654,2022,157.906,-0.6126469996614776,2019,8422.325,2019,8422.325,0,FALSE
KEN,Kenya,71,"Building and related trades workers, excluding electricians",712,Building finishers and related trades workers,7122,Floor layers and tile setters,4,0.11520213049441053,0,0,follow health and safety procedures in construction; inspect construction supplies; transport construction supplies; use measurement instruments; work ergonomically; interpret 2D plans; interpret 3D plans; lay underlayment; apply floor adhesive; create floor plan template,2019,407.654,2022,157.906,-0.6126469996614776,2019,8422.325,2019,8422.325,0,FALSE
KEN,Kenya,71,"Building and related trades workers, excluding electricians",712,Building finishers and related trades workers,7123,Plasterers,2,0.11520213049441053,0,0,follow health and safety procedures in construction; inspect construction supplies; place drywall; transport construction supplies; use measurement instruments; work ergonomically; apply adhesive wall coating; apply proofing membranes; clean painting equipment; cut wall chases,2019,407.654,2022,157.906,-0.6126469996614776,2019,8422.325,2019,8422.325,0,FALSE
KEN,Kenya,71,"Building and related trades workers, excluding electricians",712,Building finishers and related trades workers,7124,Insulation workers,1,0.11520213049441053,0,0,airtight construction; apply adhesive wall coating; apply house wrap; apply insulation strips; apply proofing membranes; cut insulation material to size; energy conservation; environmental indoor quality; follow health and safety procedures in construction; follow safety procedures when working at heights,2019,407.654,2022,157.906,-0.6126469996614776,2019,8422.325,2019,8422.325,0,FALSE
KEN,Kenya,71,"Building and related trades workers, excluding electricians",712,Building finishers and related trades workers,7125,Glaziers,2,0.11520213049441053,0,0,adjust glass sheets; apply health and safety standards; apply primer; clean vehicle exterior; cut glass; examine damaged windshields; follow health and safety procedures in construction; handle broken glass sheets; inspect construction supplies; inspect glass sheet,2019,407.654,2022,157.906,-0.6126469996614776,2019,8422.325,2019,8422.325,0,FALSE
KEN,Kenya,71,"Building and related trades workers, excluding electricians",712,Building finishers and related trades workers,7126,Plumbers and pipe fitters,14,0.11520213049441053,0.006493506493506495,0,use measurement instruments; follow health and safety procedures in construction; apply health and safety standards; inspect construction supplies; use safety equipment in construction; work ergonomically; check water pressure; detect flaws in pipeline infrastructure; inspect pipelines; lay pipe installation,2019,407.654,2022,157.906,-0.6126469996614776,2019,8422.325,2019,8422.325,0,FALSE
KEN,Kenya,71,"Building and related trades workers, excluding electricians",712,Building finishers and related trades workers,7127,Air conditioning and refrigeration mechanics,1,0.11520213049441053,0,0,"apply proofing membranes; conduct routine machinery checks; consult technical resources; domestic cooling systems; electric heating systems; electrical wiring plans; electricity; fluid mechanics; heating, ventilation, air conditioning and refrigeration parts; hydraulics",2019,407.654,2022,157.906,-0.6126469996614776,2019,8422.325,2019,8422.325,0,FALSE
KEN,Kenya,71,"Building and related trades workers, excluding electricians",713,"Painters, building structure cleaners and related trades workers",7131,Painters and related workers,3,0.14748897100146108,0,0,clean painting equipment; dispose of hazardous waste; dispose of non-hazardous waste; follow health and safety procedures in construction; inspect construction supplies; protect surfaces during construction work; remove paint; snap chalk line; transport construction supplies; types of paint,2019,407.654,2022,157.906,-0.6126469996614776,2019,8422.325,2019,8422.325,0,FALSE
KEN,Kenya,71,"Building and related trades workers, excluding electricians",713,"Painters, building structure cleaners and related trades workers",7132,Spray painters and varnishers,3,0.14748897100146108,0,0,ensure equipment availability; quality standards; apply health and safety standards; apply preliminary treatment to workpieces; apply spraying techniques; dispose of hazardous waste; health and safety in the workplace; keep records of work progress; lacquer paint applications; remove inadequate workpieces,2019,407.654,2022,157.906,-0.6126469996614776,2019,8422.325,2019,8422.325,0,FALSE
KEN,Kenya,71,"Building and related trades workers, excluding electricians",713,"Painters, building structure cleaners and related trades workers",7133,Building structure cleaners,5,0.14748897100146108,0,0,assess contamination; avoid contamination; remove contaminants; use personal protection equipment; check chimney's conditions; cleaning industry health and safety measures; contamination exposure regulations; disinfect surfaces; domestic heating systems; enforce safety procedures when working at heights,2019,407.654,2022,157.906,-0.6126469996614776,2019,8422.325,2019,8422.325,0,FALSE
KEN,Kenya,72,"Metal, machinery and related trades workers",721,"Sheet and structural metal workers, moulders and welders, and related workers",7211,Metal moulders and coremakers,4,0.01130206012488514,0,0,troubleshoot; assemble metal parts; construct moulds; ensure mould uniformity; fill moulds; handle metal work orders; insert mould structures; maintain moulds; move filled moulds; repair mould defects,2019,283.589,2022,276.597,-0.02465539918685146,2019,8422.325,2019,8422.325,0,TRUE
KEN,Kenya,72,"Metal, machinery and related trades workers",721,"Sheet and structural metal workers, moulders and welders, and related workers",7212,Welders and flamecutters,8,0.01130206012488514,0.05226474305421673,0,ensure equipment availability; operate welding equipment; types of metal; apply precision metalworking techniques; ensure correct metal temperature; monitor gauge; perform test run; quality standards; remove processed workpiece; wear appropriate protective gear,2019,283.589,2022,276.597,-0.02465539918685146,2019,8422.325,2019,8422.325,0,FALSE
KEN,Kenya,72,"Metal, machinery and related trades workers",721,"Sheet and structural metal workers, moulders and welders, and related workers",7213,Sheet-metal workers,4,0.01130206012488514,0.020833333333333336,0,types of metal; wear appropriate protective gear; apply arc welding techniques; apply precision metalworking techniques; ensure correct metal temperature; manufacturing of heating equipment; operate precision measuring equipment; perform test run; smooth burred surfaces; align components,2019,283.589,2022,276.597,-0.02465539918685146,2019,8422.325,2019,8422.325,0,FALSE
KEN,Kenya,72,"Metal, machinery and related trades workers",721,"Sheet and structural metal workers, moulders and welders, and related workers",7214,Structural-metal preparers and erectors,4,0.01130206012488514,0,0,align components; apply health and safety standards; follow health and safety procedures in construction; prepare pieces for joining; rivet types; types of metal; use power tools; use safety equipment in construction; adjust engineering designs; apply arc welding techniques,2019,283.589,2022,276.597,-0.02465539918685146,2019,8422.325,2019,8422.325,0,FALSE
KEN,Kenya,72,"Metal, machinery and related trades workers",721,"Sheet and structural metal workers, moulders and welders, and related workers",7215,Riggers and cable splicers,7,0.01130206012488514,0.019789734075448363,0,work ergonomically; follow safety procedures when working at heights; use personal protection equipment; use technical documentation; work safely with machines; work with respect for own safety; assemble performance equipment; assemble truss constructions; organise resources for artistic production; store performance equipment,2019,283.589,2022,276.597,-0.02465539918685146,2019,8422.325,2019,8422.325,0,FALSE
KEN,Kenya,72,"Metal, machinery and related trades workers",722,"Blacksmiths, toolmakers and related trades workers",7221,"Blacksmiths, hammersmiths and forging press workers",5,0.01545513066338908,0.058333333333333334,0,ensure correct metal temperature; forging processes; types of metal; wear appropriate protective gear; ensure equipment availability; monitor automated machines; perform test run; quality standards; remove inadequate workpieces; remove processed workpiece,2019,283.589,2022,276.597,-0.02465539918685146,2019,8422.325,2019,8422.325,0,FALSE
KEN,Kenya,72,"Metal, machinery and related trades workers",722,"Blacksmiths, toolmakers and related trades workers",7222,Toolmakers and related workers,5,0.01545513066338908,0.06153846153846153,0,consult technical resources; maintain customer service; mechanics; operate precision measuring equipment; perform test run; precision mechanics; read standard blueprints; accurise guns; adjust cut sizes; apply bluing techniques,2019,283.589,2022,276.597,-0.02465539918685146,2019,8422.325,2019,8422.325,0,FALSE
KEN,Kenya,72,"Metal, machinery and related trades workers",722,"Blacksmiths, toolmakers and related trades workers",7223,Metal working machine tool setters and operators,34,0.01545513066338908,0.13135154061014717,0,remove processed workpiece; supply machine; remove inadequate workpieces; ensure equipment availability; monitor automated machines; quality standards; perform test run; troubleshoot; types of metal; set up the controller of a machine,2019,283.589,2022,276.597,-0.02465539918685146,2019,8422.325,2019,8422.325,0,FALSE
KEN,Kenya,72,"Metal, machinery and related trades workers",722,"Blacksmiths, toolmakers and related trades workers",7224,"Metal polishers, wheel grinders and tool sharpeners",2,0.01545513066338908,0.06904761904761905,0,ensure equipment availability; quality standards; remove inadequate workpieces; remove processed workpiece; apply polishing lubricants; apply precision metalworking techniques; buffing motions; consult technical resources; cutting technologies; dispose of cutting waste material,2019,283.589,2022,276.597,-0.02465539918685146,2019,8422.325,2019,8422.325,0,FALSE
KEN,Kenya,72,"Metal, machinery and related trades workers",723,Machinery mechanics and repairers,7231,Motor vehicle mechanics and repairers,10,0.01611311173153204,0.01859774212715389,0,car controls; perform technical tasks with great care; types of vehicles; apply health and safety standards; maintain work area cleanliness; perform manual work autonomously; carry out repairs and maintenance of vehicle bodies; execute working instructions; follow procedures to control substances hazardous to health; identify vehicles service requirements,2019,283.589,2022,276.597,-0.02465539918685146,2019,8422.325,2019,8422.325,0,FALSE
KEN,Kenya,72,"Metal, machinery and related trades workers",723,Machinery mechanics and repairers,7232,Aircraft engine mechanics and repairers,5,0.01611311173153204,0.04617405582922825,0,use technical documentation; aircraft mechanics; common aviation safety regulations; mechanics; read engineering drawings; read standard blueprints; wear appropriate protective gear; airport safety regulations; electromechanics; engine components,2019,283.589,2022,276.597,-0.02465539918685146,2019,8422.325,2019,8422.325,0,FALSE
KEN,Kenya,72,"Metal, machinery and related trades workers",723,Machinery mechanics and repairers,7233,Agricultural and industrial machinery mechanics and repairers,17,0.01611311173153204,0.03063725490196078,0,mechanics; conduct routine machinery checks; operate soldering equipment; resolve equipment malfunctions; perform test run; use testing equipment; consult technical resources; record test data; read standard blueprints; troubleshoot,2019,283.589,2022,276.597,-0.02465539918685146,2019,8422.325,2019,8422.325,0,FALSE
KEN,Kenya,72,"Metal, machinery and related trades workers",723,Machinery mechanics and repairers,7234,Bicycle and related repairers,1,0.01611311173153204,0,0,apply company policies; assemble bicycles; bicycle mechanics; maintain braking system; maintain customer service; maintain equipment; maintain work area cleanliness; perform repairs on bicycles; purchase supplies; replace defect components,2019,283.589,2022,276.597,-0.02465539918685146,2019,8422.325,2019,8422.325,0,FALSE
KEN,Kenya,73,Handicraft and printing workers,731,Handicraft workers,7311,Precision-instrument makers and repairers,6,0.01271097259454932,0.015716374269005847,0,operate precision measuring equipment; quality standards; use precision tools; attach clock cases; attach clock dials; attach clock hands; blueprints; components of clocks; cut glass; ensure conformity to specifications,2019,44.501,2022,26.421,-0.4062830048762949,2019,8422.325,2019,8422.325,0,TRUE
KEN,Kenya,73,Handicraft and printing workers,731,Handicraft workers,7312,Musical instrument makers and tuners,13,0.01271097259454932,0.002958579881656804,0,maintain musical instruments; repair musical instruments; assemble musical instrument parts; musical instruments; musical instruments materials; apply a protective layer; create musical instrument parts; tuning techniques; metalworking; decorate musical instruments,2019,44.501,2022,26.421,-0.4062830048762949,2019,8422.325,2019,8422.325,0,FALSE
KEN,Kenya,73,Handicraft and printing workers,731,Handicraft workers,7313,Jewellery and precious-metal workers,10,0.01271097259454932,0,0,jewellery processes; use jewellery equipment; clean jewellery pieces; ensure conformance to jewel design specifications; create jewellery; mount stones in jewels; adjust jewellery; heat jewellery metals; select gems for jewellery; select metals for jewellery,2019,44.501,2022,26.421,-0.4062830048762949,2019,8422.325,2019,8422.325,0,FALSE
KEN,Kenya,73,Handicraft and printing workers,731,Handicraft workers,7314,Potters and related workers,3,0.01271097259454932,0.05555555555555555,0,types of pottery material; extract products from moulds; inspect quality of products; materials in porcelain manufacturing; materials used in stoneware manufacturing; quality standards; adjust clay burning level; apply glaze coating; ceramics glazes; conform with clay thickness,2019,44.501,2022,26.421,-0.4062830048762949,2019,8422.325,2019,8422.325,0,FALSE
KEN,Kenya,73,Handicraft and printing workers,731,Handicraft workers,7315,"Glass makers, cutters, grinders and finishers",2,0.01271097259454932,0.0625,0,cut glass; manipulate glass; adjust glass sheets; consult technical resources; create artwork; design objects to be crafted; design stained glass; ensure equipment availability; feed mirror machine; inspect glass sheet,2019,44.501,2022,26.421,-0.4062830048762949,2019,8422.325,2019,8422.325,0,FALSE
KEN,Kenya,73,Handicraft and printing workers,731,Handicraft workers,7316,"Sign writers, decorative painters, engravers and etchers",8,0.01271097259454932,0.01785714285714286,0,articulate artistic proposal; contextualise artistic work; create artwork; create original paintings; create sketches; develop visual elements; gather reference materials for artwork; intellectual property law; select artistic materials to create artworks; submit preliminary artwork,2019,44.501,2022,26.421,-0.4062830048762949,2019,8422.325,2019,8422.325,0,FALSE
KEN,Kenya,73,Handicraft and printing workers,731,Handicraft workers,7317,"Handicraft workers in wood, basketry and related materials",6,0.01271097259454932,0.01388888888888889,0,apply a protective layer; apply wood finishes; check quality of raw materials; maintain edged hand tools; manipulate wood; operate wood sawing equipment; prepare wicker material for weaving; sand wood; types of brushes; types of wood,2019,44.501,2022,26.421,-0.4062830048762949,2019,8422.325,2019,8422.325,0,FALSE
KEN,Kenya,73,Handicraft and printing workers,731,Handicraft workers,7318,"Handicraft workers in textile, leather and related materials",6,0.01271097259454932,0.024955436720142603,0,cut textiles; properties of textile materials; types of textile fibres; use textile technique for hand-made products; control textile process; manufacture textile floor coverings; produce textile designs; textile measurement; textile techniques; textile technologies,2019,44.501,2022,26.421,-0.4062830048762949,2019,8422.325,2019,8422.325,0,FALSE
KEN,Kenya,73,Handicraft and printing workers,731,Handicraft workers,7319,Handicraft workers not elsewhere classified,2,0.01271097259454932,0,0,advise on equipment maintenance; arrange equipment repairs; candle making techniques; construct moulds; control temperature; cool candles in baths; create solutions to problems; drip candles; dye candles; ensure conformity to specifications,2019,44.501,2022,26.421,-0.4062830048762949,2019,8422.325,2019,8422.325,0,FALSE
KEN,Kenya,73,Handicraft and printing workers,732,Printing trades workers,7321,Pre-press technicians,7,0.00303562285129105,0.38445251471595443,0,follow safety precautions in printing; printing techniques; Adobe Illustrator; Adobe Photoshop; GIMP (graphics editor software); Microsoft Visio; SketchBook Pro; Synfig; graphics editor software; lay out digital written content,2019,44.501,2022,26.421,-0.4062830048762949,2019,8422.325,2019,8422.325,0,FALSE
KEN,Kenya,73,Handicraft and printing workers,732,Printing trades workers,7322,Printers,10,0.00303562285129105,0.19079710494184177,0,follow safety precautions in printing; quality standards; supply machine; follow production schedule; monitor automated machines; perform test run; set up the controller of a machine; troubleshoot; printing on large scale machines; printing techniques,2019,44.501,2022,26.421,-0.4062830048762949,2019,8422.325,2019,8422.325,0,FALSE
KEN,Kenya,73,Handicraft and printing workers,732,Printing trades workers,7323,Print finishing and binding workers,4,0.00303562285129105,0.10952380952380952,0,monitor automated machines; quality standards; supply machine; troubleshoot; adjust cut sizes; follow production schedule; follow safety precautions in printing; lift stacks of paper; perform test run; set up machine controls,2019,44.501,2022,26.421,-0.4062830048762949,2019,8422.325,2019,8422.325,0,FALSE
KEN,Kenya,74,Electrical and electronic trades workers,741,Electrical equipment installers and repairers,7411,Building and related electricians,7,0.06502773427562798,0.03818018435444353,0,electrical wiring plans; electricity; inspect electrical supplies; install electrical and electronic equipment; follow health and safety procedures in construction; use measurement instruments; work ergonomically; building systems monitoring technology; install electric switches; install electricity sockets,2019,414.018,2022,27.924,-0.932553657087373,2019,8422.325,2019,8422.325,0,TRUE
KEN,Kenya,74,Electrical and electronic trades workers,741,Electrical equipment installers and repairers,7412,Electrical mechanics and fitters,13,0.06502773427562798,0.03479460921709076,0,electricity; electronics; mechanics; troubleshoot; apply health and safety standards; electrical wiring plans; wear appropriate protective gear; maintain electrical equipment; perform test run; read standard blueprints,2019,414.018,2022,27.924,-0.932553657087373,2019,8422.325,2019,8422.325,0,FALSE
KEN,Kenya,74,Electrical and electronic trades workers,741,Electrical equipment installers and repairers,7413,Electrical line installers and repairers,4,0.06502773427562798,0,0,electric current; electrical discharge; electrical power safety regulations; inspect underground power cables; install power lines; repair underground power cables; transmission towers; wear appropriate protective gear; work ergonomically; electricity,2019,414.018,2022,27.924,-0.932553657087373,2019,8422.325,2019,8422.325,0,FALSE
KEN,Kenya,74,Electrical and electronic trades workers,742,Electronics and telecommunications installers and repairers,7421,Electronics mechanics and servicers,9,0.01465056716826975,0.19586551630568322,0,electronics; electrical wiring plans; maintain customer service; apply company policies; apply health and safety standards; create solutions to problems; maintain equipment; provide customer follow-up services; provide customer information related to repairs; repair equipment on site,2019,414.018,2022,27.924,-0.932553657087373,2019,8422.325,2019,8422.325,0,FALSE
KEN,Kenya,74,Electrical and electronic trades workers,742,Electronics and telecommunications installers and repairers,7422,Information and communications technology installers and servicers,9,0.01465056716826975,0.4239486557856011,0,install electronic communication equipment; use repair manuals; electronics; install low voltage wiring; operate two-way radio systems; perform test run; repair wiring; solder electronics; ICT communications protocols; ICT network cable limitations,2019,414.018,2022,27.924,-0.932553657087373,2019,8422.325,2019,8422.325,0,FALSE
KEN,Kenya,75,"Food processing, wood working, garment and other craft and related trades workers",751,Food processing and related trades workers,7511,"Butchers, fishmongers and related food preparers",10,0.04821580473725603,0,0,apply GMP; apply HACCP; ensure sanitation; apply requirements concerning manufacturing of food and beverages; mark differences in colours; tolerate strong smells; animal anatomy for food production; process livestock organs; maintain cutting equipment; split animal carcasses,2021,196.206,2022,158.664,-0.1913397143818232,2019,8422.325,2019,8422.325,0,TRUE
KEN,Kenya,75,"Food processing, wood working, garment and other craft and related trades workers",751,Food processing and related trades workers,7512,"Bakers, pastry-cooks and confectionery makers",5,0.04821580473725603,0,0,apply GMP; apply HACCP; apply requirements concerning manufacturing of food and beverages; care for food aesthetic; ensure correct use of bakery equipment; knead food products; monitor temperature in farinaceous processes; operate mixing of food products; work according to recipe; administer ingredients in food production,2021,196.206,2022,158.664,-0.1913397143818232,2019,8422.325,2019,8422.325,0,FALSE
KEN,Kenya,75,"Food processing, wood working, garment and other craft and related trades workers",751,Food processing and related trades workers,7513,Dairy-products makers,2,0.04821580473725603,0,0,apply requirements concerning manufacturing of food and beverages; dairy manufacturing specifications; follow hygienic procedures during food processing; food safety principles; adhere to organisational guidelines; administer ingredients in food production; analyse characteristics of food products at reception; apply GMP; apply HACCP; be at ease in unsafe environments,2021,196.206,2022,158.664,-0.1913397143818232,2019,8422.325,2019,8422.325,0,FALSE
KEN,Kenya,75,"Food processing, wood working, garment and other craft and related trades workers",751,Food processing and related trades workers,7514,"Fruit, vegetable and related preservers",2,0.04821580473725603,0,0,apply GMP; apply HACCP; apply requirements concerning manufacturing of food and beverages; clean waste materials from machines; crush seeds; manage moisture of seeds; oil seed process; pump products; tend equipment for oil extraction; tend mixing oil machine,2021,196.206,2022,158.664,-0.1913397143818232,2019,8422.325,2019,8422.325,0,FALSE
KEN,Kenya,75,"Food processing, wood working, garment and other craft and related trades workers",751,Food processing and related trades workers,7515,Food and beverage tasters and graders,5,0.04821580473725603,0.016666666666666666,0,apply requirements concerning manufacturing of food and beverages; apply GMP; apply HACCP; food and beverage industry; perform sensory evaluation of food products; coffee characteristics; evaluate coffee characteristics; grade coffee beans; handle flammable substances; mitigate waste of resources,2021,196.206,2022,158.664,-0.1913397143818232,2019,8422.325,2019,8422.325,0,FALSE
KEN,Kenya,75,"Food processing, wood working, garment and other craft and related trades workers",751,Food processing and related trades workers,7516,Tobacco preparers and tobacco products makers,3,0.04821580473725603,0,0,apply GMP; apply HACCP; apply requirements concerning manufacturing of food and beverages; assess nicotine levels in tobacco leaves; assess sugar levels in tobacco leaves; assess the colour curing of tobacco leaves; curing methods for tobacco leaves; manufacturing of smoked tobacco products; manufacturing of smokeless tobacco products; variety of tobacco leaves,2021,196.206,2022,158.664,-0.1913397143818232,2019,8422.325,2019,8422.325,0,FALSE
KEN,Kenya,75,"Food processing, wood working, garment and other craft and related trades workers",752,"Wood treaters, cabinet-makers and related trades workers",7521,Wood treaters,2,0.02627546711371912,0.03333333333333333,0,stack timber; types of wood; wear appropriate protective gear; wood moisture content; acclimatise timber; apply wood kiln drying technologies; clean wood surface; construction products; control kiln firing; dry wood,2021,196.206,2022,158.664,-0.1913397143818232,2019,8422.325,2019,8422.325,0,FALSE
KEN,Kenya,75,"Food processing, wood working, garment and other craft and related trades workers",752,"Wood treaters, cabinet-makers and related trades workers",7522,Cabinet-makers and related workers,6,0.02627546711371912,0.04189814814814815,0,apply a protective layer; sand wood; create smooth wood surface; types of wood; clean wood surface; join wood elements; operate wood sawing equipment; technical drawings; apply wood finishes; create furniture frames,2021,196.206,2022,158.664,-0.1913397143818232,2019,8422.325,2019,8422.325,0,FALSE
KEN,Kenya,75,"Food processing, wood working, garment and other craft and related trades workers",752,"Wood treaters, cabinet-makers and related trades workers",7523,Woodworking-machine tool setters and operators,6,0.02627546711371912,0.0952959077959078,0,quality standards; work safely with machines; monitor automated machines; remove inadequate workpieces; remove processed workpiece; set up the controller of a machine; supply machine; types of wood; wear appropriate protective gear; dispose of cutting waste material,2021,196.206,2022,158.664,-0.1913397143818232,2019,8422.325,2019,8422.325,0,FALSE
KEN,Kenya,75,"Food processing, wood working, garment and other craft and related trades workers",753,Garment and related trades workers,7531,"Tailors, dressmakers, furriers and hatters",6,0.03390955403762691,0.031512605042016806,0,sew pieces of fabric; cut fabrics; distinguish accessories; distinguish fabrics; manufacture wearing apparel products; adapt to artists' creative demands; alter wearing apparel; apparel manufacturing technology; buttonholing; design wearing apparel,2021,196.206,2022,158.664,-0.1913397143818232,2019,8422.325,2019,8422.325,0,FALSE
KEN,Kenya,75,"Food processing, wood working, garment and other craft and related trades workers",753,Garment and related trades workers,7532,Garment and related pattern-makers and cutters,7,0.03390955403762691,0.19563492063492063,0,CAD for garment manufacturing; create patterns for garments; make technical drawings of fashion pieces; standard sizing systems for clothing; coordinate manufacturing production activities; distinguish accessories; distinguish fabrics; grade patterns for wearing apparel; manufacturing of wearing apparel; prepare production prototypes,2021,196.206,2022,158.664,-0.1913397143818232,2019,8422.325,2019,8422.325,0,FALSE
KEN,Kenya,75,"Food processing, wood working, garment and other craft and related trades workers",753,Garment and related trades workers,7533,"Sewing, embroidery and related workers",5,0.03390955403762691,0.04038461538461539,0,apparel manufacturing technology; decorate textile articles; distinguish accessories; distinguish fabrics; manufacture wearing apparel products; manufacturing of made-up textile articles; manufacturing of wearing apparel; operate garment manufacturing machines; sew pieces of fabric; sew textile-based articles,2021,196.206,2022,158.664,-0.1913397143818232,2019,8422.325,2019,8422.325,0,FALSE
KEN,Kenya,75,"Food processing, wood working, garment and other craft and related trades workers",753,Garment and related trades workers,7534,Upholsterers and related workers,7,0.03390955403762691,0,0,fasten components; upholstery tools; align components; apply health and safety standards; apply preliminary treatment to workpieces; quality standards; read engineering drawings; read standard blueprints; troubleshoot; use power tools,2021,196.206,2022,158.664,-0.1913397143818232,2019,8422.325,2019,8422.325,0,FALSE
KEN,Kenya,75,"Food processing, wood working, garment and other craft and related trades workers",753,Garment and related trades workers,7535,"Pelt dressers, tanners and fellmongers",2,0.03390955403762691,0.05,0,adapt to changing situations; execute working instructions; identify with the company's goals; physico-chemical properties of hides and skins; use communication techniques; work in textile manufacturing teams; apply colouring recipes; differentiate nuance of colours; identify defects on raw hides; leather chemistry,2021,196.206,2022,158.664,-0.1913397143818232,2019,8422.325,2019,8422.325,0,FALSE
KEN,Kenya,75,"Food processing, wood working, garment and other craft and related trades workers",753,Garment and related trades workers,7536,Shoemakers and related workers,13,0.03390955403762691,0.05090326340326341,0,footwear quality; footwear components; footwear materials; apply stitching techniques; footwear manufacturing technology; apply pre-stitching techniques; apply assembling techniques for cemented footwear construction; apply basic rules of maintenance to leather goods and footwear machinery; apply footwear finishing techniques; create patterns for footwear,2021,196.206,2022,158.664,-0.1913397143818232,2019,8422.325,2019,8422.325,0,FALSE
KEN,Kenya,75,"Food processing, wood working, garment and other craft and related trades workers",754,Other craft and related workers,7541,Underwater divers,3,0.02737551453457856,0,0,maintain diving equipment; check diving equipment; comply with legal requirements for diving operations; comply with the planned time for the depth of the dive; diving equipment; diving operation requirements; implement dive plans; interrupt diving operations when necessary; perform diving interventions; apply crisis management,2021,196.206,2022,158.664,-0.1913397143818232,2019,8422.325,2019,8422.325,0,FALSE
KEN,Kenya,75,"Food processing, wood working, garment and other craft and related trades workers",754,Other craft and related workers,7542,Shotfirers and blasters,1,0.02737551453457856,0,0,check borehole depth; connect blasting circuit; electricity; examine area after blast; examine prospective blast area; explosives; follow health and safety procedures in construction; handle explosives; insert charges into drill holes; make independent operating decisions,2021,196.206,2022,158.664,-0.1913397143818232,2019,8422.325,2019,8422.325,0,FALSE
KEN,Kenya,75,"Food processing, wood working, garment and other craft and related trades workers",754,Other craft and related workers,7543,Product graders and testers (excluding foods and beverages),28,0.02737551453457856,0.03445437948008714,0,inspect quality of products; quality assurance procedures; quality standards; conduct performance tests; monitor manufacturing quality standards; operate precision measuring equipment; read standard blueprints; use testing equipment; create solutions to problems; manage health and safety standards,2021,196.206,2022,158.664,-0.1913397143818232,2019,8422.325,2019,8422.325,0,FALSE
KEN,Kenya,75,"Food processing, wood working, garment and other craft and related trades workers",754,Other craft and related workers,7544,Fumigators and other pest and weed controllers,2,0.02737551453457856,0,0,European pesticide legislation; chemical products; herbicides; pesticides; safe use of pesticides; spray pesticides; use personal protection equipment; agricultural chemicals; clean equipment; communicate with customers,2021,196.206,2022,158.664,-0.1913397143818232,2019,8422.325,2019,8422.325,0,FALSE
KEN,Kenya,81,Stationary plant and machine operators,811,Mining and mineral processing plant operators,8111,Miners and quarriers,5,0.0270231657831206,0,0,troubleshoot; address problems critically; impact of geological factors on mining operations; operate mining tools; perform minor repairs to equipment; work ergonomically; health and safety hazards underground; operate hydraulic pumps; check borehole depth; chemistry,2019,36.629,2022,15.548,-0.5755275874307242,2019,13334.306,2019,13334.306,0,TRUE
KEN,Kenya,81,Stationary plant and machine operators,811,Mining and mineral processing plant operators,8112,Mineral and stone processing plant operators,4,0.0270231657831206,0.017857142857142856,0,troubleshoot; maneuver stone blocks; quality standards; supply machine; types of stone for working; measure materials; remove processed workpiece; supply machine with appropriate tools; collect samples; conduct inter-shift communication,2019,36.629,2022,15.548,-0.5755275874307242,2019,13334.306,2019,13334.306,0,FALSE
KEN,Kenya,81,Stationary plant and machine operators,811,Mining and mineral processing plant operators,8113,Well drillers and borers and related workers,9,0.0270231657831206,0,0,mechanics; react to events in time-critical environments; use rigging equipment; work ergonomically; work in drilling teams; connect oil well heads; guide drill pipes; inspect water wells; install oil rig; keep task records,2019,36.629,2022,15.548,-0.5755275874307242,2019,13334.306,2019,13334.306,0,FALSE
KEN,Kenya,81,Stationary plant and machine operators,811,Mining and mineral processing plant operators,8114,"Cement, stone and other mineral products machine operators",8,0.0270231657831206,0.02361111111111111,0,maintain moulds; supply machine; apply health and safety standards; cast concrete sections; discharge cement; feed concrete mixer; follow standards for machinery safety; measure materials; mix concrete; operate concrete casting machine,2019,36.629,2022,15.548,-0.5755275874307242,2019,13334.306,2019,13334.306,0,FALSE
KEN,Kenya,81,Stationary plant and machine operators,812,Metal processing and finishing plant operators,8121,Metal processing plant operators,7,0.01545588405239368,0.10209583833533413,0,monitor automated machines; quality standards; supply machine; troubleshoot; ensure equipment availability; monitor moving workpiece in a machine; perform test run; remove inadequate workpieces; remove processed workpiece; set up the controller of a machine,2019,36.629,2022,15.548,-0.5755275874307242,2019,13334.306,2019,13334.306,0,FALSE
KEN,Kenya,81,Stationary plant and machine operators,812,Metal processing and finishing plant operators,8122,"Metal finishing, plating and coating machine operators",12,0.01545588405239368,0.032667555326224056,0,ensure equipment availability; quality standards; remove inadequate workpieces; remove processed workpiece; wear appropriate protective gear; supply machine; types of metal; smooth burred surfaces; troubleshoot; health and safety in the workplace,2019,36.629,2022,15.548,-0.5755275874307242,2019,13334.306,2019,13334.306,0,FALSE
KEN,Kenya,81,Stationary plant and machine operators,813,Chemical and photographic products plant and machine operators,8131,Chemical products plant and machine operators,30,0.06593899038113922,0.01353091353091353,0,optimise production processes parameters; monitor valves; prepare chemical samples; write batch record documentation; measure chemical substance viscosity; troubleshoot; apply health and safety standards; control temperature; transfer chemicals; wear appropriate protective gear,2019,36.629,2022,15.548,-0.5755275874307242,2019,13334.306,2019,13334.306,0,FALSE
KEN,Kenya,81,Stationary plant and machine operators,813,Chemical and photographic products plant and machine operators,8132,Photographic products machine operators,2,0.06593899038113922,0.07738095238095238,0,develop film; handle chemicals; identify customer's needs; monitor film development baths; mount photographic film in processing machine; photographic processing techniques; post-processing of photographs; quality standards; remove film negatives from processing machine; remove photographic film from camera,2019,36.629,2022,15.548,-0.5755275874307242,2019,13334.306,2019,13334.306,0,FALSE
KEN,Kenya,81,Stationary plant and machine operators,814,"Rubber, plastic and paper products machine operators",8141,Rubber products machine operators,12,0.02013798876118745,0,0,measure materials; use personal protection equipment; operate latex transfer pump; optimise production processes parameters; process latex mixtures; adjust the rubber machines; analyse latex samples; apply health and safety standards; avoid contamination; bond rubber plies,2019,36.629,2022,15.548,-0.5755275874307242,2019,13334.306,2019,13334.306,0,FALSE
KEN,Kenya,81,Stationary plant and machine operators,814,"Rubber, plastic and paper products machine operators",8142,Plastic products machine operators,15,0.02013798876118745,0.11089698972051913,0,quality standards; set up the controller of a machine; troubleshoot; monitor automated machines; consult technical resources; optimise production processes parameters; use personal protection equipment; monitor gauge; supply machine; coating substances,2019,36.629,2022,15.548,-0.5755275874307242,2019,13334.306,2019,13334.306,0,FALSE
KEN,Kenya,81,Stationary plant and machine operators,814,"Rubber, plastic and paper products machine operators",8143,Paper products machine operators,8,0.02013798876118745,0.13181897759103642,0,monitor automated machines; perform test run; quality standards; supply machine; troubleshoot; wear appropriate protective gear; work safely with machines; set up the controller of a machine; monitor conveyor belt; types of paper,2019,36.629,2022,15.548,-0.5755275874307242,2019,13334.306,2019,13334.306,0,FALSE
KEN,Kenya,81,Stationary plant and machine operators,815,"Textile, fur and leather products machine operators",8151,"Fibre preparing, spinning and winding machine operators",7,0.02489694577654824,0.011904761904761904,0,tend spinning machines; measure yarn count; maintain work standards; adjust filament tension; convert textile fibres into sliver; cut filament; maintain equipment; manufacture staple yarns; set the operation speed of manufacturing machines; set up machine controls,2019,36.629,2022,15.548,-0.5755275874307242,2019,13334.306,2019,13334.306,0,FALSE
KEN,Kenya,81,Stationary plant and machine operators,815,"Textile, fur and leather products machine operators",8152,Weaving and knitting machine operators,8,0.02489694577654824,0.04261363636363637,0,control textile process; maintain work standards; evaluate textile characteristics; knitting machine technology; manufacture knitted textiles; manufacture textile floor coverings; manufacture weft knitted fabrics; measure yarn count; tend weaving machines; textile techniques,2019,36.629,2022,15.548,-0.5755275874307242,2019,13334.306,2019,13334.306,0,FALSE
KEN,Kenya,81,Stationary plant and machine operators,815,"Textile, fur and leather products machine operators",8153,Sewing machine operators,6,0.02489694577654824,0.01388888888888889,0,manufacture wearing apparel products; apparel manufacturing technology; distinguish accessories; distinguish fabrics; manufacturing of made-up textile articles; manufacturing of wearing apparel; sew textile-based articles; alter wearing apparel; coordinate manufacturing production activities; cut fabrics,2019,36.629,2022,15.548,-0.5755275874307242,2019,13334.306,2019,13334.306,0,FALSE
KEN,Kenya,81,Stationary plant and machine operators,815,"Textile, fur and leather products machine operators",8154,"Bleaching, dyeing and fabric cleaning machine operators",4,0.02489694577654824,0,0,dyeing technology; maintain work standards; textile chemistry; textile finishing technology; textile printing technology; apply colouring recipes; finish processing of man-made fibres; properties of textile materials; tend textile dyeing machines; use textile finishing machine technologies,2019,36.629,2022,15.548,-0.5755275874307242,2019,13334.306,2019,13334.306,0,FALSE
KEN,Kenya,81,Stationary plant and machine operators,815,"Textile, fur and leather products machine operators",8155,Fur and leather preparing machine operators,3,0.02489694577654824,0.023809523809523808,0,adapt to changing situations; execute working instructions; identify with the company's goals; use communication techniques; work in textile manufacturing teams; apply colouring recipes; prepare colour mixtures; spray finishing technology; apply basic rules of maintenance to leather goods and footwear machinery; characteristics of chemicals used for tanning,2019,36.629,2022,15.548,-0.5755275874307242,2019,13334.306,2019,13334.306,0,FALSE
KEN,Kenya,81,Stationary plant and machine operators,815,"Textile, fur and leather products machine operators",8156,Shoemaking and related machine operators,11,0.02489694577654824,0.05162110616656072,0,footwear components; footwear equipments; footwear machinery; footwear materials; footwear quality; footwear manufacturing technology; apply basic rules of maintenance to leather goods and footwear machinery; leather goods components; leather goods manufacturing processes; leather goods materials,2019,36.629,2022,15.548,-0.5755275874307242,2019,13334.306,2019,13334.306,0,FALSE
KEN,Kenya,81,Stationary plant and machine operators,815,"Textile, fur and leather products machine operators",8157,Laundry machine operators,3,0.02489694577654824,0,0,quality standards; collect items for laundry service; distinguish accessories; distinguish fabrics; handle linen in stock; identify cloth items; iron textiles; maintain customer service; read care labels; analyse goal progress,2019,36.629,2022,15.548,-0.5755275874307242,2019,13334.306,2019,13334.306,0,FALSE
KEN,Kenya,81,Stationary plant and machine operators,815,"Textile, fur and leather products machine operators",8159,"Textile, fur and leather products machine operators not elsewhere classified",8,0.02489694577654824,0.036616161616161616,0,control textile process; measure yarn count; properties of textile materials; braiding technology; develop specifications of technical textiles; distinguish accessories; distinguish fabrics; maintain work standards; nonwoven machine technology; sew textile-based articles,2019,36.629,2022,15.548,-0.5755275874307242,2019,13334.306,2019,13334.306,0,FALSE
KEN,Kenya,81,Stationary plant and machine operators,816,Food and related products machine operators,8160,Food and related products machine operators,55,0.05091408691222567,0.003533889620846141,0,apply GMP; apply HACCP; apply requirements concerning manufacturing of food and beverages; adhere to organisational guidelines; be at ease in unsafe environments; clean food and beverage machinery; carry out checks of production plant equipment; follow hygienic procedures during food processing; collect samples for analysis; ensure sanitation,2019,36.629,2022,15.548,-0.5755275874307242,2019,13334.306,2019,13334.306,0,FALSE
KEN,Kenya,81,Stationary plant and machine operators,817,Wood processing and papermaking plant operators,8171,Pulp and papermaking plant operators,8,0.04680097235478809,0.13195031555132172,0,set up the controller of a machine; wear appropriate protective gear; work safely with machines; monitor automated machines; quality standards; supply machine; types of pulp; troubleshoot; types of paper; concentrate pulp slurry,2019,36.629,2022,15.548,-0.5755275874307242,2019,13334.306,2019,13334.306,0,FALSE
KEN,Kenya,81,Stationary plant and machine operators,817,Wood processing and papermaking plant operators,8172,Wood processing plant operators,11,0.04680097235478809,0.0850753524550316,0,supply machine; troubleshoot; wear appropriate protective gear; work safely with machines; perform test run; quality standards; types of wood; adjust cut sizes; dispose of cutting waste material; remove inadequate workpieces,2019,36.629,2022,15.548,-0.5755275874307242,2019,13334.306,2019,13334.306,0,FALSE
KEN,Kenya,81,Stationary plant and machine operators,818,Other stationary plant and machine operators,8181,Glass and ceramics plant operators,12,0.05775032185448479,0.044152212166918045,0,optimise production processes parameters; measure materials; observe products' behaviour under processing conditions; inspect quality of products; monitor automated machines; quality standards; set up the controller of a machine; troubleshoot; consult technical resources; maintain furnace temperature,2019,36.629,2022,15.548,-0.5755275874307242,2019,13334.306,2019,13334.306,0,FALSE
KEN,Kenya,81,Stationary plant and machine operators,818,Other stationary plant and machine operators,8182,Steam engine and boiler operators,2,0.05775032185448479,0.041666666666666664,0,"monitor valves; adjust cylinder valves; conduct routine machinery checks; control steam flows; domestic cooling systems; heating, ventilation, air conditioning and refrigeration parts; hydraulics; mechanics; monitor automated machines; monitor gauge",2019,36.629,2022,15.548,-0.5755275874307242,2019,13334.306,2019,13334.306,0,FALSE
KEN,Kenya,81,Stationary plant and machine operators,818,Other stationary plant and machine operators,8183,"Packing, bottling and labelling machine operators",7,0.05775032185448479,0.006802721088435372,0,apply GMP; apply HACCP; apply requirements concerning manufacturing of food and beverages; check quality of products on the production line; work in conveyor belts in food manufacturing; carry out checks of production plant equipment; check quality of raw materials; clean food and beverage machinery; dispose non-food waste within the food industry; follow hygienic procedures during food processing,2019,36.629,2022,15.548,-0.5755275874307242,2019,13334.306,2019,13334.306,0,FALSE
KEN,Kenya,81,Stationary plant and machine operators,818,Other stationary plant and machine operators,8189,Stationary plant and machine operators not elsewhere classified,2,0.05775032185448479,0.03571428571428571,0,check quality of raw materials; dispose of cutting waste material; ensure conformity to specifications; ensure public safety and security; check quality of products on the production line; consult technical resources; edge banding; maintain edge banding machinery; maintain slitting machinery; measure parts of manufactured products,2019,36.629,2022,15.548,-0.5755275874307242,2019,13334.306,2019,13334.306,0,FALSE
KEN,Kenya,82,Assemblers,821,Assemblers,8211,Mechanical machinery assemblers,11,0.01819938293611257,0.02183111006640418,0,align components; quality standards; read standard blueprints; troubleshoot; fasten components; mechanics; use technical documentation; apply health and safety standards; read engineering drawings; use power tools,2019,217.431,2022,9.834,-0.9547718586586089,2019,13334.306,2019,13334.306,0,TRUE
KEN,Kenya,82,Assemblers,821,Assemblers,8212,Electrical and electronic equipment assemblers,14,0.01819938293611257,0.05505301928864341,0,read assembly drawings; ensure conformity to specifications; meet deadlines; quality standards; report defective manufacturing materials; align components; electronics; fasten components; remove defective products; measure parts of manufactured products,2019,217.431,2022,9.834,-0.9547718586586089,2019,13334.306,2019,13334.306,0,FALSE
KEN,Kenya,82,Assemblers,821,Assemblers,8219,Assemblers not elsewhere classified,11,0.01819938293611257,0.028122843340234644,0,quality standards; fasten components; use technical documentation; align components; assemble metal parts; perform pre-assembly quality checks; troubleshoot; apply a protective layer; apply health and safety standards; ensure conformity to specifications,2019,217.431,2022,9.834,-0.9547718586586089,2019,13334.306,2019,13334.306,0,FALSE
KEN,Kenya,83,Drivers and mobile plant operators,831,Locomotive engine drivers and related workers,8311,Locomotive engine drivers,1,0,0,0,act with a high level of safety awareness; adjust weight of cargo to capacity of freight transport vehicles; check train engines; communicate with customers; control train movement; ensure maintenance of trains; ensure trains run to schedule; focus on passengers; follow signalling instructions; handle stressful situations in the work place,2019,711.727,2022,28.877,-0.9594268588939299,2019,13334.306,2019,13334.306,0,TRUE
KEN,Kenya,83,Drivers and mobile plant operators,831,Locomotive engine drivers and related workers,8312,"Railway brake, signal and switch operators",5,0,0.042676767676767674,0,enforce railway safety regulations; execute working instructions; operate railway switches; shunt inbound loads; shunt outbound loads; apply signalling control procedures; comply with railway safety standards; cooperate with colleagues; ensure compliance with railway regulation; follow switching instructions in rail operations,2019,711.727,2022,28.877,-0.9594268588939299,2019,13334.306,2019,13334.306,0,FALSE
KEN,Kenya,83,Drivers and mobile plant operators,832,"Car, van and motorcycle drivers",8321,Motorcycle drivers,1,0.01135488070566978,0.07692307692307693,0,act reliably; analyse travel alternatives; communicate with customers; differentiate types of packages; drive in urban areas; drive two-wheeled vehicles; ensure the integrity of mail; establish daily priorities; geographic areas; interpret traffic signals,2019,711.727,2022,28.877,-0.9594268588939299,2019,13334.306,2019,13334.306,0,FALSE
KEN,Kenya,83,Drivers and mobile plant operators,832,"Car, van and motorcycle drivers",8322,"Car, taxi and van drivers",7,0.01135488070566978,0.06291898577612863,0,drive vehicles; interpret traffic signals; road traffic laws; assist passengers; communicate with customers; follow verbal instructions; lift heavy weights; maintain vehicle appearance; control the performance of the vehicle; drive in urban areas,2019,711.727,2022,28.877,-0.9594268588939299,2019,13334.306,2019,13334.306,0,FALSE
KEN,Kenya,83,Drivers and mobile plant operators,833,Heavy truck and bus drivers,8331,Bus and tram drivers,3,0.05384530095698256,0.051511318114733674,0,adhere to transportation work schedule; apply conflict management; assist disable passengers; assist passengers; clean road vehicles; communicate clearly with passengers; communicate with customers; drive in urban areas; ensure vehicle operability; ensure vehicles are equipped with accessibility equipment,2019,711.727,2022,28.877,-0.9594268588939299,2019,13334.306,2019,13334.306,0,FALSE
KEN,Kenya,83,Drivers and mobile plant operators,833,Heavy truck and bus drivers,8332,Heavy truck and lorry drivers,9,0.05384530095698256,0.03377425044091711,0,drive vehicles; manoeuvre heavy trucks; operate GPS systems; interpret traffic signals; mechanical components of vehicles; vehicle cargo capacity; anticipate foreseeable problems on the road; control the performance of the vehicle; ensure vehicle operability; health and safety measures in transportation,2019,711.727,2022,28.877,-0.9594268588939299,2019,13334.306,2019,13334.306,0,FALSE
KEN,Kenya,83,Drivers and mobile plant operators,834,Mobile plant operators,8341,Mobile farm and forestry plant operators,3,0.05317763757088714,0,0,advise client on technical possibilities; agronomy; assess felled timber quality; assess felled timber volume; carry out routine maintenance of wood cutting machinery; crop production principles; de-limb trees; drive agricultural machines; drive timber machine; evaluate employees work,2019,711.727,2022,28.877,-0.9594268588939299,2019,13334.306,2019,13334.306,0,FALSE
KEN,Kenya,83,Drivers and mobile plant operators,834,Mobile plant operators,8342,Earthmoving and related plant operators,10,0.05317763757088714,0.03236111111111111,0,follow health and safety procedures in construction; use safety equipment in construction; work ergonomically; prevent damage to utility infrastructure; react to events in time-critical environments; inspect construction sites; keep heavy construction equipment in good condition; mechanical systems; mechanical tools; drive mobile heavy construction equipment,2019,711.727,2022,28.877,-0.9594268588939299,2019,13334.306,2019,13334.306,0,FALSE
KEN,Kenya,83,Drivers and mobile plant operators,834,Mobile plant operators,8343,"Crane, hoist and related plant operators",5,0.05317763757088714,0.01176470588235294,0,crane load charts; follow health and safety procedures in construction; follow safety procedures when working at heights; inspect construction sites; inspect crane equipment; interpret 2D plans; interpret 3D plans; keep heavy construction equipment in good condition; mechanical systems; operate cranes,2019,711.727,2022,28.877,-0.9594268588939299,2019,13334.306,2019,13334.306,0,FALSE
KEN,Kenya,83,Drivers and mobile plant operators,834,Mobile plant operators,8344,Lifting truck operators,1,0.05317763757088714,0.0625,0,apply company policies; apply techniques for stacking goods into containers; carry out stock rotation; conduct forklift inspections; ensure compliance with environmental legislation; estimate distances; execute working instructions; follow procedures to control substances hazardous to health; follow signalling instructions; follow stock control instructions,2019,711.727,2022,28.877,-0.9594268588939299,2019,13334.306,2019,13334.306,0,FALSE
KEN,Kenya,83,Drivers and mobile plant operators,835,Ships’ deck crews and related workers,8350,Ships’ deck crews and related workers,7,0.03167317083573239,0.02965684839776849,0,moor vessels; unmoor vessels; secure ships using rope; assist anchoring operations; clean parts of vessels; clean ships; follow verbal instructions; maintain vessel engine room; swim; use different types of fire extinguishers,2019,711.727,2022,28.877,-0.9594268588939299,2019,13334.306,2019,13334.306,0,FALSE
KEN,Kenya,91,Cleaners and helpers,911,"Domestic, hotel and office cleaners and helpers",9111,Domestic cleaners and helpers,1,0.05135124486805573,0,0,clean glass surfaces; clean household linens; clean rooms; clean surfaces; clean toilet facilities; cleaning techniques; ensure cleanliness of food preparation area; handle chemical cleaning agents; iron textiles; maintain cleaning equipment,2019,1637.623,2022,2009.53,0.22710171999294093,2019,4808.743,2019,4808.743,0,TRUE
KEN,Kenya,91,Cleaners and helpers,911,"Domestic, hotel and office cleaners and helpers",9112,"Cleaners and helpers in offices, hotels and other establishments",6,0.05135124486805573,0,0,perform cleaning duties; clean glass surfaces; cleaning industry health and safety measures; follow organisational guidelines in the cleaning industry; handle chemical cleaning agents; maintain cleaning equipment; maintain customer service; maintain inventory of cleaning supplies; manage routine waste; inform on toilet facilities malfunctions,2019,1637.623,2022,2009.53,0.22710171999294093,2019,4808.743,2019,4808.743,0,FALSE
KEN,Kenya,91,Cleaners and helpers,912,"Vehicle, window, laundry and other hand cleaning workers",9121,Hand launderers and pressers,2,0.04422573743694427,0,0,alter wearing apparel; clean household linens; collect items for laundry service; comply with food safety and hygiene; coordinate manufacturing production activities; distinguish accessories; distinguish fabrics; handle linen in stock; iron textiles; maintain inventory of cleaning supplies,2019,1637.623,2022,2009.53,0.22710171999294093,2019,4808.743,2019,4808.743,0,FALSE
KEN,Kenya,91,Cleaners and helpers,912,"Vehicle, window, laundry and other hand cleaning workers",9122,Vehicle cleaners,1,0.04422573743694427,0,0,car cleaning procedures; car controls; clean equipment; clean vehicle engine; clean vehicle exterior; clean vehicle interiors; ensure vehicle preparation for pick-up; execute working instructions; follow procedures to control substances hazardous to health; handle chemical cleaning agents,2019,1637.623,2022,2009.53,0.22710171999294093,2019,4808.743,2019,4808.743,0,FALSE
KEN,Kenya,91,Cleaners and helpers,912,"Vehicle, window, laundry and other hand cleaning workers",9123,Window cleaners,1,0.04422573743694427,0,0,clean glass surfaces; cleaning industry health and safety measures; complete report sheets of activity; dispose of non-hazardous waste; follow organisational guidelines in the cleaning industry; follow procedures to control substances hazardous to health; follow reporting procedures; handle chemical cleaning agents; maintain cleaning equipment; maintain inventory of cleaning supplies,2019,1637.623,2022,2009.53,0.22710171999294093,2019,4808.743,2019,4808.743,0,FALSE
KEN,Kenya,91,Cleaners and helpers,912,"Vehicle, window, laundry and other hand cleaning workers",9129,Other cleaning workers,4,0.04422573743694427,0,0,clean public areas; handle chemical cleaning agents; maintain cleaning equipment; amusement park emergency procedures; apply health and safety standards; clean amusement park facilities; clean glass surfaces; clean particular areas manually; clean sewerage systems; cleaning techniques,2019,1637.623,2022,2009.53,0.22710171999294093,2019,4808.743,2019,4808.743,0,FALSE
KEN,Kenya,92,"Agricultural, forestry and fishery labourers",921,"Agricultural, forestry and fishery labourers",9211,Crop farm labourers,2,0.11374943663873564,0.03571428571428571,0,apply health and safety when picking; carry picking work aids; drive agricultural machines; execute fertilisation; harvest crop; harvest grapes; manage canopy; manage data; operate hand pruning equipment; participate in vine maintenance,2019,4403.629,2022,1727.973,-0.607602502390642,2019,4808.743,2019,4808.743,0,TRUE
KEN,Kenya,92,"Agricultural, forestry and fishery labourers",921,"Agricultural, forestry and fishery labourers",9212,Livestock farm labourers,4,0.11374943663873564,0.015625,0,animal welfare legislation; assist animal birth; biology; control animal movement; maintain pastures; maintain the farm; animal nutrition; breed stock; breed-specific behaviour of horses; clean stalls,2019,4403.629,2022,1727.973,-0.607602502390642,2019,4808.743,2019,4808.743,0,FALSE
KEN,Kenya,92,"Agricultural, forestry and fishery labourers",921,"Agricultural, forestry and fishery labourers",9213,Mixed crop and livestock farm labourers,1,0.11374943663873564,0,0,agroforestry; cultivate crops for biomass; drive agricultural machines; execute disease and pest control activities; execute fertilisation; grow plants; harvest crop; maintain storage facilities; manage crop rotation; monitor fields,2019,4403.629,2022,1727.973,-0.607602502390642,2019,4808.743,2019,4808.743,0,FALSE
KEN,Kenya,92,"Agricultural, forestry and fishery labourers",921,"Agricultural, forestry and fishery labourers",9214,Garden and horticultural labourers,2,0.11374943663873564,0,0,grow plants; nurse plants; prepare planting area; propagate plants; prune plants; use gardening equipment; drive agricultural machines; execute fertilisation; handling chemical products for soil and plants; harvest crop,2019,4403.629,2022,1727.973,-0.607602502390642,2019,4808.743,2019,4808.743,0,FALSE
KEN,Kenya,92,"Agricultural, forestry and fishery labourers",921,"Agricultural, forestry and fishery labourers",9215,Forestry labourers,1,0.11374943663873564,0,0,act with a high level of safety awareness; assist forest survey crew; assist tree identification; build fences; carry out aerial tree rigging; climb trees; control tree diseases; de-limb trees; execute disease and pest control activities; maintain forestry equipment,2019,4403.629,2022,1727.973,-0.607602502390642,2019,4808.743,2019,4808.743,0,FALSE
KEN,Kenya,92,"Agricultural, forestry and fishery labourers",921,"Agricultural, forestry and fishery labourers",9216,Fishery and aquaculture labourers,4,0.11374943663873564,0.012195121951219513,0,collect dead fish; collect live fish; rope manipulation; assess cage water quality; carry out fish transportation; carry out preparations for fish disease specialist; collect aquatic resources; collect biological data; collect fish samples for diagnosis; collect growth rate information,2019,4403.629,2022,1727.973,-0.607602502390642,2019,4808.743,2019,4808.743,0,FALSE
KEN,Kenya,93,"Labourers in mining, construction, manufacturing and transport",931,Mining and construction labourers,9311,Mining and quarrying labourers,1,0.06154909317443304,0,0,address problems critically; clean waste materials from machines; conduct inter-shift communication; dispose of non-hazardous waste; excavation techniques; handle mining plant waste; maintain records of mining operations; perform minor repairs to equipment; troubleshoot; work ergonomically,2019,553.631,2022,761.616,0.3756744112956103,2019,4808.743,2019,4808.743,0,TRUE
KEN,Kenya,93,"Labourers in mining, construction, manufacturing and transport",931,Mining and construction labourers,9312,Civil engineering labourers,7,0.06154909317443304,0.01098901098901099,0,follow health and safety procedures in construction; inspect construction supplies; use safety equipment in construction; work ergonomically; inspect asphalt; inspect construction sites; perform drainage work; road traffic laws; transport construction supplies; work in a construction team,2019,553.631,2022,761.616,0.3756744112956103,2019,4808.743,2019,4808.743,0,FALSE
KEN,Kenya,93,"Labourers in mining, construction, manufacturing and transport",931,Mining and construction labourers,9313,Building construction labourers,1,0.06154909317443304,0,0,apply finish to concrete; check compatibility of materials; dig soil mechanically; discharge cement; follow health and safety procedures in construction; inspect construction supplies; inspect masonry work; install construction profiles; install wood elements in structures; mix concrete,2019,553.631,2022,761.616,0.3756744112956103,2019,4808.743,2019,4808.743,0,FALSE
KEN,Kenya,93,"Labourers in mining, construction, manufacturing and transport",932,Manufacturing labourers,9321,Hand packers,2,0.01136363636363635,0,0,pack goods; clothing industry; clothing sizes; comply with checklists; decorate textile articles; ensure correct goods labelling; follow written instructions; lift heavy weights; manufacture wearing apparel products; packaging processes,2019,553.631,2022,761.616,0.3756744112956103,2019,4808.743,2019,4808.743,0,FALSE
KEN,Kenya,93,"Labourers in mining, construction, manufacturing and transport",932,Manufacturing labourers,9329,Manufacturing labourers not elsewhere classified,2,0.01136363636363635,0,0,clean equipment; wear appropriate protective gear; apply health and safety standards; calculate materials to build equipment; clean building floors; clean surfaces; cleaning products; cleaning techniques; ensure integrity of hull; ensure vessel compliance with regulations,2019,553.631,2022,761.616,0.3756744112956103,2019,4808.743,2019,4808.743,0,FALSE
KEN,Kenya,93,"Labourers in mining, construction, manufacturing and transport",933,Transport and storage labourers,9331,Hand and pedal vehicle drivers,1,0.03497142687534712,0,0,act reliably; analyse travel alternatives; communicate with customers; differentiate types of packages; drive two-wheeled vehicles; ensure the integrity of mail; geographic areas; interpret traffic signals; obey traffic rules; road traffic laws,2019,553.631,2022,761.616,0.3756744112956103,2019,4808.743,2019,4808.743,0,FALSE
KEN,Kenya,93,"Labourers in mining, construction, manufacturing and transport",933,Transport and storage labourers,9332,Drivers of animal-drawn vehicles and machinery,1,0.03497142687534712,0,0,animal behaviour; assist passengers; communicate with customers; drive carriage; ensure passenger comfort; focus on passengers; harness horses to carriage; obey traffic rules; road traffic laws; tolerate sitting for long periods,2019,553.631,2022,761.616,0.3756744112956103,2019,4808.743,2019,4808.743,0,FALSE
KEN,Kenya,93,"Labourers in mining, construction, manufacturing and transport",933,Transport and storage labourers,9333,Freight handlers,9,0.03497142687534712,0.06030408648055707,0,stack goods; lift heavy weights; apply techniques for stacking goods into containers; dispatch order processing; implement efficiency plans for logistics operations; maintain physical condition of warehouse; maintain stock control systems; manage warehouse inventory; operate forklift; operate warehouse record systems,2019,553.631,2022,761.616,0.3756744112956103,2019,4808.743,2019,4808.743,0,FALSE
KEN,Kenya,93,"Labourers in mining, construction, manufacturing and transport",933,Transport and storage labourers,9334,Shelf fillers,1,0.03497142687534712,0,0,assess shelf life of food products; change shelf labels; check price accuracy on the shelf; comply with food safety and hygiene; ensure stock storage safety; examine merchandise; monitor stock level; stock shelves,2019,553.631,2022,761.616,0.3756744112956103,2019,4808.743,2019,4808.743,0,FALSE
KEN,Kenya,94,Food preparation assistants,941,Food preparation assistants,9411,Fast food preparers,2,0.0161290322580645,0,0,"comply with food safety and hygiene; use cooking techniques; check deliveries on receipt; clean surfaces; ensure cleanliness of food preparation area; execute opening and closing procedures; greet guests; handover the food preparation area; health, safety and hygiene legislation; maintain a safe, hygienic and secure working environment",NA,NA,NA,NA,NA,2019,4808.743,2019,4808.743,0,TRUE
KEN,Kenya,94,Food preparation assistants,941,Food preparation assistants,9412,Kitchen helpers,2,0.0161290322580645,0,0,"carry out stock rotation; clean kitchen equipment; clean surfaces; comply with food safety and hygiene; ensure cleanliness of food preparation area; handle chemical cleaning agents; handover the food preparation area; maintain a safe, hygienic and secure working environment; work in a hospitality team; comply with standard portion sizes",NA,NA,NA,NA,NA,2019,4808.743,2019,4808.743,0,FALSE
KEN,Kenya,95,Street and related sales and service workers,951,Street and related service workers,9510,Street and related service workers,1,0,0,0,deliver leaflets; demonstrate professional attitude to clients; distribute local information materials; geographic areas; hand out flyers; work in outdoor conditions,NA,NA,NA,NA,NA,2019,4808.743,2019,4808.743,0,TRUE
KEN,Kenya,95,Street and related sales and service workers,952,Street vendors (excluding food),9520,Street vendors (excluding food),1,0.0178571428571428,0,0,adapt to different weather conditions; apply health and safety standards; assist customers; carry out active selling; consumer protection; demonstrate products' features; ensure client orientation; ensure product preparation; guarantee customer satisfaction; maintain work area cleanliness,NA,NA,NA,NA,NA,2019,4808.743,2019,4808.743,0,FALSE
KEN,Kenya,96,Refuse workers and other elementary workers,961,Refuse workers,9611,Garbage and recycling collectors,1,0.514503017964927,0,0,"assess waste type; collect domestic waste; collect industrial waste; health, safety and hygiene legislation; maintain refuse collection equipment; maintain waste collection records; manage waste; waste and scrap products; waste management",NA,NA,NA,NA,NA,2019,4808.743,2019,4808.743,0,TRUE
KEN,Kenya,96,Refuse workers and other elementary workers,961,Refuse workers,9612,Refuse sorters,2,0.514503017964927,0,0,"assess waste type; handle chemical cleaning agents; health, safety and hygiene legislation; manage waste; operate recycling processing equipment; waste and scrap products; waste management; collect broken appliances; communicate with waste collectors; dismantle broken appliances",NA,NA,NA,NA,NA,2019,4808.743,2019,4808.743,0,FALSE
KEN,Kenya,96,Refuse workers and other elementary workers,961,Refuse workers,9613,Sweepers and related labourers,1,0.514503017964927,0,0,carry out pressure washing activities; clean equipment; clean public areas; clean public furniture; cleaning industry health and safety measures; cleaning techniques; clear out drains; discharge of collected waste; disinfect surfaces; empty community waste collection bins,NA,NA,NA,NA,NA,2019,4808.743,2019,4808.743,0,FALSE
KEN,Kenya,96,Refuse workers and other elementary workers,962,Other elementary workers,9621,"Messengers, package deliverers and luggage porters",2,0.02091343783890361,0,0,assist clients with special needs; comply with food safety and hygiene; greet guests; maintain customer service; detect drug abuse; handle delivered packages; handle guest luggage; park guest's vehicle; screen clients,NA,NA,NA,NA,NA,2019,4808.743,2019,4808.743,0,FALSE
KEN,Kenya,96,Refuse workers and other elementary workers,962,Other elementary workers,9622,Odd job persons,1,0.02091343783890361,0.05263157894736842,0,building construction principles; calculate costs of repair operations; carpentry; domestic heating systems; electrical wiring plans; electricity; energy conservation; fire safety regulations; maintain customer service; maintain records of maintenance interventions,NA,NA,NA,NA,NA,2019,4808.743,2019,4808.743,0,FALSE
KEN,Kenya,96,Refuse workers and other elementary workers,962,Other elementary workers,9623,Meter readers and vending-machine collectors,2,0.02091343783890361,0.04545454545454546,0,adjust temperature gauges; carry out stock rotation; change shelf labels; company policies; ensure public safety and security; examine meters in connections; food hygiene rules; geographical routes; identify faults in utility meters; interpret traffic signals,NA,NA,NA,NA,NA,2019,4808.743,2019,4808.743,0,FALSE
KEN,Kenya,96,Refuse workers and other elementary workers,962,Other elementary workers,9629,Elementary workers not elsewhere classified,7,0.02091343783890361,0,0,maintain customer service; communicate with customers; greet guests; amusement park emergency procedures; manage lost and found articles; monitor amusement park safety; allocate locker space; allocate numbers to clients' belongings; announce amusement park attractions; apply company policies,NA,NA,NA,NA,NA,2019,4808.743,2019,4808.743,0,FALSE
